transaction_id,customer_id,amount,payment_method,bank,failure_reason,retry_count,previous_transactions,previous_successful_transactions,risk_score,recovered
pay_000000,cust_00861,1923.81,upi,ICICI,temporary_bank_failure,1,1,0,0.49,0
pay_000001,cust_01295,375.62,card,KOTAK,temporary_bank_failure,2,15,5,0.065,0
pay_000002,cust_01131,4235.9,card,SBI,network_error,0,3,3,0.263,0
pay_000003,cust_01096,1426.87,card,AXIS,gateway_timeout,0,13,11,0.308,1
pay_000004,cust_01639,371.75,netbanking,ICICI,bank_timeout,1,15,14,0.234,0
pay_000005,cust_02170,702.42,netbanking,KOTAK,gateway_timeout,2,14,3,0.289,1
pay_000006,cust_00467,3629.06,upi,HDFC,temporary_bank_failure,1,1,1,0.278,1
pay_000007,cust_01239,6575.08,card,AXIS,temporary_bank_failure,1,12,11,0.137,0
pay_000008,cust_00331,1837.83,netbanking,ICICI,expired_card,2,16,6,0.094,1
pay_000009,cust_01483,824.16,upi,ICICI,invalid_card,2,19,4,0.127,0
pay_000010,cust_02136,580.22,card,AXIS,temporary_bank_failure,2,9,2,0.103,1
pay_000011,cust_02920,5606.55,card,AXIS,network_error,1,14,4,0.269,0
pay_000012,cust_00131,2590.42,upi,ICICI,insufficient_funds,1,16,16,0.18,1
pay_000013,cust_01686,1388.37,upi,KOTAK,invalid_card,2,7,5,0.101,1
pay_000014,cust_00770,1147.55,wallet,HDFC,expired_card,2,1,1,0.506,1
pay_000015,cust_02392,3094.75,netbanking,KOTAK,bank_timeout,1,0,0,0.417,1
pay_000016,cust_01516,3027.39,card,SBI,insufficient_funds,2,4,4,0.06,0
pay_000017,cust_02854,882.48,upi,SBI,card_blocked,0,2,2,0.386,0
pay_000018,cust_02434,724.95,card,SBI,temporary_bank_failure,2,10,2,0.305,1
pay_000019,cust_01216,754.82,upi,ICICI,gateway_timeout,0,15,0,0.214,0
pay_000020,cust_00956,1243.17,upi,HDFC,temporary_bank_failure,0,8,8,0.006,1
pay_000021,cust_02325,1041.24,upi,HDFC,insufficient_funds,1,3,3,0.216,0
pay_000022,cust_01185,6597.68,netbanking,ICICI,network_error,1,8,8,0.153,0
pay_000023,cust_00460,1208.31,upi,ICICI,network_error,1,13,8,0.119,0
pay_000024,cust_00022,665.32,netbanking,ICICI,expired_card,2,9,9,0.234,0
pay_000025,cust_02301,695.9,card,HDFC,bank_timeout,1,15,14,0.174,0
pay_000026,cust_00748,1560.6,card,ICICI,card_blocked,2,8,8,0.348,0
pay_000027,cust_02905,420.86,upi,AXIS,temporary_bank_failure,1,2,2,0.05,1
pay_000028,cust_00475,1723.14,wallet,AXIS,insufficient_funds,0,0,0,0.048,0
pay_000029,cust_01083,620.81,card,AXIS,temporary_bank_failure,1,19,0,0.359,1
pay_000030,cust_02559,4568.26,card,ICICI,insufficient_funds,0,10,7,0.337,0
pay_000031,cust_02048,1984.75,card,AXIS,account_closed,2,19,11,0.229,0
pay_000032,cust_02748,9865.7,upi,ICICI,bank_timeout,1,19,18,0.354,0
pay_000033,cust_00976,1506.34,netbanking,AXIS,account_closed,1,0,0,0.133,0
pay_000034,cust_01807,147.61,upi,ICICI,insufficient_funds,0,4,4,0.158,0
pay_000035,cust_00190,5803.09,wallet,KOTAK,expired_card,1,8,8,0.179,0
pay_000036,cust_02735,2701.44,upi,SBI,bank_timeout,2,2,2,0.226,0
pay_000037,cust_00563,3058.03,card,KOTAK,invalid_card,0,11,2,0.134,0
pay_000038,cust_01900,810.73,upi,SBI,bank_timeout,2,17,9,0.125,0
pay_000039,cust_01268,1747.12,upi,SBI,card_blocked,2,1,0,0.312,0
pay_000040,cust_02880,2098.9,wallet,AXIS,invalid_card,0,9,5,0.336,1
pay_000041,cust_01529,1494.79,card,SBI,insufficient_funds,2,6,4,0.287,0
pay_000042,cust_00647,451.47,card,SBI,card_blocked,1,17,14,0.088,0
pay_000043,cust_02069,16563.45,card,KOTAK,network_error,2,15,15,0.141,0
pay_000044,cust_02889,3528.62,upi,SBI,card_blocked,1,12,3,0.28,0
pay_000045,cust_02215,2531.25,card,ICICI,expired_card,0,0,0,0.064,0
pay_000046,cust_01298,5172.48,upi,ICICI,bank_timeout,1,6,6,0.055,0
pay_000047,cust_02436,3027.08,netbanking,AXIS,insufficient_funds,2,10,3,0.152,0
pay_000048,cust_00601,1051.78,card,KOTAK,expired_card,1,5,5,0.22,0
pay_000049,cust_02364,4913.91,upi,HDFC,insufficient_funds,2,4,4,0.185,0
pay_000050,cust_02062,3575.19,netbanking,KOTAK,gateway_timeout,1,9,3,0.171,0
pay_000051,cust_00242,1084.17,upi,HDFC,network_error,0,2,2,0.126,0
pay_000052,cust_02042,3401.64,card,SBI,network_error,0,14,8,0.184,1
pay_000053,cust_02825,1491.51,card,HDFC,card_blocked,1,11,1,0.296,0
pay_000054,cust_02613,2136.2,upi,SBI,network_error,0,4,4,0.196,1
pay_000055,cust_02946,2921.11,card,KOTAK,card_blocked,1,13,13,0.507,0
pay_000056,cust_01364,5403.48,upi,KOTAK,network_error,2,11,11,0.197,1
pay_000057,cust_02140,1078.37,wallet,AXIS,gateway_timeout,1,10,10,0.386,1
pay_000058,cust_01391,2421.08,upi,AXIS,bank_timeout,2,12,12,0.065,0
pay_000059,cust_01479,9068.67,card,SBI,account_closed,1,9,9,0.342,0
pay_000060,cust_02557,1570.52,card,SBI,bank_timeout,2,9,9,0.081,1
pay_000061,cust_00776,2115.92,netbanking,ICICI,temporary_bank_failure,0,13,10,0.099,1
pay_000062,cust_00035,9057.83,netbanking,ICICI,account_closed,1,19,12,0.252,0
pay_000063,cust_02254,3010.86,upi,ICICI,invalid_card,0,15,9,0.081,1
pay_000064,cust_01956,556.03,card,KOTAK,account_closed,0,11,6,0.296,0
pay_000065,cust_01586,956.82,upi,HDFC,card_blocked,2,17,0,0.102,0
pay_000066,cust_01022,3139.01,card,SBI,card_blocked,0,3,3,0.05,0
pay_000067,cust_02614,2536.15,card,AXIS,invalid_card,2,9,3,0.087,0
pay_000068,cust_01130,2059.18,card,SBI,insufficient_funds,0,0,0,0.466,1
pay_000069,cust_01501,10188.14,card,HDFC,insufficient_funds,0,17,17,0.2,1
pay_000070,cust_00703,1103.24,card,SBI,bank_timeout,1,14,14,0.129,1
pay_000071,cust_02450,1703.55,card,AXIS,expired_card,1,16,14,0.174,0
pay_000072,cust_02778,375.97,card,AXIS,network_error,2,0,0,0.248,1
pay_000073,cust_01580,4575.76,upi,HDFC,account_closed,0,13,6,0.117,0
pay_000074,cust_00162,954.24,upi,AXIS,insufficient_funds,0,11,0,0.45,1
pay_000075,cust_00202,4212.07,card,KOTAK,card_blocked,1,10,0,0.629,0
pay_000076,cust_01982,3872.38,netbanking,AXIS,network_error,2,19,0,0.148,0
pay_000077,cust_00996,11840.48,card,HDFC,expired_card,1,18,18,0.4,0
pay_000078,cust_02318,3039.42,card,HDFC,insufficient_funds,0,3,3,0.123,0
pay_000079,cust_00816,1359.85,card,SBI,card_blocked,2,16,14,0.253,0
pay_000080,cust_00456,2599.04,upi,AXIS,network_error,0,17,12,0.273,1
pay_000081,cust_01276,984.96,card,AXIS,bank_timeout,1,3,3,0.128,1
pay_000082,cust_01017,2333.98,card,HDFC,insufficient_funds,2,0,0,0.194,0
pay_000083,cust_02344,1539.6,upi,SBI,insufficient_funds,1,5,5,0.418,0
pay_000084,cust_02768,1709.11,upi,SBI,temporary_bank_failure,0,6,6,0.64,0
pay_000085,cust_00338,881.22,upi,KOTAK,card_blocked,0,0,0,0.09,0
pay_000086,cust_00879,2299.29,upi,KOTAK,bank_timeout,1,5,5,0.196,0
pay_000087,cust_01077,3496.03,wallet,HDFC,insufficient_funds,0,2,2,0.242,1
pay_000088,cust_00792,482.18,card,SBI,network_error,1,15,10,0.22,0
pay_000089,cust_02265,1042.24,card,SBI,bank_timeout,1,1,1,0.16,1
pay_000090,cust_00764,2068.21,wallet,KOTAK,card_blocked,2,1,1,0.095,0
pay_000091,cust_02236,276.48,upi,KOTAK,insufficient_funds,0,10,2,0.095,0
pay_000092,cust_00380,7275.09,upi,HDFC,account_closed,0,19,11,0.257,0
pay_000093,cust_00493,1023.63,card,SBI,account_closed,1,10,10,0.083,0
pay_000094,cust_01181,853.66,card,HDFC,account_closed,2,7,7,0.241,0
pay_000095,cust_02063,1531.69,card,KOTAK,insufficient_funds,1,18,6,0.142,1
pay_000096,cust_00065,2018.07,card,AXIS,account_closed,0,14,9,0.143,0
pay_000097,cust_02569,987.15,card,KOTAK,temporary_bank_failure,2,19,15,0.267,0
pay_000098,cust_01368,3961.31,card,SBI,gateway_timeout,2,13,13,0.187,1
pay_000099,cust_01153,2489.32,upi,HDFC,network_error,1,17,14,0.123,1
pay_000100,cust_02028,925.38,card,SBI,gateway_timeout,1,19,12,0.373,1
pay_000101,cust_02696,1190.44,card,KOTAK,card_blocked,2,4,3,0.193,0
pay_000102,cust_01496,537.31,card,KOTAK,insufficient_funds,0,1,1,0.303,1
pay_000103,cust_01163,663.37,card,ICICI,account_closed,0,1,1,0.291,0
pay_000104,cust_01523,2465.32,card,KOTAK,network_error,2,1,1,0.075,1
pay_000105,cust_02641,933.1,card,SBI,card_blocked,1,1,0,0.135,0
pay_000106,cust_00392,7657.4,card,HDFC,bank_timeout,1,8,8,0.334,1
pay_000107,cust_01699,1913.59,upi,HDFC,card_blocked,0,11,2,0.04,0
pay_000108,cust_00419,612.62,card,ICICI,account_closed,0,19,13,0.172,0
pay_000109,cust_02337,724.38,upi,SBI,bank_timeout,2,17,10,0.149,0
pay_000110,cust_00379,4198.05,netbanking,KOTAK,insufficient_funds,0,2,2,0.179,0
pay_000111,cust_01797,1700.69,upi,AXIS,invalid_card,0,18,1,0.083,0
pay_000112,cust_02279,3998.19,card,HDFC,gateway_timeout,1,15,8,0.35,1
pay_000113,cust_02089,1348.58,card,SBI,bank_timeout,1,10,10,0.109,1
pay_000114,cust_02183,1154.95,upi,ICICI,account_closed,0,14,14,0.269,0
pay_000115,cust_00201,4427.36,wallet,AXIS,insufficient_funds,1,10,10,0.114,0
pay_000116,cust_01864,909.72,wallet,SBI,network_error,1,9,9,0.179,0
pay_000117,cust_00780,2673.77,card,KOTAK,bank_timeout,1,18,9,0.243,1
pay_000118,cust_02978,1526.26,upi,HDFC,expired_card,0,4,4,0.116,1
pay_000119,cust_00503,3651.81,netbanking,KOTAK,bank_timeout,1,13,10,0.09,1
pay_000120,cust_02455,7744.88,netbanking,ICICI,invalid_card,0,8,6,0.284,0
pay_000121,cust_01752,1321.15,upi,HDFC,invalid_card,0,5,0,0.109,0
pay_000122,cust_00805,1167.11,card,AXIS,temporary_bank_failure,2,0,0,0.205,0
pay_000123,cust_02147,3079.88,card,HDFC,insufficient_funds,2,11,2,0.005,0
pay_000124,cust_02732,760.82,upi,KOTAK,expired_card,2,13,13,0.273,0
pay_000125,cust_01896,6589.1,upi,SBI,card_blocked,0,3,3,0.244,0
pay_000126,cust_02774,5749.21,wallet,SBI,insufficient_funds,2,14,3,0.115,0
pay_000127,cust_01571,812.98,netbanking,SBI,card_blocked,1,16,4,0.052,0
pay_000128,cust_00961,509.54,card,ICICI,temporary_bank_failure,2,19,14,0.158,0
pay_000129,cust_02661,714.47,upi,ICICI,insufficient_funds,0,11,10,0.171,0
pay_000130,cust_01486,723.21,card,SBI,bank_timeout,1,0,0,0.27,0
pay_000131,cust_02691,3433.75,upi,AXIS,insufficient_funds,1,12,7,0.102,1
pay_000132,cust_01029,6243.75,upi,KOTAK,insufficient_funds,1,9,9,0.39,0
pay_000133,cust_00503,3401.94,card,AXIS,account_closed,2,3,3,0.61,0
pay_000134,cust_02815,1496.74,card,SBI,card_blocked,2,5,5,0.009,0
pay_000135,cust_00398,2377.96,card,KOTAK,card_blocked,2,8,8,0.136,0
pay_000136,cust_00871,901.61,card,ICICI,network_error,2,17,13,0.227,0
pay_000137,cust_02843,4349.28,netbanking,HDFC,temporary_bank_failure,1,1,1,0.127,1
pay_000138,cust_00393,2554.53,card,HDFC,temporary_bank_failure,0,5,0,0.148,0
pay_000139,cust_00207,3356.18,card,KOTAK,network_error,2,10,8,0.051,0
pay_000140,cust_01039,1010.27,card,AXIS,network_error,0,12,7,0.19,1
pay_000141,cust_01882,1579.91,netbanking,KOTAK,insufficient_funds,1,5,5,0.12,0
pay_000142,cust_02940,3229.42,card,AXIS,account_closed,0,11,2,0.382,0
pay_000143,cust_01485,5737.68,card,AXIS,insufficient_funds,0,18,2,0.23,0
pay_000144,cust_00864,1111.56,upi,HDFC,account_closed,2,17,1,0.099,0
pay_000145,cust_02791,3375.71,card,ICICI,card_blocked,2,18,3,0.226,0
pay_000146,cust_00564,1022.84,card,SBI,gateway_timeout,1,11,8,0.355,0
pay_000147,cust_01021,9835.51,upi,ICICI,account_closed,2,19,14,0.098,0
pay_000148,cust_00096,1297.43,card,SBI,bank_timeout,0,12,12,0.07,1
pay_000149,cust_01924,3025.42,netbanking,HDFC,insufficient_funds,0,19,16,0.194,0
pay_000150,cust_01758,2064.18,upi,SBI,temporary_bank_failure,0,3,3,0.318,1
pay_000151,cust_02533,14533.95,upi,AXIS,network_error,0,5,0,0.093,0
pay_000152,cust_02279,2173.12,card,KOTAK,gateway_timeout,2,12,5,0.132,0
pay_000153,cust_02797,1197.46,netbanking,SBI,gateway_timeout,1,9,9,0.182,1
pay_000154,cust_01679,3015.75,upi,ICICI,invalid_card,2,2,2,0.084,1
pay_000155,cust_00541,2962.51,card,HDFC,account_closed,0,8,2,0.084,0
pay_000156,cust_01060,1594.04,card,HDFC,expired_card,1,14,14,0.071,1
pay_000157,cust_02573,753.09,upi,KOTAK,expired_card,1,4,0,0.213,0
pay_000158,cust_01184,1185.12,upi,AXIS,bank_timeout,0,8,3,0.199,1
pay_000159,cust_01723,3659.93,netbanking,AXIS,insufficient_funds,0,14,14,0.249,1
pay_000160,cust_01820,446.77,upi,HDFC,temporary_bank_failure,2,12,5,0.098,1
pay_000161,cust_02626,1482.62,upi,AXIS,temporary_bank_failure,1,2,2,0.116,1
pay_000162,cust_02730,4007.37,card,KOTAK,bank_timeout,1,18,6,0.334,0
pay_000163,cust_02605,1677.74,upi,HDFC,expired_card,2,1,1,0.082,0
pay_000164,cust_01598,10290.41,wallet,AXIS,insufficient_funds,0,17,0,0.177,0
pay_000165,cust_02694,447.77,upi,SBI,network_error,1,13,13,0.076,0
pay_000166,cust_00796,837.91,card,SBI,network_error,2,12,12,0.018,1
pay_000167,cust_01052,283.81,card,AXIS,invalid_card,1,7,3,0.134,0
pay_000168,cust_01644,8910.2,card,SBI,invalid_card,2,9,9,0.439,1
pay_000169,cust_01364,848.96,upi,KOTAK,insufficient_funds,1,1,1,0.161,1
pay_000170,cust_01982,368.88,netbanking,ICICI,bank_timeout,0,9,9,0.178,1
pay_000171,cust_01355,1108.17,card,KOTAK,bank_timeout,0,1,1,0.229,1
pay_000172,cust_01664,593.33,card,KOTAK,temporary_bank_failure,1,3,3,0.319,1
pay_000173,cust_01530,1114.51,upi,AXIS,invalid_card,1,8,8,0.167,0
pay_000174,cust_02039,1868.67,netbanking,KOTAK,insufficient_funds,1,9,7,0.116,0
pay_000175,cust_01497,3442.44,card,AXIS,expired_card,2,3,3,0.394,1
pay_000176,cust_02238,1572.25,card,HDFC,insufficient_funds,0,2,2,0.134,0
pay_000177,cust_01409,1845.0,card,AXIS,invalid_card,2,6,6,0.187,0
pay_000178,cust_01401,1135.38,upi,AXIS,insufficient_funds,0,15,15,0.251,1
pay_000179,cust_01307,539.5,netbanking,HDFC,bank_timeout,0,4,4,0.133,1
pay_000180,cust_02681,412.72,card,ICICI,bank_timeout,2,12,12,0.206,0
pay_000181,cust_02676,1350.74,upi,HDFC,account_closed,0,9,7,0.247,0
pay_000182,cust_00973,1934.71,upi,AXIS,insufficient_funds,0,1,1,0.163,0
pay_000183,cust_01769,1272.97,upi,SBI,temporary_bank_failure,1,15,3,0.167,0
pay_000184,cust_01283,425.19,card,AXIS,invalid_card,2,19,8,0.33,0
pay_000185,cust_00710,2124.14,netbanking,HDFC,bank_timeout,2,0,0,0.326,0
pay_000186,cust_01480,6657.13,upi,AXIS,expired_card,0,5,5,0.272,1
pay_000187,cust_01435,1649.59,upi,HDFC,card_blocked,2,18,3,0.079,0
pay_000188,cust_00649,1137.26,upi,KOTAK,network_error,0,0,0,0.326,1
pay_000189,cust_00318,1722.63,wallet,ICICI,bank_timeout,0,4,4,0.139,1
pay_000190,cust_01258,747.32,upi,ICICI,insufficient_funds,2,11,5,0.169,0
pay_000191,cust_00684,709.73,card,HDFC,expired_card,0,16,9,0.202,0
pay_000192,cust_00664,2594.45,card,ICICI,bank_timeout,1,18,1,0.15,0
pay_000193,cust_01999,3992.84,card,SBI,insufficient_funds,2,7,7,0.236,0
pay_000194,cust_01632,1607.32,card,SBI,bank_timeout,2,9,9,0.133,0
pay_000195,cust_01496,372.78,wallet,ICICI,network_error,0,2,2,0.313,1
pay_000196,cust_01137,2398.69,netbanking,HDFC,expired_card,2,8,8,0.303,1
pay_000197,cust_01854,9451.28,card,SBI,invalid_card,2,6,4,0.182,0
pay_000198,cust_01521,1487.54,card,ICICI,expired_card,1,5,0,0.232,0
pay_000199,cust_02490,1568.26,card,AXIS,bank_timeout,1,14,9,0.189,1
pay_000200,cust_00564,899.55,netbanking,SBI,invalid_card,2,12,1,0.207,0
pay_000201,cust_01292,2657.35,card,KOTAK,gateway_timeout,0,13,13,0.126,1
pay_000202,cust_01637,1057.02,upi,SBI,insufficient_funds,1,4,4,0.145,1
pay_000203,cust_00699,4093.69,netbanking,ICICI,gateway_timeout,1,1,1,0.126,1
pay_000204,cust_02161,1068.42,card,ICICI,account_closed,1,6,6,0.2,0
pay_000205,cust_00002,2376.62,netbanking,ICICI,expired_card,0,0,0,0.113,1
pay_000206,cust_00642,1742.24,card,HDFC,insufficient_funds,2,15,6,0.107,0
pay_000207,cust_02268,6273.5,upi,HDFC,account_closed,2,6,6,0.055,0
pay_000208,cust_01590,2508.86,card,AXIS,invalid_card,1,14,11,0.264,1
pay_000209,cust_00855,5484.09,card,AXIS,bank_timeout,2,5,1,0.119,1
pay_000210,cust_01760,1972.19,wallet,SBI,insufficient_funds,1,19,4,0.216,0
pay_000211,cust_02433,1577.2,upi,ICICI,bank_timeout,1,18,14,0.121,0
pay_000212,cust_01662,1753.64,card,AXIS,temporary_bank_failure,0,8,8,0.594,1
pay_000213,cust_01154,975.42,card,ICICI,invalid_card,0,5,1,0.159,0
pay_000214,cust_01077,2766.49,card,SBI,card_blocked,1,16,14,0.128,0
pay_000215,cust_01708,1040.77,upi,HDFC,network_error,0,4,4,0.123,1
pay_000216,cust_02778,1978.26,card,AXIS,bank_timeout,0,14,4,0.087,0
pay_000217,cust_01696,3583.74,netbanking,KOTAK,gateway_timeout,0,6,6,0.19,1
pay_000218,cust_01734,6417.85,card,KOTAK,temporary_bank_failure,2,13,7,0.316,0
pay_000219,cust_01440,2059.64,card,KOTAK,expired_card,2,19,6,0.016,0
pay_000220,cust_02295,3601.0,upi,KOTAK,insufficient_funds,0,17,2,0.212,1
pay_000221,cust_00836,3273.16,upi,KOTAK,gateway_timeout,2,16,7,0.268,1
pay_000222,cust_00203,1331.55,netbanking,KOTAK,network_error,1,17,4,0.087,0
pay_000223,cust_00123,9761.9,upi,KOTAK,account_closed,1,1,1,0.15,0
pay_000224,cust_00401,1140.25,card,AXIS,network_error,0,17,1,0.355,1
pay_000225,cust_00767,1944.57,upi,KOTAK,bank_timeout,0,13,9,0.111,1
pay_000226,cust_00294,5786.57,card,KOTAK,insufficient_funds,2,3,3,0.04,0
pay_000227,cust_02328,5673.53,card,SBI,temporary_bank_failure,0,6,6,0.023,1
pay_000228,cust_02932,1828.88,card,AXIS,expired_card,0,6,5,0.208,0
pay_000229,cust_00198,3993.14,upi,SBI,bank_timeout,1,0,0,0.163,0
pay_000230,cust_01931,1511.45,card,ICICI,card_blocked,1,7,7,0.36,0
pay_000231,cust_02800,1222.99,card,KOTAK,network_error,2,19,18,0.116,1
pay_000232,cust_02192,685.24,card,HDFC,temporary_bank_failure,2,9,9,0.168,0
pay_000233,cust_00609,3226.34,card,KOTAK,insufficient_funds,2,8,1,0.289,0
pay_000234,cust_01148,3510.02,card,KOTAK,account_closed,0,6,4,0.058,0
pay_000235,cust_00187,1147.9,card,SBI,expired_card,0,2,2,0.121,0
pay_000236,cust_02512,2240.56,card,ICICI,bank_timeout,0,11,0,0.37,0
pay_000237,cust_01795,15074.97,card,SBI,gateway_timeout,0,2,2,0.363,0
pay_000238,cust_00660,4524.88,card,AXIS,insufficient_funds,1,4,4,0.161,1
pay_000239,cust_02812,879.02,netbanking,ICICI,expired_card,2,6,6,0.495,0
pay_000240,cust_01956,4028.9,upi,ICICI,insufficient_funds,2,11,2,0.28,0
pay_000241,cust_02451,882.28,upi,ICICI,insufficient_funds,1,16,5,0.026,1
pay_000242,cust_01370,178.36,netbanking,SBI,invalid_card,1,13,12,0.166,0
pay_000243,cust_01987,1778.76,card,KOTAK,gateway_timeout,0,2,2,0.47,1
pay_000244,cust_01535,6314.23,card,KOTAK,card_blocked,2,0,0,0.083,0
pay_000245,cust_00147,5530.08,netbanking,KOTAK,card_blocked,2,17,17,0.112,0
pay_000246,cust_02912,2444.97,upi,KOTAK,expired_card,1,13,4,0.373,0
pay_000247,cust_01735,1172.18,wallet,KOTAK,account_closed,2,12,5,0.172,0
pay_000248,cust_01844,2668.2,netbanking,AXIS,gateway_timeout,1,11,1,0.09,1
pay_000249,cust_00489,1457.78,card,HDFC,insufficient_funds,2,4,4,0.102,0
pay_000250,cust_02977,1198.8,wallet,ICICI,temporary_bank_failure,1,2,2,0.12,0
pay_000251,cust_01960,4228.5,netbanking,HDFC,account_closed,0,13,9,0.115,0
pay_000252,cust_01664,1186.98,card,AXIS,insufficient_funds,2,6,6,0.251,0
pay_000253,cust_02599,4455.03,wallet,KOTAK,insufficient_funds,0,6,6,0.383,0
pay_000254,cust_02386,1125.8,card,AXIS,account_closed,1,16,1,0.606,0
pay_000255,cust_02920,9384.3,upi,AXIS,invalid_card,2,5,5,0.151,0
pay_000256,cust_00641,486.62,card,HDFC,temporary_bank_failure,2,14,1,0.285,1
pay_000257,cust_01803,840.99,card,ICICI,bank_timeout,0,18,1,0.248,0
pay_000258,cust_02521,1596.72,upi,SBI,network_error,0,14,12,0.166,1
pay_000259,cust_01970,369.73,card,SBI,temporary_bank_failure,1,6,3,0.024,1
pay_000260,cust_02199,231.18,upi,ICICI,temporary_bank_failure,0,4,4,0.085,1
pay_000261,cust_01439,372.29,upi,KOTAK,bank_timeout,2,14,13,0.149,0
pay_000262,cust_01635,1431.29,card,AXIS,gateway_timeout,2,19,19,0.211,1
pay_000263,cust_00263,1460.64,card,KOTAK,bank_timeout,2,12,4,0.359,0
pay_000264,cust_01788,2359.96,upi,AXIS,network_error,2,6,0,0.118,1
pay_000265,cust_02192,1544.41,netbanking,SBI,invalid_card,0,12,0,0.078,0
pay_000266,cust_02394,2297.58,upi,ICICI,insufficient_funds,0,12,12,0.05,0
pay_000267,cust_00624,1261.21,upi,HDFC,gateway_timeout,1,12,5,0.433,1
pay_000268,cust_01017,3203.03,upi,HDFC,network_error,0,7,7,0.118,1
pay_000269,cust_00881,2908.66,card,ICICI,account_closed,1,4,4,0.105,0
pay_000270,cust_02050,1392.21,upi,SBI,account_closed,0,3,0,0.235,0
pay_000271,cust_02945,2769.46,wallet,AXIS,insufficient_funds,0,16,11,0.036,0
pay_000272,cust_01328,1552.28,upi,HDFC,card_blocked,2,19,19,0.087,0
pay_000273,cust_02302,534.93,card,SBI,insufficient_funds,0,13,13,0.232,0
pay_000274,cust_00453,3727.89,upi,ICICI,bank_timeout,1,10,1,0.167,1
pay_000275,cust_01184,875.28,upi,KOTAK,bank_timeout,2,9,9,0.079,1
pay_000276,cust_02057,3696.19,upi,SBI,bank_timeout,0,0,0,0.152,1
pay_000277,cust_01683,2343.08,upi,SBI,insufficient_funds,2,6,6,0.239,0
pay_000278,cust_02864,1689.83,upi,KOTAK,temporary_bank_failure,2,5,5,0.367,1
pay_000279,cust_02256,402.79,card,SBI,expired_card,2,6,1,0.067,0
pay_000280,cust_01155,6196.85,card,HDFC,insufficient_funds,1,14,14,0.226,0
pay_000281,cust_00404,1352.23,netbanking,HDFC,temporary_bank_failure,1,5,4,0.514,1
pay_000282,cust_02200,3003.85,card,HDFC,network_error,0,17,5,0.125,1
pay_000283,cust_02102,1650.48,wallet,SBI,bank_timeout,2,1,0,0.246,0
pay_000284,cust_01697,1455.13,card,SBI,invalid_card,0,8,3,0.135,0
pay_000285,cust_00628,2109.58,card,SBI,account_closed,1,5,5,0.121,0
pay_000286,cust_00587,1846.89,upi,ICICI,insufficient_funds,2,16,12,0.046,1
pay_000287,cust_01649,1460.31,upi,KOTAK,network_error,1,10,10,0.303,0
pay_000288,cust_01444,1729.78,upi,SBI,network_error,2,3,3,0.356,0
pay_000289,cust_01446,2544.4,card,KOTAK,card_blocked,2,6,6,0.218,0
pay_000290,cust_00104,2692.58,card,AXIS,network_error,2,14,14,0.099,1
pay_000291,cust_00254,1871.86,upi,HDFC,bank_timeout,0,16,10,0.04,0
pay_000292,cust_02558,2971.28,card,ICICI,insufficient_funds,1,11,11,0.537,0
pay_000293,cust_01497,1287.87,card,KOTAK,network_error,1,12,12,0.155,0
pay_000294,cust_00099,10720.46,upi,HDFC,card_blocked,1,12,0,0.104,0
pay_000295,cust_02201,5934.1,upi,ICICI,insufficient_funds,2,7,3,0.265,0
pay_000296,cust_01885,3327.43,card,HDFC,card_blocked,0,6,6,0.183,0
pay_000297,cust_02962,382.5,card,SBI,invalid_card,0,3,2,0.139,0
pay_000298,cust_01920,2936.04,card,SBI,expired_card,0,2,2,0.267,0
pay_000299,cust_00878,1381.18,card,HDFC,account_closed,0,16,8,0.255,0
pay_000300,cust_00338,826.38,upi,ICICI,insufficient_funds,2,15,15,0.331,0
pay_000301,cust_02870,1353.33,netbanking,HDFC,bank_timeout,2,18,4,0.122,0
pay_000302,cust_00957,903.01,card,AXIS,gateway_timeout,0,1,1,0.073,1
pay_000303,cust_01705,2712.0,card,ICICI,network_error,0,13,4,0.216,1
pay_000304,cust_00161,6586.62,card,ICICI,gateway_timeout,1,15,15,0.222,1
pay_000305,cust_01604,3501.07,netbanking,HDFC,insufficient_funds,2,16,4,0.019,0
pay_000306,cust_02849,16481.93,card,KOTAK,bank_timeout,0,3,3,0.218,1
pay_000307,cust_00398,521.71,wallet,HDFC,bank_timeout,2,7,7,0.203,0
pay_000308,cust_01301,1206.13,card,KOTAK,bank_timeout,1,8,6,0.278,0
pay_000309,cust_00816,850.29,card,ICICI,account_closed,0,15,2,0.063,0
pay_000310,cust_01528,4834.31,card,SBI,invalid_card,2,15,7,0.215,0
pay_000311,cust_01920,1515.59,upi,SBI,invalid_card,2,16,16,0.286,1
pay_000312,cust_01416,2104.04,upi,HDFC,temporary_bank_failure,2,2,2,0.201,0
pay_000313,cust_01159,3001.74,upi,KOTAK,network_error,2,16,4,0.175,0
pay_000314,cust_01219,564.63,card,HDFC,bank_timeout,2,17,5,0.239,0
pay_000315,cust_00401,1099.84,card,AXIS,insufficient_funds,2,17,5,0.187,0
pay_000316,cust_00640,4015.08,card,HDFC,gateway_timeout,1,5,5,0.095,1
pay_000317,cust_02736,1166.23,card,HDFC,account_closed,2,5,5,0.262,0
pay_000318,cust_00460,459.02,card,HDFC,expired_card,1,0,0,0.194,1
pay_000319,cust_00955,878.48,upi,HDFC,bank_timeout,1,15,13,0.423,0
pay_000320,cust_00470,1437.97,card,KOTAK,card_blocked,2,16,16,0.105,0
pay_000321,cust_01046,2066.08,card,KOTAK,invalid_card,0,3,0,0.162,0
pay_000322,cust_02798,1708.46,card,KOTAK,expired_card,2,15,9,0.078,1
pay_000323,cust_01694,1106.13,card,AXIS,network_error,1,19,1,0.121,0
pay_000324,cust_02086,3833.18,upi,AXIS,account_closed,2,1,1,0.149,0
pay_000325,cust_02278,1630.68,card,HDFC,insufficient_funds,2,11,11,0.179,0
pay_000326,cust_00563,2137.78,card,KOTAK,temporary_bank_failure,2,15,15,0.02,0
pay_000327,cust_02486,1154.28,netbanking,AXIS,expired_card,1,5,2,0.077,0
pay_000328,cust_01800,6046.0,card,SBI,network_error,1,15,3,0.219,0
pay_000329,cust_02075,1321.73,card,HDFC,account_closed,1,6,5,0.304,0
pay_000330,cust_00226,1919.37,netbanking,ICICI,account_closed,0,13,12,0.043,0
pay_000331,cust_00798,4138.13,card,KOTAK,insufficient_funds,0,2,2,0.211,1
pay_000332,cust_02332,2262.07,netbanking,HDFC,network_error,0,0,0,0.263,1
pay_000333,cust_02927,2217.36,card,HDFC,insufficient_funds,0,16,14,0.034,1
pay_000334,cust_00960,372.81,upi,ICICI,bank_timeout,2,19,5,0.09,0
pay_000335,cust_01505,3116.63,upi,SBI,network_error,0,3,3,0.295,1
pay_000336,cust_00453,1890.26,netbanking,AXIS,insufficient_funds,0,6,6,0.053,1
pay_000337,cust_00816,2788.48,upi,AXIS,bank_timeout,0,6,6,0.054,0
pay_000338,cust_00659,2093.45,upi,ICICI,invalid_card,2,3,3,0.292,1
pay_000339,cust_00547,1155.95,upi,ICICI,network_error,0,6,6,0.119,0
pay_000340,cust_01216,3697.62,card,AXIS,account_closed,0,7,7,0.282,0
pay_000341,cust_00017,2118.58,upi,SBI,bank_timeout,0,8,7,0.515,1
pay_000342,cust_01244,644.51,card,SBI,insufficient_funds,1,14,7,0.157,0
pay_000343,cust_02206,5150.32,upi,HDFC,invalid_card,0,3,3,0.152,1
pay_000344,cust_02525,575.72,upi,ICICI,network_error,0,17,8,0.089,1
pay_000345,cust_01070,3717.26,netbanking,ICICI,expired_card,0,11,11,0.175,1
pay_000346,cust_02566,5940.48,upi,ICICI,expired_card,2,5,2,0.214,0
pay_000347,cust_02147,746.18,upi,AXIS,expired_card,0,3,0,0.142,0
pay_000348,cust_01769,1638.92,card,AXIS,temporary_bank_failure,0,3,3,0.324,1
pay_000349,cust_01061,1521.18,card,AXIS,invalid_card,1,17,8,0.313,1
pay_000350,cust_02328,1576.91,upi,SBI,insufficient_funds,1,0,0,0.286,0
pay_000351,cust_02545,7818.05,upi,AXIS,insufficient_funds,2,5,5,0.237,1
pay_000352,cust_00302,753.12,upi,HDFC,account_closed,2,8,8,0.122,0
pay_000353,cust_00181,1414.8,upi,AXIS,network_error,0,16,12,0.123,1
pay_000354,cust_00607,6018.89,card,SBI,network_error,1,10,10,0.088,1
pay_000355,cust_00700,1396.38,upi,ICICI,gateway_timeout,2,8,8,0.119,0
pay_000356,cust_00993,855.23,card,HDFC,bank_timeout,2,10,10,0.147,1
pay_000357,cust_01140,2231.46,card,SBI,temporary_bank_failure,1,3,3,0.222,1
pay_000358,cust_00191,3444.43,card,KOTAK,gateway_timeout,0,12,12,0.101,1
pay_000359,cust_02301,1320.45,upi,ICICI,insufficient_funds,1,18,4,0.119,0
pay_000360,cust_00981,2817.19,upi,AXIS,network_error,0,2,2,0.142,1
pay_000361,cust_02976,601.07,card,SBI,account_closed,0,0,0,0.257,0
pay_000362,cust_02007,628.4,upi,KOTAK,temporary_bank_failure,1,16,4,0.629,0
pay_000363,cust_01185,1271.47,card,SBI,account_closed,0,16,16,0.256,0
pay_000364,cust_00128,2898.69,netbanking,AXIS,gateway_timeout,2,6,6,0.108,1
pay_000365,cust_02066,3324.91,upi,SBI,expired_card,1,13,10,0.388,0
pay_000366,cust_01817,702.32,card,KOTAK,bank_timeout,2,4,2,0.02,1
pay_000367,cust_01759,3227.74,wallet,SBI,insufficient_funds,0,13,6,0.063,0
pay_000368,cust_02614,2065.66,card,HDFC,card_blocked,0,10,2,0.162,0
pay_000369,cust_00570,894.83,upi,HDFC,expired_card,1,2,2,0.346,1
pay_000370,cust_01347,621.82,card,AXIS,account_closed,1,5,5,0.027,0
pay_000371,cust_01896,2172.99,card,KOTAK,network_error,0,6,6,0.19,0
pay_000372,cust_02734,5072.81,upi,KOTAK,invalid_card,1,18,7,0.081,1
pay_000373,cust_00626,1860.16,card,KOTAK,temporary_bank_failure,0,8,8,0.217,1
pay_000374,cust_02902,855.82,netbanking,KOTAK,insufficient_funds,2,1,1,0.086,0
pay_000375,cust_01687,405.69,card,KOTAK,network_error,1,11,11,0.156,0
pay_000376,cust_00155,6146.22,card,ICICI,insufficient_funds,2,6,6,0.123,0
pay_000377,cust_02538,4160.87,upi,SBI,insufficient_funds,1,9,9,0.026,0
pay_000378,cust_01410,2302.29,card,KOTAK,insufficient_funds,2,19,8,0.023,0
pay_000379,cust_00785,5898.16,upi,HDFC,account_closed,0,14,14,0.27,0
pay_000380,cust_00246,2162.75,netbanking,SBI,temporary_bank_failure,0,18,13,0.257,0
pay_000381,cust_01501,1182.24,upi,AXIS,card_blocked,0,5,5,0.15,0
pay_000382,cust_01706,2818.91,card,AXIS,account_closed,0,19,3,0.283,0
pay_000383,cust_02807,930.96,upi,KOTAK,gateway_timeout,1,12,9,0.096,0
pay_000384,cust_00538,815.24,netbanking,ICICI,network_error,2,19,19,0.298,0
pay_000385,cust_01891,3351.91,card,ICICI,bank_timeout,1,11,11,0.23,1
pay_000386,cust_01842,3585.33,upi,SBI,network_error,1,17,17,0.281,1
pay_000387,cust_00921,652.63,card,ICICI,account_closed,0,15,10,0.12,0
pay_000388,cust_02456,672.2,netbanking,AXIS,temporary_bank_failure,1,10,10,0.308,0
pay_000389,cust_00525,1266.43,upi,KOTAK,bank_timeout,2,10,10,0.237,1
pay_000390,cust_02876,1023.47,netbanking,HDFC,bank_timeout,1,0,0,0.19,1
pay_000391,cust_01530,2647.02,netbanking,AXIS,temporary_bank_failure,2,0,0,0.136,0
pay_000392,cust_02951,1878.9,card,AXIS,network_error,0,6,6,0.164,1
pay_000393,cust_00036,4591.33,card,SBI,bank_timeout,0,6,0,0.164,1
pay_000394,cust_00685,2330.43,card,ICICI,card_blocked,1,3,3,0.288,0
pay_000395,cust_00020,1079.59,card,HDFC,network_error,2,13,4,0.021,0
pay_000396,cust_02369,398.26,upi,HDFC,bank_timeout,0,4,4,0.139,1
pay_000397,cust_02560,2087.17,upi,ICICI,card_blocked,0,11,11,0.4,0
pay_000398,cust_00400,460.24,card,KOTAK,insufficient_funds,1,3,3,0.556,0
pay_000399,cust_02702,1068.95,upi,ICICI,bank_timeout,2,2,2,0.427,0
pay_000400,cust_00972,1014.97,upi,KOTAK,bank_timeout,0,17,3,0.457,0
pay_000401,cust_01907,1203.82,card,HDFC,bank_timeout,0,4,4,0.087,0
pay_000402,cust_02519,630.92,card,SBI,insufficient_funds,2,5,5,0.228,0
pay_000403,cust_01167,1012.1,upi,AXIS,bank_timeout,1,13,2,0.081,0
pay_000404,cust_01116,4522.06,card,HDFC,insufficient_funds,1,5,5,0.352,0
pay_000405,cust_00834,4512.1,netbanking,HDFC,expired_card,0,19,2,0.181,0
pay_000406,cust_01824,6161.03,card,HDFC,bank_timeout,0,11,7,0.113,1
pay_000407,cust_02775,1822.78,upi,AXIS,insufficient_funds,1,11,4,0.3,1
pay_000408,cust_01983,2246.16,upi,KOTAK,card_blocked,1,7,0,0.178,0
pay_000409,cust_00854,4575.58,card,SBI,account_closed,0,19,17,0.29,0
pay_000410,cust_00051,557.5,card,SBI,expired_card,2,1,1,0.143,1
pay_000411,cust_00575,3444.39,card,SBI,insufficient_funds,2,4,4,0.433,0
pay_000412,cust_01149,5124.95,card,KOTAK,gateway_timeout,0,17,8,0.428,0
pay_000413,cust_02198,887.88,card,ICICI,insufficient_funds,0,2,2,0.084,1
pay_000414,cust_02362,5464.96,upi,ICICI,invalid_card,0,15,15,0.398,1
pay_000415,cust_02618,9378.48,upi,SBI,insufficient_funds,0,4,4,0.22,1
pay_000416,cust_02353,3368.68,upi,HDFC,invalid_card,1,8,5,0.112,0
pay_000417,cust_01716,2909.11,card,HDFC,card_blocked,2,5,5,0.11,0
pay_000418,cust_00682,738.17,upi,AXIS,expired_card,2,18,0,0.147,0
pay_000419,cust_00838,4252.93,card,ICICI,insufficient_funds,2,15,10,0.193,0
pay_000420,cust_01078,795.94,netbanking,HDFC,gateway_timeout,1,6,6,0.22,0
pay_000421,cust_02492,2430.36,netbanking,SBI,network_error,0,3,0,0.115,1
pay_000422,cust_02661,2635.63,upi,AXIS,gateway_timeout,2,15,15,0.375,1
pay_000423,cust_02312,129.41,upi,ICICI,insufficient_funds,2,19,9,0.384,0
pay_000424,cust_01596,2501.49,card,AXIS,bank_timeout,1,16,12,0.189,1
pay_000425,cust_00005,14723.2,card,HDFC,insufficient_funds,0,18,4,0.185,0
pay_000426,cust_01127,339.17,netbanking,SBI,account_closed,0,16,7,0.108,0
pay_000427,cust_01220,1731.75,card,SBI,card_blocked,0,12,12,0.199,0
pay_000428,cust_00774,380.81,upi,SBI,account_closed,2,1,1,0.153,0
pay_000429,cust_00877,884.2,netbanking,HDFC,network_error,1,1,1,0.205,1
pay_000430,cust_00992,386.13,upi,KOTAK,network_error,2,3,3,0.277,1
pay_000431,cust_02932,2054.18,card,SBI,gateway_timeout,1,15,15,0.005,0
pay_000432,cust_00047,3411.42,card,KOTAK,network_error,1,3,3,0.14,1
pay_000433,cust_02915,2509.38,card,SBI,expired_card,2,19,10,0.335,0
pay_000434,cust_02871,859.07,upi,KOTAK,bank_timeout,1,11,11,0.284,0
pay_000435,cust_02984,1110.41,upi,ICICI,gateway_timeout,1,19,13,0.234,1
pay_000436,cust_02704,2248.05,netbanking,ICICI,temporary_bank_failure,1,13,1,0.07,0
pay_000437,cust_00269,880.83,upi,SBI,insufficient_funds,0,0,0,0.155,0
pay_000438,cust_00370,624.51,card,AXIS,invalid_card,0,16,16,0.073,0
pay_000439,cust_00636,1493.23,card,AXIS,card_blocked,0,17,4,0.194,0
pay_000440,cust_01130,849.15,upi,HDFC,card_blocked,0,11,0,0.166,0
pay_000441,cust_01694,2513.03,netbanking,ICICI,temporary_bank_failure,2,9,9,0.357,0
pay_000442,cust_01683,5110.02,card,ICICI,account_closed,2,14,11,0.137,0
pay_000443,cust_00657,14444.47,netbanking,AXIS,insufficient_funds,2,16,13,0.103,1
pay_000444,cust_00120,2369.55,card,SBI,expired_card,0,10,10,0.188,1
pay_000445,cust_00831,3031.39,card,HDFC,account_closed,2,19,0,0.288,0
pay_000446,cust_01811,1119.4,netbanking,ICICI,bank_timeout,0,6,6,0.11,1
pay_000447,cust_01082,1176.26,card,HDFC,card_blocked,0,19,14,0.071,0
pay_000448,cust_01975,5050.51,upi,ICICI,insufficient_funds,1,18,11,0.25,0
pay_000449,cust_01370,1449.45,card,KOTAK,temporary_bank_failure,1,10,10,0.171,1
pay_000450,cust_00741,1916.7,netbanking,KOTAK,temporary_bank_failure,0,0,0,0.146,0
pay_000451,cust_00117,4809.65,netbanking,HDFC,invalid_card,1,17,2,0.369,1
pay_000452,cust_01854,1458.4,netbanking,AXIS,expired_card,1,14,11,0.34,1
pay_000453,cust_02839,6004.93,card,AXIS,expired_card,1,12,12,0.098,0
pay_000454,cust_01151,2859.56,card,ICICI,network_error,1,15,1,0.134,1
pay_000455,cust_01932,2602.74,upi,KOTAK,network_error,2,18,14,0.231,0
pay_000456,cust_01013,1076.48,card,KOTAK,expired_card,1,5,1,0.128,1
pay_000457,cust_01665,2717.05,upi,HDFC,temporary_bank_failure,0,15,4,0.1,1
pay_000458,cust_01082,1282.75,upi,HDFC,network_error,1,17,8,0.199,0
pay_000459,cust_00634,2632.07,card,AXIS,network_error,1,0,0,0.446,0
pay_000460,cust_00513,1666.6,upi,AXIS,bank_timeout,2,17,12,0.232,0
pay_000461,cust_02850,3918.44,netbanking,AXIS,gateway_timeout,2,8,3,0.187,0
pay_000462,cust_01120,1762.67,wallet,SBI,network_error,2,12,7,0.205,0
pay_000463,cust_01142,9230.66,card,KOTAK,account_closed,1,15,6,0.008,0
pay_000464,cust_00560,1450.35,card,KOTAK,expired_card,0,18,16,0.118,0
pay_000465,cust_00488,1178.9,card,HDFC,invalid_card,2,0,0,0.27,0
pay_000466,cust_00897,2384.85,card,KOTAK,gateway_timeout,1,7,7,0.295,0
pay_000467,cust_01213,4282.52,card,HDFC,insufficient_funds,1,9,7,0.279,1
pay_000468,cust_00704,4255.97,wallet,SBI,insufficient_funds,1,6,6,0.219,0
pay_000469,cust_01471,2066.11,card,AXIS,network_error,2,2,2,0.211,1
pay_000470,cust_00581,2371.48,card,SBI,bank_timeout,1,12,4,0.041,1
pay_000471,cust_02838,2374.23,card,AXIS,expired_card,2,19,8,0.295,0
pay_000472,cust_02909,763.34,card,AXIS,bank_timeout,1,10,10,0.146,0
pay_000473,cust_02295,4102.12,card,HDFC,bank_timeout,0,19,1,0.03,0
pay_000474,cust_00154,660.97,upi,AXIS,gateway_timeout,0,4,2,0.169,0
pay_000475,cust_01680,764.48,card,SBI,invalid_card,1,12,3,0.107,0
pay_000476,cust_00997,1889.41,card,ICICI,invalid_card,2,11,11,0.101,1
pay_000477,cust_02745,1399.84,card,HDFC,account_closed,1,15,6,0.234,0
pay_000478,cust_01244,3418.39,upi,AXIS,network_error,0,16,8,0.16,0
pay_000479,cust_01093,2586.04,card,AXIS,card_blocked,1,13,5,0.372,0
pay_000480,cust_01009,2019.41,card,KOTAK,invalid_card,2,9,2,0.151,0
pay_000481,cust_02142,734.78,netbanking,HDFC,network_error,2,12,12,0.097,1
pay_000482,cust_01774,1846.87,card,HDFC,account_closed,2,11,11,0.073,0
pay_000483,cust_00958,1733.66,upi,SBI,insufficient_funds,2,3,3,0.199,0
pay_000484,cust_00453,2159.75,netbanking,ICICI,bank_timeout,0,18,0,0.381,1
pay_000485,cust_01228,1281.73,card,SBI,bank_timeout,2,11,11,0.157,0
pay_000486,cust_02960,2746.97,netbanking,SBI,gateway_timeout,2,0,0,0.368,0
pay_000487,cust_02266,1370.25,netbanking,SBI,insufficient_funds,0,9,1,0.326,0
pay_000488,cust_02522,2548.58,card,ICICI,card_blocked,2,1,1,0.23,0
pay_000489,cust_02480,3418.09,netbanking,SBI,network_error,0,4,4,0.098,0
pay_000490,cust_02389,1178.88,card,HDFC,insufficient_funds,2,16,0,0.188,0
pay_000491,cust_00551,974.84,card,ICICI,network_error,2,3,3,0.095,1
pay_000492,cust_01636,2646.76,netbanking,AXIS,insufficient_funds,2,6,6,0.129,0
pay_000493,cust_01313,628.36,netbanking,KOTAK,account_closed,2,14,14,0.22,0
pay_000494,cust_01758,4399.88,upi,KOTAK,insufficient_funds,1,0,0,0.319,0
pay_000495,cust_00357,1823.97,card,HDFC,insufficient_funds,1,13,12,0.281,0
pay_000496,cust_02071,1649.44,upi,KOTAK,invalid_card,2,14,13,0.199,0
pay_000497,cust_01786,2798.43,upi,KOTAK,bank_timeout,2,1,1,0.213,0
pay_000498,cust_02570,2662.88,card,KOTAK,account_closed,2,19,9,0.14,0
pay_000499,cust_01782,1817.5,wallet,AXIS,insufficient_funds,1,1,1,0.103,0
pay_000500,cust_02850,3651.5,card,KOTAK,expired_card,2,15,2,0.528,1
pay_000501,cust_02810,1055.84,card,SBI,account_closed,0,1,1,0.157,0
pay_000502,cust_02490,3196.73,card,HDFC,expired_card,1,15,10,0.168,0
pay_000503,cust_01632,762.88,card,HDFC,expired_card,1,16,12,0.221,1
pay_000504,cust_02817,2720.36,upi,HDFC,expired_card,1,17,1,0.322,0
pay_000505,cust_01016,1390.89,card,AXIS,bank_timeout,2,18,6,0.272,0
pay_000506,cust_01349,633.42,upi,AXIS,gateway_timeout,0,15,2,0.231,0
pay_000507,cust_00516,2220.11,card,KOTAK,card_blocked,1,3,3,0.239,0
pay_000508,cust_02840,1758.93,card,SBI,network_error,0,16,5,0.235,0
pay_000509,cust_00336,526.27,upi,KOTAK,insufficient_funds,0,0,0,0.339,0
pay_000510,cust_01783,333.31,card,HDFC,network_error,0,12,12,0.107,1
pay_000511,cust_02306,1600.69,upi,SBI,temporary_bank_failure,2,6,1,0.275,0
pay_000512,cust_00497,6598.39,upi,HDFC,expired_card,2,8,8,0.211,1
pay_000513,cust_00896,2337.44,upi,SBI,expired_card,2,13,13,0.111,1
pay_000514,cust_02208,1059.29,upi,ICICI,gateway_timeout,1,0,0,0.08,0
pay_000515,cust_00852,4296.24,netbanking,AXIS,card_blocked,1,7,2,0.13,0
pay_000516,cust_01688,3736.03,wallet,AXIS,invalid_card,0,9,9,0.224,0
pay_000517,cust_01932,5000.35,card,HDFC,network_error,1,3,0,0.195,0
pay_000518,cust_02738,3124.78,upi,HDFC,insufficient_funds,2,12,12,0.168,0
pay_000519,cust_02428,3672.85,card,ICICI,account_closed,2,17,5,0.075,0
pay_000520,cust_01569,3245.05,card,KOTAK,bank_timeout,2,8,8,0.43,0
pay_000521,cust_00957,1233.98,card,SBI,insufficient_funds,2,7,7,0.242,0
pay_000522,cust_02739,487.93,wallet,ICICI,network_error,0,5,2,0.122,1
pay_000523,cust_01637,1191.65,upi,ICICI,bank_timeout,1,18,3,0.416,0
pay_000524,cust_01292,4376.26,card,HDFC,card_blocked,2,15,15,0.383,0
pay_000525,cust_01441,1333.01,card,HDFC,account_closed,0,0,0,0.307,0
pay_000526,cust_01192,1609.43,netbanking,KOTAK,network_error,1,14,1,0.48,0
pay_000527,cust_01067,711.5,card,KOTAK,account_closed,0,5,0,0.415,0
pay_000528,cust_00285,1163.43,card,HDFC,bank_timeout,2,9,9,0.05,0
pay_000529,cust_02445,1794.94,netbanking,AXIS,insufficient_funds,2,4,4,0.306,0
pay_000530,cust_00012,2681.28,upi,KOTAK,expired_card,2,7,4,0.053,0
pay_000531,cust_01631,1252.72,card,ICICI,insufficient_funds,1,0,0,0.156,0
pay_000532,cust_02547,1184.61,card,HDFC,account_closed,2,12,12,0.406,0
pay_000533,cust_00754,3546.59,netbanking,SBI,insufficient_funds,1,15,0,0.323,0
pay_000534,cust_02083,2345.4,netbanking,SBI,gateway_timeout,0,16,12,0.245,0
pay_000535,cust_02775,2588.77,card,AXIS,card_blocked,1,6,5,0.124,0
pay_000536,cust_02897,6140.47,card,HDFC,bank_timeout,0,14,14,0.14,1
pay_000537,cust_00090,1207.06,card,ICICI,insufficient_funds,1,13,11,0.209,0
pay_000538,cust_00776,1738.51,upi,AXIS,expired_card,2,16,9,0.065,0
pay_000539,cust_02653,2809.97,upi,ICICI,account_closed,2,6,6,0.057,0
pay_000540,cust_01626,900.36,card,SBI,insufficient_funds,0,13,2,0.084,0
pay_000541,cust_00418,2171.64,upi,ICICI,account_closed,1,7,7,0.14,0
pay_000542,cust_00115,1840.43,upi,SBI,gateway_timeout,1,12,12,0.151,0
pay_000543,cust_00617,16677.9,upi,KOTAK,temporary_bank_failure,0,0,0,0.116,1
pay_000544,cust_00826,1958.42,netbanking,SBI,card_blocked,1,3,3,0.074,0
pay_000545,cust_01650,4562.16,card,SBI,expired_card,1,10,9,0.02,0
pay_000546,cust_01517,3512.05,card,AXIS,gateway_timeout,0,8,8,0.123,1
pay_000547,cust_00413,716.77,upi,AXIS,account_closed,0,18,1,0.123,0
pay_000548,cust_00729,523.71,netbanking,HDFC,expired_card,0,3,0,0.121,0
pay_000549,cust_02809,2203.08,card,HDFC,expired_card,1,0,0,0.064,1
pay_000550,cust_00676,4943.69,netbanking,SBI,expired_card,0,18,15,0.155,0
pay_000551,cust_01893,2276.36,card,KOTAK,invalid_card,0,18,12,0.16,1
pay_000552,cust_02505,1925.77,card,HDFC,insufficient_funds,0,18,0,0.36,0
pay_000553,cust_02968,1440.48,card,SBI,gateway_timeout,0,10,5,0.141,1
pay_000554,cust_02240,626.93,wallet,AXIS,account_closed,2,5,3,0.252,0
pay_000555,cust_02787,838.47,upi,HDFC,insufficient_funds,2,6,1,0.098,0
pay_000556,cust_01123,493.81,card,HDFC,network_error,2,0,0,0.232,0
pay_000557,cust_01572,748.12,wallet,SBI,insufficient_funds,0,14,13,0.09,0
pay_000558,cust_00978,1187.01,upi,SBI,bank_timeout,1,3,0,0.221,0
pay_000559,cust_01009,3363.75,netbanking,ICICI,expired_card,2,12,9,0.207,0
pay_000560,cust_02144,1266.42,card,ICICI,bank_timeout,0,11,5,0.097,0
pay_000561,cust_01688,2218.31,card,KOTAK,bank_timeout,2,0,0,0.122,0
pay_000562,cust_02711,2014.61,upi,HDFC,card_blocked,2,7,7,0.398,0
pay_000563,cust_00037,2695.23,upi,ICICI,invalid_card,0,10,10,0.108,0
pay_000564,cust_01549,790.09,upi,SBI,gateway_timeout,0,9,5,0.26,0
pay_000565,cust_02327,4219.01,upi,HDFC,network_error,2,1,1,0.084,1
pay_000566,cust_02265,586.55,upi,ICICI,account_closed,0,16,15,0.055,0
pay_000567,cust_02915,1263.64,card,KOTAK,card_blocked,2,12,12,0.405,0
pay_000568,cust_00873,1778.06,upi,KOTAK,insufficient_funds,2,8,6,0.465,0
pay_000569,cust_01822,3321.31,card,KOTAK,insufficient_funds,2,15,7,0.059,0
pay_000570,cust_01297,5450.42,card,KOTAK,network_error,2,16,7,0.186,1
pay_000571,cust_02110,3342.34,card,SBI,insufficient_funds,1,9,9,0.381,0
pay_000572,cust_00596,5612.4,upi,KOTAK,gateway_timeout,1,16,8,0.277,0
pay_000573,cust_01904,931.37,netbanking,AXIS,account_closed,0,19,18,0.177,0
pay_000574,cust_00729,4685.82,card,KOTAK,gateway_timeout,1,9,9,0.344,1
pay_000575,cust_01366,4084.38,card,ICICI,expired_card,1,13,13,0.043,1
pay_000576,cust_00397,265.86,card,HDFC,network_error,0,14,8,0.191,0
pay_000577,cust_00699,1515.69,netbanking,ICICI,bank_timeout,2,8,8,0.082,1
pay_000578,cust_02225,2926.7,upi,HDFC,bank_timeout,1,1,1,0.074,1
pay_000579,cust_01636,1197.11,wallet,SBI,gateway_timeout,1,13,2,0.26,1
pay_000580,cust_00396,758.5,netbanking,HDFC,network_error,1,6,6,0.088,0
pay_000581,cust_02493,9811.79,card,AXIS,card_blocked,1,3,3,0.181,0
pay_000582,cust_00076,1976.0,card,KOTAK,invalid_card,2,12,12,0.386,0
pay_000583,cust_00265,2019.74,upi,ICICI,expired_card,0,3,3,0.291,1
pay_000584,cust_02503,634.48,card,HDFC,invalid_card,1,3,3,0.188,1
pay_000585,cust_01820,1107.78,card,ICICI,network_error,1,8,8,0.366,0
pay_000586,cust_00718,881.59,card,KOTAK,account_closed,1,10,8,0.372,0
pay_000587,cust_02783,4286.3,upi,SBI,card_blocked,1,0,0,0.21,0
pay_000588,cust_00851,2707.3,upi,KOTAK,temporary_bank_failure,0,12,7,0.404,1
pay_000589,cust_01391,1145.45,card,SBI,card_blocked,2,8,8,0.699,0
pay_000590,cust_00144,2831.04,upi,ICICI,temporary_bank_failure,0,17,7,0.304,0
pay_000591,cust_00885,1476.14,card,SBI,bank_timeout,1,6,3,0.433,0
pay_000592,cust_00396,2181.12,upi,SBI,temporary_bank_failure,1,13,5,0.212,0
pay_000593,cust_02996,2172.89,upi,SBI,card_blocked,0,16,15,0.063,0
pay_000594,cust_02939,2530.61,card,SBI,expired_card,2,17,12,0.086,0
pay_000595,cust_01493,2297.83,upi,SBI,expired_card,2,0,0,0.386,0
pay_000596,cust_01168,2532.19,upi,HDFC,network_error,2,8,8,0.015,0
pay_000597,cust_02617,4937.66,card,SBI,bank_timeout,2,9,9,0.17,1
pay_000598,cust_01063,3018.3,card,SBI,account_closed,0,15,7,0.151,0
pay_000599,cust_02157,1380.88,wallet,KOTAK,gateway_timeout,0,10,0,0.214,1
pay_000600,cust_01066,1671.77,card,KOTAK,bank_timeout,2,3,3,0.197,0
pay_000601,cust_01210,4837.42,upi,KOTAK,temporary_bank_failure,0,18,17,0.196,1
pay_000602,cust_02983,1978.19,netbanking,SBI,network_error,0,7,1,0.111,1
pay_000603,cust_02446,1340.48,card,KOTAK,insufficient_funds,1,2,2,0.063,1
pay_000604,cust_00634,1091.26,card,HDFC,invalid_card,0,3,3,0.234,1
pay_000605,cust_01157,2249.43,netbanking,ICICI,insufficient_funds,0,7,5,0.211,0
pay_000606,cust_01239,912.43,card,KOTAK,network_error,2,11,11,0.237,1
pay_000607,cust_00733,5053.5,upi,KOTAK,bank_timeout,0,4,2,0.228,0
pay_000608,cust_00235,788.19,upi,HDFC,temporary_bank_failure,2,2,2,0.447,1
pay_000609,cust_02706,5898.5,upi,AXIS,invalid_card,1,4,4,0.129,0
pay_000610,cust_00751,1439.16,wallet,AXIS,gateway_timeout,1,3,3,0.189,0
pay_000611,cust_02636,764.03,netbanking,HDFC,network_error,0,10,10,0.279,1
pay_000612,cust_00954,2103.46,upi,KOTAK,bank_timeout,0,15,8,0.292,1
pay_000613,cust_02540,843.51,netbanking,ICICI,insufficient_funds,2,17,0,0.059,0
pay_000614,cust_02961,1858.45,netbanking,KOTAK,expired_card,1,5,5,0.51,1
pay_000615,cust_01543,1139.07,wallet,HDFC,network_error,2,15,7,0.157,0
pay_000616,cust_01198,3850.89,upi,HDFC,insufficient_funds,0,0,0,0.219,0
pay_000617,cust_01677,2017.07,card,SBI,gateway_timeout,1,18,12,0.275,0
pay_000618,cust_01192,698.68,upi,HDFC,expired_card,0,19,7,0.107,1
pay_000619,cust_02218,1121.44,card,SBI,account_closed,1,15,15,0.298,0
pay_000620,cust_01417,3177.84,card,HDFC,temporary_bank_failure,2,9,9,0.089,0
pay_000621,cust_02994,5062.79,card,SBI,account_closed,0,13,8,0.246,0
pay_000622,cust_02843,1743.73,netbanking,SBI,expired_card,0,17,11,0.193,1
pay_000623,cust_02682,784.06,card,KOTAK,bank_timeout,1,12,2,0.061,0
pay_000624,cust_01218,4201.64,upi,SBI,invalid_card,2,12,0,0.265,0
pay_000625,cust_01541,3166.72,upi,AXIS,insufficient_funds,1,14,14,0.068,0
pay_000626,cust_02077,5142.18,card,HDFC,card_blocked,1,3,3,0.21,0
pay_000627,cust_01446,2280.54,upi,ICICI,temporary_bank_failure,1,17,8,0.13,0
pay_000628,cust_02387,1192.16,upi,HDFC,insufficient_funds,0,14,7,0.132,0
pay_000629,cust_01520,2733.97,netbanking,KOTAK,card_blocked,2,5,5,0.129,0
pay_000630,cust_01389,2347.4,card,KOTAK,temporary_bank_failure,2,9,9,0.428,0
pay_000631,cust_01857,1141.5,card,SBI,insufficient_funds,2,14,6,0.171,0
pay_000632,cust_01366,2119.45,upi,KOTAK,invalid_card,1,0,0,0.051,0
pay_000633,cust_00500,1546.86,card,KOTAK,expired_card,2,4,4,0.072,1
pay_000634,cust_01681,3277.48,card,HDFC,account_closed,2,8,8,0.259,0
pay_000635,cust_00511,2680.09,card,AXIS,insufficient_funds,0,13,13,0.534,1
pay_000636,cust_00217,779.56,upi,AXIS,temporary_bank_failure,0,10,10,0.057,1
pay_000637,cust_01325,719.14,card,SBI,insufficient_funds,0,5,5,0.182,0
pay_000638,cust_01156,1682.69,upi,KOTAK,temporary_bank_failure,1,15,13,0.38,1
pay_000639,cust_01828,1856.14,wallet,KOTAK,network_error,0,8,5,0.03,1
pay_000640,cust_01811,3323.53,upi,AXIS,insufficient_funds,2,2,2,0.321,0
pay_000641,cust_02493,2726.14,card,SBI,bank_timeout,0,7,7,0.126,0
pay_000642,cust_02924,5807.75,upi,KOTAK,bank_timeout,1,16,4,0.297,0
pay_000643,cust_01206,1244.2,card,SBI,bank_timeout,0,8,8,0.097,1
pay_000644,cust_02215,1188.65,card,HDFC,expired_card,2,16,0,0.136,0
pay_000645,cust_00091,838.95,card,KOTAK,gateway_timeout,0,4,4,0.012,1
pay_000646,cust_00714,3292.91,card,KOTAK,insufficient_funds,0,10,6,0.179,1
pay_000647,cust_01882,1839.78,upi,KOTAK,temporary_bank_failure,0,5,5,0.209,0
pay_000648,cust_00039,410.39,netbanking,AXIS,network_error,1,13,4,0.241,1
pay_000649,cust_00173,2125.44,netbanking,AXIS,temporary_bank_failure,1,2,2,0.256,1
pay_000650,cust_00653,2236.74,card,KOTAK,network_error,1,16,3,0.29,1
pay_000651,cust_00754,1610.86,upi,KOTAK,expired_card,1,3,3,0.306,0
pay_000652,cust_01244,2292.33,card,HDFC,bank_timeout,1,7,7,0.106,1
pay_000653,cust_01082,681.17,upi,HDFC,insufficient_funds,0,5,5,0.051,1
pay_000654,cust_01684,6719.88,card,SBI,insufficient_funds,0,10,3,0.04,1
pay_000655,cust_02524,2450.89,netbanking,SBI,temporary_bank_failure,1,0,0,0.122,1
pay_000656,cust_00456,437.48,netbanking,AXIS,bank_timeout,1,14,14,0.122,1
pay_000657,cust_00829,1799.53,card,ICICI,expired_card,0,15,12,0.237,0
pay_000658,cust_00895,2503.33,upi,HDFC,insufficient_funds,2,1,1,0.06,0
pay_000659,cust_01385,742.23,upi,SBI,invalid_card,0,12,12,0.48,1
pay_000660,cust_01959,2770.84,upi,HDFC,network_error,1,11,11,0.055,0
pay_000661,cust_02435,6937.8,upi,HDFC,invalid_card,0,13,9,0.106,0
pay_000662,cust_01997,1079.77,upi,ICICI,temporary_bank_failure,1,0,0,0.235,1
pay_000663,cust_02396,2547.2,netbanking,HDFC,bank_timeout,0,10,7,0.316,0
pay_000664,cust_00190,2136.4,upi,ICICI,bank_timeout,0,3,3,0.094,1
pay_000665,cust_00505,3923.08,upi,ICICI,network_error,0,12,4,0.162,0
pay_000666,cust_01215,1657.27,netbanking,HDFC,expired_card,2,19,18,0.189,0
pay_000667,cust_01532,770.18,wallet,HDFC,network_error,0,5,5,0.229,1
pay_000668,cust_00824,3726.95,card,SBI,insufficient_funds,0,4,1,0.076,1
pay_000669,cust_00929,807.7,card,HDFC,network_error,2,3,3,0.342,0
pay_000670,cust_00934,7685.49,upi,HDFC,temporary_bank_failure,0,12,12,0.139,0
pay_000671,cust_01141,2831.65,wallet,HDFC,account_closed,2,17,16,0.093,0
pay_000672,cust_00134,1119.78,card,SBI,insufficient_funds,2,12,2,0.214,0
pay_000673,cust_02106,4389.28,card,ICICI,insufficient_funds,2,7,7,0.068,0
pay_000674,cust_00685,1794.8,card,SBI,network_error,0,18,8,0.204,1
pay_000675,cust_02720,1514.55,upi,HDFC,bank_timeout,1,14,6,0.112,1
pay_000676,cust_02221,1048.7,netbanking,KOTAK,gateway_timeout,0,0,0,0.136,1
pay_000677,cust_01853,402.4,upi,HDFC,account_closed,1,10,10,0.149,0
pay_000678,cust_00815,2932.22,card,SBI,network_error,1,15,10,0.173,1
pay_000679,cust_01173,491.52,netbanking,SBI,insufficient_funds,2,9,9,0.109,0
pay_000680,cust_00080,958.5,card,AXIS,account_closed,2,6,6,0.089,0
pay_000681,cust_02934,2556.2,netbanking,KOTAK,card_blocked,2,7,7,0.456,0
pay_000682,cust_00203,1211.31,card,SBI,card_blocked,2,19,14,0.115,0
pay_000683,cust_02812,2050.26,upi,ICICI,invalid_card,0,15,15,0.118,0
pay_000684,cust_01253,684.74,upi,HDFC,bank_timeout,0,9,1,0.345,0
pay_000685,cust_01700,1368.17,upi,ICICI,account_closed,1,3,3,0.207,0
pay_000686,cust_01251,2060.51,netbanking,SBI,account_closed,0,11,0,0.078,0
pay_000687,cust_01683,844.57,wallet,SBI,insufficient_funds,0,15,6,0.142,0
pay_000688,cust_01556,6968.05,netbanking,ICICI,bank_timeout,1,17,10,0.163,1
pay_000689,cust_02095,1085.79,card,ICICI,insufficient_funds,0,15,15,0.113,0
pay_000690,cust_01257,5446.53,card,AXIS,network_error,0,12,4,0.33,1
pay_000691,cust_01550,1580.91,upi,HDFC,gateway_timeout,2,15,4,0.285,1
pay_000692,cust_01167,515.54,netbanking,ICICI,expired_card,2,14,14,0.085,0
pay_000693,cust_01397,728.13,upi,HDFC,expired_card,1,7,7,0.225,0
pay_000694,cust_02704,2081.54,wallet,KOTAK,invalid_card,2,14,3,0.322,0
pay_000695,cust_00471,4130.78,wallet,SBI,insufficient_funds,0,6,6,0.048,1
pay_000696,cust_01036,7448.9,upi,ICICI,insufficient_funds,2,19,13,0.204,0
pay_000697,cust_01354,2003.35,netbanking,KOTAK,card_blocked,2,18,8,0.169,0
pay_000698,cust_02784,705.01,wallet,SBI,expired_card,1,13,12,0.078,0
pay_000699,cust_02832,2259.25,netbanking,AXIS,invalid_card,0,5,5,0.112,0
pay_000700,cust_00968,934.33,upi,SBI,expired_card,1,12,12,0.151,1
pay_000701,cust_00358,2474.4,netbanking,ICICI,expired_card,0,11,11,0.154,0
pay_000702,cust_00668,851.35,card,KOTAK,card_blocked,0,6,6,0.33,0
pay_000703,cust_00373,339.8,upi,KOTAK,temporary_bank_failure,0,19,11,0.101,1
pay_000704,cust_01032,5184.79,card,KOTAK,gateway_timeout,2,2,2,0.166,1
pay_000705,cust_01146,1508.49,card,SBI,gateway_timeout,1,2,2,0.157,0
pay_000706,cust_01372,1881.32,netbanking,HDFC,invalid_card,0,2,1,0.285,1
pay_000707,cust_02724,4013.27,upi,HDFC,account_closed,2,14,4,0.373,0
pay_000708,cust_00090,8128.06,card,SBI,temporary_bank_failure,1,15,10,0.136,0
pay_000709,cust_02746,3216.55,card,ICICI,bank_timeout,2,12,1,0.155,0
pay_000710,cust_00540,1963.34,wallet,SBI,insufficient_funds,2,15,9,0.051,0
pay_000711,cust_02780,2618.35,netbanking,HDFC,card_blocked,0,1,1,0.118,0
pay_000712,cust_00869,1428.2,card,SBI,network_error,1,5,5,0.077,0
pay_000713,cust_00041,1861.04,wallet,KOTAK,insufficient_funds,2,16,9,0.243,0
pay_000714,cust_00740,2030.2,card,ICICI,temporary_bank_failure,2,5,5,0.035,0
pay_000715,cust_01947,963.62,upi,ICICI,card_blocked,2,17,8,0.086,0
pay_000716,cust_02550,1838.93,upi,AXIS,insufficient_funds,2,11,6,0.373,0
pay_000717,cust_01225,2425.23,netbanking,SBI,insufficient_funds,0,18,11,0.308,0
pay_000718,cust_00929,2734.25,netbanking,KOTAK,bank_timeout,0,11,6,0.09,0
pay_000719,cust_02037,2565.37,card,SBI,expired_card,1,16,15,0.231,1
pay_000720,cust_02509,619.42,upi,AXIS,temporary_bank_failure,2,1,1,0.37,0
pay_000721,cust_02780,4833.89,card,AXIS,insufficient_funds,0,13,13,0.175,1
pay_000722,cust_02800,4523.43,upi,SBI,insufficient_funds,1,12,12,0.33,1
pay_000723,cust_00925,1674.18,upi,SBI,insufficient_funds,1,5,5,0.118,1
pay_000724,cust_02957,2602.97,card,SBI,account_closed,0,16,12,0.051,0
pay_000725,cust_01582,1520.44,upi,HDFC,temporary_bank_failure,0,8,2,0.155,1
pay_000726,cust_00390,3299.63,card,AXIS,network_error,2,7,7,0.119,1
pay_000727,cust_01618,942.54,upi,ICICI,invalid_card,0,13,6,0.245,0
pay_000728,cust_02931,5292.09,upi,HDFC,expired_card,0,1,1,0.148,0
pay_000729,cust_00256,3170.89,card,KOTAK,network_error,0,9,9,0.134,1
pay_000730,cust_00709,3230.35,wallet,ICICI,bank_timeout,1,2,2,0.123,0
pay_000731,cust_01839,1662.3,card,ICICI,expired_card,0,16,2,0.175,1
pay_000732,cust_01945,584.0,upi,ICICI,network_error,1,6,5,0.12,0
pay_000733,cust_02498,3667.07,upi,AXIS,card_blocked,1,11,11,0.075,0
pay_000734,cust_00010,599.65,card,KOTAK,insufficient_funds,0,6,3,0.385,0
pay_000735,cust_02872,3702.55,card,HDFC,account_closed,1,2,2,0.376,0
pay_000736,cust_00798,974.86,netbanking,KOTAK,invalid_card,2,5,4,0.275,0
pay_000737,cust_00877,507.94,upi,HDFC,insufficient_funds,2,2,2,0.216,0
pay_000738,cust_01029,1809.49,card,AXIS,gateway_timeout,1,3,3,0.113,1
pay_000739,cust_01016,4657.53,card,KOTAK,insufficient_funds,0,15,15,0.203,1
pay_000740,cust_01825,835.07,netbanking,ICICI,invalid_card,0,14,14,0.378,1
pay_000741,cust_00374,6497.86,card,KOTAK,expired_card,1,0,0,0.351,1
pay_000742,cust_02194,3057.62,netbanking,AXIS,network_error,0,1,1,0.151,1
pay_000743,cust_00224,2049.62,card,AXIS,insufficient_funds,1,0,0,0.102,0
pay_000744,cust_01263,1276.02,upi,AXIS,gateway_timeout,2,17,13,0.026,1
pay_000745,cust_02225,1349.22,card,HDFC,bank_timeout,1,3,3,0.464,1
pay_000746,cust_01803,2550.73,netbanking,KOTAK,gateway_timeout,1,5,1,0.02,1
pay_000747,cust_00853,3557.57,upi,ICICI,network_error,2,10,1,0.042,1
pay_000748,cust_00063,1124.62,upi,ICICI,account_closed,2,11,11,0.096,0
pay_000749,cust_01241,948.41,card,SBI,bank_timeout,1,7,3,0.119,1
pay_000750,cust_02875,1523.76,upi,AXIS,temporary_bank_failure,2,13,13,0.196,0
pay_000751,cust_02843,5513.21,card,ICICI,expired_card,2,9,2,0.043,0
pay_000752,cust_00689,683.0,card,AXIS,account_closed,0,3,1,0.204,0
pay_000753,cust_01485,4509.68,netbanking,ICICI,temporary_bank_failure,2,14,5,0.273,1
pay_000754,cust_01634,1870.24,upi,KOTAK,insufficient_funds,2,15,13,0.018,1
pay_000755,cust_02153,481.93,card,SBI,gateway_timeout,1,13,7,0.146,0
pay_000756,cust_00511,1249.74,wallet,AXIS,network_error,2,14,10,0.03,1
pay_000757,cust_00385,2944.62,netbanking,HDFC,temporary_bank_failure,1,16,16,0.429,1
pay_000758,cust_00405,7642.28,upi,HDFC,expired_card,0,11,11,0.259,0
pay_000759,cust_02871,625.22,upi,ICICI,expired_card,1,12,12,0.367,1
pay_000760,cust_00518,189.55,netbanking,KOTAK,gateway_timeout,1,13,13,0.062,1
pay_000761,cust_00476,634.2,upi,AXIS,network_error,0,10,10,0.249,1
pay_000762,cust_02001,4466.38,upi,SBI,bank_timeout,0,10,10,0.191,1
pay_000763,cust_02757,430.53,upi,KOTAK,account_closed,2,5,5,0.075,0
pay_000764,cust_01669,5989.74,card,ICICI,expired_card,1,0,0,0.03,1
pay_000765,cust_01894,4778.33,netbanking,KOTAK,expired_card,1,19,9,0.045,0
pay_000766,cust_02819,2106.6,upi,SBI,insufficient_funds,1,7,7,0.291,1
pay_000767,cust_01461,1095.44,upi,KOTAK,insufficient_funds,0,7,4,0.275,0
pay_000768,cust_02725,1889.77,card,AXIS,network_error,1,17,17,0.347,0
pay_000769,cust_00714,2947.96,card,ICICI,network_error,2,12,12,0.061,1
pay_000770,cust_00083,2609.15,card,SBI,network_error,0,13,4,0.087,0
pay_000771,cust_01169,7271.57,card,ICICI,card_blocked,1,14,2,0.072,0
pay_000772,cust_02505,1468.38,upi,AXIS,account_closed,0,3,3,0.168,0
pay_000773,cust_01902,638.63,card,SBI,insufficient_funds,0,18,3,0.182,0
pay_000774,cust_02049,554.56,card,SBI,network_error,0,12,12,0.178,1
pay_000775,cust_00051,472.56,upi,ICICI,temporary_bank_failure,1,8,4,0.043,1
pay_000776,cust_00685,2115.45,upi,KOTAK,temporary_bank_failure,1,15,0,0.274,0
pay_000777,cust_00717,1498.93,card,KOTAK,insufficient_funds,2,8,3,0.143,0
pay_000778,cust_01470,1855.9,card,HDFC,gateway_timeout,0,1,0,0.149,1
pay_000779,cust_00449,1176.56,netbanking,HDFC,card_blocked,1,9,9,0.188,0
pay_000780,cust_00881,743.87,card,SBI,expired_card,1,6,2,0.061,0
pay_000781,cust_00488,2955.63,netbanking,ICICI,bank_timeout,2,8,8,0.117,1
pay_000782,cust_01824,252.03,card,SBI,temporary_bank_failure,1,7,4,0.35,1
pay_000783,cust_02082,952.15,upi,ICICI,bank_timeout,1,19,10,0.099,0
pay_000784,cust_02143,3392.06,card,AXIS,temporary_bank_failure,1,18,16,0.24,1
pay_000785,cust_01575,879.48,netbanking,HDFC,card_blocked,0,0,0,0.12,0
pay_000786,cust_02202,2473.38,card,SBI,expired_card,2,0,0,0.117,0
pay_000787,cust_00250,953.17,card,AXIS,bank_timeout,2,19,13,0.194,1
pay_000788,cust_00674,1255.54,card,KOTAK,temporary_bank_failure,2,7,7,0.254,1
pay_000789,cust_00438,2863.89,netbanking,HDFC,gateway_timeout,1,3,3,0.508,1
pay_000790,cust_02166,650.49,netbanking,ICICI,insufficient_funds,1,3,3,0.644,0
pay_000791,cust_00771,3282.05,card,KOTAK,insufficient_funds,1,14,14,0.323,0
pay_000792,cust_00268,1875.7,card,KOTAK,bank_timeout,0,1,1,0.309,1
pay_000793,cust_01985,4940.15,upi,AXIS,insufficient_funds,0,16,12,0.379,0
pay_000794,cust_01078,2135.64,netbanking,SBI,bank_timeout,2,7,7,0.074,1
pay_000795,cust_00236,768.48,upi,SBI,insufficient_funds,0,15,15,0.056,0
pay_000796,cust_00389,7204.03,netbanking,AXIS,network_error,0,5,5,0.153,1
pay_000797,cust_00763,821.59,card,KOTAK,bank_timeout,1,0,0,0.238,0
pay_000798,cust_01849,1507.6,card,HDFC,temporary_bank_failure,1,4,4,0.027,0
pay_000799,cust_02449,3889.08,card,KOTAK,bank_timeout,2,18,4,0.051,1
pay_000800,cust_00624,401.84,upi,AXIS,temporary_bank_failure,1,17,2,0.121,0
pay_000801,cust_02815,5720.06,card,KOTAK,account_closed,1,2,2,0.219,0
pay_000802,cust_02967,720.03,card,KOTAK,temporary_bank_failure,0,1,1,0.392,0
pay_000803,cust_01253,1256.39,card,KOTAK,insufficient_funds,2,1,1,0.218,1
pay_000804,cust_02901,2278.08,upi,KOTAK,insufficient_funds,0,0,0,0.219,1
pay_000805,cust_00578,1748.71,card,HDFC,network_error,2,2,1,0.065,0
pay_000806,cust_02123,3399.35,card,ICICI,gateway_timeout,2,18,17,0.618,0
pay_000807,cust_00435,502.38,netbanking,ICICI,account_closed,1,3,3,0.317,0
pay_000808,cust_02151,3235.57,card,SBI,bank_timeout,0,2,2,0.032,1
pay_000809,cust_00764,3448.84,card,ICICI,card_blocked,0,7,7,0.277,0
pay_000810,cust_02786,4119.06,upi,ICICI,account_closed,1,11,6,0.109,0
pay_000811,cust_02854,506.88,netbanking,ICICI,account_closed,2,3,1,0.077,0
pay_000812,cust_01330,558.28,upi,KOTAK,network_error,2,13,13,0.165,1
pay_000813,cust_02146,1374.85,card,KOTAK,insufficient_funds,2,9,9,0.466,0
pay_000814,cust_02846,608.71,netbanking,HDFC,insufficient_funds,2,16,13,0.259,0
pay_000815,cust_01359,427.02,upi,KOTAK,bank_timeout,1,17,5,0.248,0
pay_000816,cust_02907,1328.26,card,KOTAK,insufficient_funds,2,6,4,0.142,1
pay_000817,cust_02483,2180.42,upi,ICICI,account_closed,0,12,12,0.153,0
pay_000818,cust_00447,16969.68,upi,HDFC,card_blocked,2,12,3,0.233,0
pay_000819,cust_02018,2804.39,upi,HDFC,temporary_bank_failure,2,1,1,0.301,0
pay_000820,cust_01332,7345.3,netbanking,ICICI,temporary_bank_failure,2,7,4,0.138,1
pay_000821,cust_00249,1745.3,upi,ICICI,temporary_bank_failure,1,19,11,0.362,0
pay_000822,cust_00166,2828.93,netbanking,HDFC,network_error,2,10,10,0.248,0
pay_000823,cust_01359,1608.55,upi,AXIS,gateway_timeout,1,1,1,0.236,1
pay_000824,cust_01020,15467.53,card,ICICI,invalid_card,0,11,11,0.353,1
pay_000825,cust_00542,1044.74,upi,ICICI,expired_card,2,4,4,0.114,0
pay_000826,cust_00759,1164.47,card,HDFC,account_closed,2,15,11,0.511,0
pay_000827,cust_02129,3419.44,card,AXIS,temporary_bank_failure,0,0,0,0.134,1
pay_000828,cust_02181,2134.48,upi,AXIS,insufficient_funds,2,11,11,0.029,0
pay_000829,cust_00797,1287.77,upi,SBI,invalid_card,2,4,4,0.238,0
pay_000830,cust_02948,3898.32,card,AXIS,account_closed,1,0,0,0.069,0
pay_000831,cust_00138,1749.49,card,ICICI,account_closed,1,2,2,0.175,0
pay_000832,cust_02232,1739.66,card,KOTAK,insufficient_funds,0,3,3,0.344,1
pay_000833,cust_01354,2174.31,netbanking,HDFC,account_closed,1,8,8,0.274,0
pay_000834,cust_02833,451.56,card,ICICI,gateway_timeout,1,16,9,0.211,0
pay_000835,cust_01876,505.42,upi,HDFC,account_closed,0,11,2,0.198,0
pay_000836,cust_00069,4313.55,upi,AXIS,invalid_card,0,18,9,0.01,0
pay_000837,cust_02594,1051.98,upi,HDFC,network_error,2,2,2,0.193,1
pay_000838,cust_02101,1625.61,card,ICICI,card_blocked,2,19,9,0.18,0
pay_000839,cust_01474,6567.91,card,KOTAK,network_error,2,9,3,0.475,0
pay_000840,cust_00205,1685.31,netbanking,ICICI,account_closed,2,19,2,0.313,0
pay_000841,cust_02174,1528.33,upi,SBI,insufficient_funds,1,7,7,0.062,0
pay_000842,cust_00043,3702.86,upi,HDFC,expired_card,1,2,2,0.237,1
pay_000843,cust_01907,1120.34,upi,ICICI,bank_timeout,0,10,10,0.081,1
pay_000844,cust_02159,4733.14,card,AXIS,bank_timeout,0,14,4,0.118,1
pay_000845,cust_00761,3642.58,card,AXIS,card_blocked,1,19,19,0.068,0
pay_000846,cust_02896,7818.65,netbanking,ICICI,temporary_bank_failure,2,11,9,0.271,1
pay_000847,cust_02143,1040.78,netbanking,SBI,account_closed,2,2,1,0.326,0
pay_000848,cust_01995,5396.9,upi,HDFC,expired_card,2,6,0,0.159,0
pay_000849,cust_01936,2816.57,upi,SBI,insufficient_funds,2,0,0,0.112,1
pay_000850,cust_00900,626.22,card,KOTAK,expired_card,0,9,9,0.422,0
pay_000851,cust_00360,226.57,card,ICICI,bank_timeout,1,16,2,0.217,0
pay_000852,cust_02948,954.87,upi,SBI,gateway_timeout,0,5,3,0.059,1
pay_000853,cust_01720,2284.44,netbanking,KOTAK,insufficient_funds,1,18,0,0.199,1
pay_000854,cust_00281,2565.42,card,SBI,account_closed,2,11,11,0.07,0
pay_000855,cust_01888,1724.57,card,KOTAK,expired_card,0,1,1,0.146,0
pay_000856,cust_00667,1736.97,card,AXIS,network_error,1,11,7,0.331,0
pay_000857,cust_00093,1634.68,card,AXIS,card_blocked,1,18,18,0.097,0
pay_000858,cust_00672,4125.63,upi,ICICI,expired_card,1,8,4,0.041,1
pay_000859,cust_01970,573.05,wallet,SBI,insufficient_funds,1,5,5,0.102,1
pay_000860,cust_00061,2240.9,netbanking,AXIS,invalid_card,2,16,16,0.151,1
pay_000861,cust_02682,936.17,netbanking,HDFC,insufficient_funds,2,1,1,0.194,0
pay_000862,cust_01029,875.48,upi,AXIS,expired_card,1,6,6,0.13,1
pay_000863,cust_01490,4633.11,upi,AXIS,insufficient_funds,1,5,5,0.329,0
pay_000864,cust_00604,823.36,wallet,SBI,network_error,1,13,12,0.339,1
pay_000865,cust_00682,1617.09,card,KOTAK,insufficient_funds,2,16,2,0.234,0
pay_000866,cust_02582,8662.85,netbanking,HDFC,temporary_bank_failure,0,17,7,0.222,1
pay_000867,cust_01429,3534.98,upi,HDFC,insufficient_funds,1,5,5,0.076,0
pay_000868,cust_02886,1256.42,card,KOTAK,bank_timeout,0,11,11,0.254,0
pay_000869,cust_02693,1342.25,upi,SBI,network_error,2,5,5,0.176,0
pay_000870,cust_02281,677.38,card,AXIS,invalid_card,2,13,6,0.138,0
pay_000871,cust_00524,5117.99,card,KOTAK,gateway_timeout,2,12,12,0.22,1
pay_000872,cust_02394,4060.58,card,HDFC,expired_card,2,8,3,0.011,0
pay_000873,cust_02594,3131.55,netbanking,HDFC,insufficient_funds,2,17,7,0.109,1
pay_000874,cust_01969,3420.24,upi,AXIS,temporary_bank_failure,0,9,1,0.32,0
pay_000875,cust_01102,973.0,card,AXIS,insufficient_funds,0,9,9,0.305,1
pay_000876,cust_01754,524.09,card,ICICI,account_closed,0,13,7,0.059,0
pay_000877,cust_01837,2831.13,upi,KOTAK,temporary_bank_failure,0,8,8,0.118,1
pay_000878,cust_02842,3680.66,card,AXIS,gateway_timeout,1,8,4,0.274,1
pay_000879,cust_02297,6539.64,upi,ICICI,network_error,2,8,8,0.189,0
pay_000880,cust_02095,1539.62,upi,SBI,temporary_bank_failure,0,2,2,0.344,0
pay_000881,cust_01145,1370.05,upi,HDFC,account_closed,0,8,8,0.075,0
pay_000882,cust_02262,1493.07,card,KOTAK,invalid_card,1,12,12,0.19,1
pay_000883,cust_02287,3092.07,upi,SBI,gateway_timeout,1,9,4,0.222,0
pay_000884,cust_01080,1442.78,card,KOTAK,bank_timeout,2,2,2,0.195,0
pay_000885,cust_02398,1734.04,card,KOTAK,gateway_timeout,2,19,11,0.234,0
pay_000886,cust_00107,3515.17,card,AXIS,invalid_card,1,3,3,0.282,0
pay_000887,cust_02879,1095.9,card,ICICI,bank_timeout,1,13,4,0.183,0
pay_000888,cust_00048,5502.31,netbanking,KOTAK,invalid_card,1,12,12,0.17,1
pay_000889,cust_00337,3000.31,upi,SBI,expired_card,2,19,17,0.056,0
pay_000890,cust_01050,409.08,upi,KOTAK,bank_timeout,1,6,2,0.439,0
pay_000891,cust_02852,1197.17,upi,ICICI,expired_card,0,6,6,0.389,0
pay_000892,cust_01281,358.0,card,HDFC,temporary_bank_failure,2,5,5,0.231,0
pay_000893,cust_02056,1544.81,card,KOTAK,network_error,2,7,7,0.102,0
pay_000894,cust_00625,1213.61,netbanking,SBI,gateway_timeout,0,5,5,0.252,1
pay_000895,cust_01891,3525.87,card,HDFC,network_error,0,3,3,0.258,1
pay_000896,cust_01277,893.53,upi,HDFC,account_closed,2,4,4,0.405,0
pay_000897,cust_01716,2465.59,card,AXIS,invalid_card,2,17,3,0.328,0
pay_000898,cust_02767,2850.01,netbanking,AXIS,card_blocked,1,1,1,0.453,0
pay_000899,cust_00303,2221.1,netbanking,KOTAK,insufficient_funds,1,13,8,0.212,0
pay_000900,cust_00639,4501.2,card,SBI,bank_timeout,0,13,10,0.09,1
pay_000901,cust_00056,9458.14,upi,AXIS,temporary_bank_failure,0,4,4,0.225,1
pay_000902,cust_00726,1977.43,card,ICICI,account_closed,0,10,10,0.352,0
pay_000903,cust_00526,2500.24,upi,ICICI,gateway_timeout,0,19,7,0.106,0
pay_000904,cust_00474,894.06,card,HDFC,insufficient_funds,1,2,1,0.173,0
pay_000905,cust_00028,799.82,card,HDFC,gateway_timeout,2,15,15,0.102,1
pay_000906,cust_02126,4134.26,card,HDFC,network_error,1,19,1,0.049,0
pay_000907,cust_00365,3719.04,netbanking,ICICI,bank_timeout,0,7,7,0.16,1
pay_000908,cust_02714,793.38,netbanking,AXIS,network_error,1,19,4,0.2,1
pay_000909,cust_00526,634.87,card,AXIS,temporary_bank_failure,0,14,8,0.261,0
pay_000910,cust_02747,1076.01,upi,KOTAK,network_error,1,13,1,0.154,0
pay_000911,cust_01336,1614.69,card,SBI,insufficient_funds,2,13,8,0.295,0
pay_000912,cust_00883,1303.36,card,ICICI,insufficient_funds,0,7,7,0.136,1
pay_000913,cust_01031,2055.78,netbanking,HDFC,insufficient_funds,1,0,0,0.301,1
pay_000914,cust_01027,3765.55,card,SBI,bank_timeout,0,15,6,0.223,1
pay_000915,cust_01647,2616.74,upi,HDFC,expired_card,2,11,5,0.12,0
pay_000916,cust_00919,2776.36,card,SBI,gateway_timeout,0,13,13,0.273,0
pay_000917,cust_02798,254.37,card,SBI,account_closed,2,8,8,0.238,0
pay_000918,cust_02411,497.14,upi,AXIS,insufficient_funds,1,13,13,0.224,0
pay_000919,cust_01775,956.07,netbanking,KOTAK,bank_timeout,2,12,6,0.143,0
pay_000920,cust_01532,1091.04,upi,KOTAK,bank_timeout,0,18,7,0.099,1
pay_000921,cust_02854,3539.93,card,HDFC,expired_card,1,15,15,0.076,1
pay_000922,cust_02787,895.05,netbanking,ICICI,gateway_timeout,0,18,18,0.056,1
pay_000923,cust_01907,3082.64,netbanking,KOTAK,temporary_bank_failure,0,16,1,0.079,1
pay_000924,cust_01216,964.79,card,ICICI,gateway_timeout,1,4,4,0.089,1
pay_000925,cust_01655,691.8,card,HDFC,bank_timeout,2,2,1,0.383,0
pay_000926,cust_00485,717.98,card,ICICI,gateway_timeout,2,0,0,0.321,0
pay_000927,cust_02076,11010.59,card,SBI,temporary_bank_failure,1,6,6,0.275,1
pay_000928,cust_00714,947.77,upi,SBI,invalid_card,1,6,3,0.038,0
pay_000929,cust_01063,3142.55,card,HDFC,network_error,0,16,16,0.106,1
pay_000930,cust_01977,519.8,card,ICICI,invalid_card,0,6,6,0.26,1
pay_000931,cust_01297,5625.94,card,ICICI,insufficient_funds,1,12,12,0.512,1
pay_000932,cust_01255,2390.44,upi,HDFC,bank_timeout,1,12,12,0.277,1
pay_000933,cust_02134,2251.12,upi,KOTAK,card_blocked,0,9,6,0.288,0
pay_000934,cust_00126,2517.6,upi,AXIS,invalid_card,0,19,0,0.418,0
pay_000935,cust_02860,2749.57,card,KOTAK,network_error,2,1,1,0.6,0
pay_000936,cust_00537,3453.88,upi,AXIS,insufficient_funds,1,5,5,0.416,0
pay_000937,cust_02193,1119.59,card,ICICI,account_closed,0,6,6,0.099,0
pay_000938,cust_02073,1068.41,netbanking,AXIS,card_blocked,2,12,12,0.068,0
pay_000939,cust_01604,1880.66,card,AXIS,invalid_card,0,7,7,0.256,0
pay_000940,cust_00067,3126.1,card,ICICI,expired_card,1,12,12,0.051,0
pay_000941,cust_00233,1714.16,card,SBI,temporary_bank_failure,2,10,4,0.243,0
pay_000942,cust_02157,3358.07,card,AXIS,card_blocked,0,9,1,0.41,0
pay_000943,cust_01170,2963.92,card,HDFC,network_error,1,3,3,0.068,1
pay_000944,cust_02159,1519.92,upi,KOTAK,bank_timeout,1,9,2,0.372,1
pay_000945,cust_02276,446.86,netbanking,ICICI,card_blocked,1,16,14,0.074,0
pay_000946,cust_00111,1208.55,card,ICICI,network_error,1,7,7,0.067,1
pay_000947,cust_01494,7289.85,upi,AXIS,insufficient_funds,2,19,0,0.089,0
pay_000948,cust_02082,2373.33,upi,SBI,insufficient_funds,0,4,4,0.213,0
pay_000949,cust_00623,1083.94,card,SBI,account_closed,0,19,10,0.203,0
pay_000950,cust_02796,2209.5,card,KOTAK,gateway_timeout,1,14,14,0.051,0
pay_000951,cust_02643,3106.7,card,KOTAK,insufficient_funds,0,9,9,0.123,1
pay_000952,cust_02473,1084.36,netbanking,SBI,bank_timeout,1,18,18,0.307,0
pay_000953,cust_02661,4857.64,netbanking,SBI,network_error,0,17,6,0.166,1
pay_000954,cust_01542,2688.02,card,SBI,account_closed,0,11,11,0.118,0
pay_000955,cust_02740,750.0,card,AXIS,insufficient_funds,0,1,1,0.084,1
pay_000956,cust_01306,3587.08,upi,HDFC,network_error,2,6,6,0.113,0
pay_000957,cust_01762,1302.85,upi,KOTAK,temporary_bank_failure,1,10,1,0.462,1
pay_000958,cust_01976,1566.65,upi,ICICI,temporary_bank_failure,2,14,6,0.15,0
pay_000959,cust_02363,802.09,card,SBI,insufficient_funds,0,11,7,0.154,0
pay_000960,cust_00877,2996.37,wallet,SBI,bank_timeout,2,9,9,0.337,0
pay_000961,cust_01990,1605.05,upi,HDFC,network_error,2,12,5,0.237,0
pay_000962,cust_01313,3099.53,card,SBI,temporary_bank_failure,2,1,0,0.18,0
pay_000963,cust_01461,1163.53,upi,KOTAK,card_blocked,0,14,10,0.234,0
pay_000964,cust_02710,1061.75,card,SBI,insufficient_funds,2,7,7,0.162,1
pay_000965,cust_02325,995.11,card,HDFC,insufficient_funds,0,5,3,0.072,1
pay_000966,cust_01734,2482.01,upi,AXIS,network_error,1,3,3,0.092,0
pay_000967,cust_01606,1049.13,card,KOTAK,insufficient_funds,0,7,7,0.191,1
pay_000968,cust_01527,1536.88,upi,AXIS,card_blocked,0,19,7,0.304,0
pay_000969,cust_02672,1194.23,card,ICICI,insufficient_funds,0,4,4,0.201,1
pay_000970,cust_02564,2571.04,upi,HDFC,network_error,1,19,17,0.521,1
pay_000971,cust_02891,451.13,card,ICICI,card_blocked,1,7,7,0.01,0
pay_000972,cust_02398,2203.11,upi,ICICI,insufficient_funds,0,13,13,0.043,0
pay_000973,cust_01631,7223.35,card,ICICI,temporary_bank_failure,0,16,16,0.143,0
pay_000974,cust_02871,4860.13,card,ICICI,insufficient_funds,1,19,0,0.054,0
pay_000975,cust_01161,1103.98,upi,HDFC,network_error,1,1,1,0.268,1
pay_000976,cust_00759,2685.66,card,AXIS,bank_timeout,0,18,12,0.087,1
pay_000977,cust_02947,2299.51,card,SBI,account_closed,1,3,3,0.151,0
pay_000978,cust_00243,5857.71,card,ICICI,gateway_timeout,0,13,13,0.119,1
pay_000979,cust_02591,242.72,wallet,SBI,invalid_card,0,6,6,0.055,0
pay_000980,cust_01064,4404.11,card,SBI,card_blocked,0,15,10,0.246,0
pay_000981,cust_00229,1459.7,upi,ICICI,expired_card,1,9,9,0.295,1
pay_000982,cust_02596,997.66,upi,KOTAK,expired_card,1,10,9,0.023,1
pay_000983,cust_00920,975.12,card,SBI,card_blocked,1,4,4,0.363,0
pay_000984,cust_01247,639.11,upi,KOTAK,insufficient_funds,0,11,11,0.545,0
pay_000985,cust_00006,1106.22,netbanking,AXIS,temporary_bank_failure,0,14,13,0.13,1
pay_000986,cust_00468,762.2,upi,SBI,card_blocked,2,9,9,0.136,0
pay_000987,cust_01756,2088.44,netbanking,HDFC,bank_timeout,0,1,1,0.118,1
pay_000988,cust_00075,2898.5,card,AXIS,network_error,0,17,14,0.096,1
pay_000989,cust_00004,1472.54,upi,AXIS,temporary_bank_failure,2,10,5,0.079,0
pay_000990,cust_01871,6001.58,card,KOTAK,invalid_card,0,4,4,0.299,1
pay_000991,cust_00646,1165.92,card,ICICI,account_closed,0,5,5,0.498,0
pay_000992,cust_00118,1412.21,upi,HDFC,insufficient_funds,1,12,12,0.299,1
pay_000993,cust_02929,1238.49,upi,HDFC,temporary_bank_failure,2,16,3,0.145,0
pay_000994,cust_01630,2918.7,card,KOTAK,temporary_bank_failure,1,15,3,0.4,0
pay_000995,cust_02552,3164.21,card,KOTAK,expired_card,2,0,0,0.229,0
pay_000996,cust_02022,2687.3,upi,AXIS,network_error,0,12,6,0.063,1
pay_000997,cust_00947,1637.15,upi,KOTAK,insufficient_funds,2,9,9,0.187,0
pay_000998,cust_02622,618.63,card,ICICI,insufficient_funds,1,12,3,0.073,1
pay_000999,cust_01465,1400.31,card,AXIS,expired_card,0,19,0,0.169,0
pay_001000,cust_00194,5898.84,upi,AXIS,insufficient_funds,1,17,7,0.142,0
pay_001001,cust_00847,4066.71,upi,AXIS,bank_timeout,2,17,11,0.174,0
pay_001002,cust_02763,2287.56,card,HDFC,expired_card,2,3,3,0.098,0
pay_001003,cust_01416,1329.34,card,HDFC,bank_timeout,2,2,2,0.237,0
pay_001004,cust_01459,1788.45,card,AXIS,gateway_timeout,1,15,10,0.288,1
pay_001005,cust_02221,1334.08,netbanking,ICICI,gateway_timeout,0,6,6,0.357,1
pay_001006,cust_01669,4695.88,upi,SBI,bank_timeout,0,6,6,0.121,1
pay_001007,cust_02374,924.11,card,AXIS,bank_timeout,1,1,1,0.107,1
pay_001008,cust_01434,3785.51,netbanking,KOTAK,bank_timeout,1,15,11,0.102,0
pay_001009,cust_01142,1183.98,card,SBI,gateway_timeout,1,4,4,0.226,0
pay_001010,cust_02884,5201.7,card,HDFC,network_error,0,7,7,0.087,0
pay_001011,cust_01811,2543.82,netbanking,HDFC,bank_timeout,2,7,7,0.308,0
pay_001012,cust_00724,992.76,netbanking,SBI,network_error,1,10,10,0.097,1
pay_001013,cust_00225,1411.7,upi,KOTAK,insufficient_funds,1,19,0,0.079,0
pay_001014,cust_00532,3194.9,upi,HDFC,invalid_card,2,9,2,0.225,0
pay_001015,cust_00113,1212.8,card,HDFC,gateway_timeout,0,0,0,0.401,0
pay_001016,cust_02188,1840.35,netbanking,AXIS,insufficient_funds,1,5,5,0.068,0
pay_001017,cust_00559,1199.48,upi,ICICI,insufficient_funds,1,6,6,0.128,1
pay_001018,cust_02049,7385.65,card,KOTAK,account_closed,1,16,5,0.149,0
pay_001019,cust_02138,8474.84,upi,AXIS,network_error,2,15,14,0.007,0
pay_001020,cust_00654,5828.41,netbanking,ICICI,insufficient_funds,2,13,4,0.175,1
pay_001021,cust_00320,1636.8,netbanking,HDFC,expired_card,2,2,2,0.175,1
pay_001022,cust_01574,1310.02,upi,ICICI,insufficient_funds,2,8,5,0.344,0
pay_001023,cust_01829,969.39,upi,HDFC,insufficient_funds,0,9,9,0.22,0
pay_001024,cust_01918,6176.93,card,AXIS,card_blocked,2,2,2,0.117,0
pay_001025,cust_00139,3806.93,upi,HDFC,card_blocked,1,11,1,0.208,0
pay_001026,cust_02893,3956.08,upi,ICICI,insufficient_funds,1,3,3,0.094,0
pay_001027,cust_02027,1480.39,card,AXIS,gateway_timeout,1,11,11,0.511,1
pay_001028,cust_02307,443.05,netbanking,ICICI,invalid_card,1,12,12,0.069,0
pay_001029,cust_00902,532.53,netbanking,ICICI,insufficient_funds,0,6,3,0.45,0
pay_001030,cust_00690,1893.36,card,SBI,card_blocked,0,18,10,0.076,0
pay_001031,cust_02040,1190.18,netbanking,HDFC,expired_card,0,17,17,0.267,1
pay_001032,cust_00010,1085.55,upi,HDFC,bank_timeout,0,17,10,0.155,0
pay_001033,cust_00261,2383.01,upi,ICICI,gateway_timeout,0,8,8,0.089,1
pay_001034,cust_01943,4068.09,netbanking,HDFC,invalid_card,0,6,6,0.185,0
pay_001035,cust_01674,1031.76,card,KOTAK,account_closed,2,6,6,0.116,0
pay_001036,cust_02220,636.2,upi,HDFC,account_closed,0,12,3,0.089,0
pay_001037,cust_02946,1051.55,card,AXIS,card_blocked,0,5,2,0.087,0
pay_001038,cust_02061,784.33,upi,HDFC,insufficient_funds,1,6,6,0.226,0
pay_001039,cust_01192,2905.22,upi,KOTAK,bank_timeout,1,12,12,0.341,1
pay_001040,cust_01620,1802.11,card,ICICI,expired_card,0,19,5,0.142,0
pay_001041,cust_00321,8138.75,card,HDFC,bank_timeout,2,5,5,0.182,1
pay_001042,cust_01343,3254.35,card,AXIS,card_blocked,2,16,0,0.434,0
pay_001043,cust_01637,7716.26,card,KOTAK,invalid_card,2,19,18,0.282,0
pay_001044,cust_02377,588.1,card,SBI,card_blocked,2,17,9,0.124,0
pay_001045,cust_02833,133.98,upi,ICICI,gateway_timeout,0,19,2,0.252,0
pay_001046,cust_02825,2196.0,netbanking,ICICI,bank_timeout,2,7,7,0.142,0
pay_001047,cust_01995,1995.35,netbanking,ICICI,insufficient_funds,0,17,6,0.082,0
pay_001048,cust_02959,1638.89,netbanking,KOTAK,bank_timeout,0,14,5,0.27,0
pay_001049,cust_01944,1952.05,netbanking,HDFC,expired_card,0,0,0,0.351,1
pay_001050,cust_02039,735.67,card,HDFC,insufficient_funds,0,0,0,0.49,1
pay_001051,cust_01119,2837.11,upi,HDFC,invalid_card,0,6,6,0.034,0
pay_001052,cust_01605,3258.28,upi,HDFC,temporary_bank_failure,1,15,10,0.496,0
pay_001053,cust_02366,692.43,card,ICICI,account_closed,0,19,1,0.305,0
pay_001054,cust_00236,1362.52,upi,SBI,expired_card,0,13,6,0.044,1
pay_001055,cust_01970,1431.54,upi,ICICI,card_blocked,0,11,11,0.088,0
pay_001056,cust_00334,1057.17,netbanking,SBI,network_error,1,4,4,0.192,0
pay_001057,cust_01909,714.16,upi,SBI,bank_timeout,1,6,5,0.076,0
pay_001058,cust_00376,1826.22,wallet,HDFC,account_closed,0,11,11,0.151,0
pay_001059,cust_01161,2227.52,card,AXIS,temporary_bank_failure,2,18,14,0.274,1
pay_001060,cust_02636,1109.71,card,KOTAK,gateway_timeout,0,4,2,0.279,1
pay_001061,cust_01571,755.49,wallet,AXIS,card_blocked,2,6,6,0.038,0
pay_001062,cust_02561,2511.02,card,SBI,gateway_timeout,2,6,6,0.326,0
pay_001063,cust_01320,978.62,card,AXIS,temporary_bank_failure,0,12,3,0.126,1
pay_001064,cust_02966,1411.82,upi,SBI,bank_timeout,2,19,9,0.283,0
pay_001065,cust_01856,1275.56,netbanking,ICICI,gateway_timeout,1,16,10,0.249,0
pay_001066,cust_01373,4897.93,card,ICICI,expired_card,0,4,0,0.046,0
pay_001067,cust_00873,1015.21,card,HDFC,network_error,1,13,9,0.09,1
pay_001068,cust_01253,7189.82,upi,KOTAK,expired_card,1,10,10,0.188,0
pay_001069,cust_02318,3300.54,upi,ICICI,insufficient_funds,0,19,7,0.133,1
pay_001070,cust_01852,7759.86,card,KOTAK,account_closed,0,18,8,0.453,0
pay_001071,cust_02846,3077.0,netbanking,HDFC,network_error,0,3,0,0.105,0
pay_001072,cust_01315,1514.99,upi,KOTAK,invalid_card,1,16,11,0.118,0
pay_001073,cust_00725,867.93,netbanking,ICICI,card_blocked,0,16,15,0.093,0
pay_001074,cust_02053,1360.59,card,ICICI,invalid_card,1,2,2,0.177,0
pay_001075,cust_02899,5942.14,upi,AXIS,gateway_timeout,2,13,11,0.228,1
pay_001076,cust_00078,1740.01,wallet,AXIS,network_error,0,5,5,0.114,1
pay_001077,cust_02622,3067.86,upi,AXIS,bank_timeout,1,9,9,0.187,1
pay_001078,cust_00132,2133.62,card,KOTAK,expired_card,0,16,15,0.334,0
pay_001079,cust_00601,2207.75,wallet,ICICI,bank_timeout,1,1,1,0.314,0
pay_001080,cust_01773,2276.8,upi,HDFC,account_closed,1,11,11,0.666,0
pay_001081,cust_01066,2687.25,netbanking,SBI,card_blocked,2,15,7,0.149,0
pay_001082,cust_02137,942.67,card,ICICI,bank_timeout,0,15,4,0.283,1
pay_001083,cust_02450,1451.1,upi,AXIS,gateway_timeout,1,2,2,0.148,0
pay_001084,cust_02344,2315.66,netbanking,AXIS,card_blocked,0,17,15,0.292,0
pay_001085,cust_01864,2060.68,upi,KOTAK,insufficient_funds,1,6,3,0.384,0
pay_001086,cust_01319,1250.17,card,AXIS,insufficient_funds,2,9,9,0.169,0
pay_001087,cust_00616,2523.19,card,KOTAK,invalid_card,1,7,7,0.193,1
pay_001088,cust_02848,975.63,card,HDFC,network_error,1,17,3,0.391,1
pay_001089,cust_02470,679.66,card,AXIS,card_blocked,0,16,16,0.456,0
pay_001090,cust_01889,2289.27,upi,KOTAK,invalid_card,2,2,2,0.212,0
pay_001091,cust_01047,693.12,card,AXIS,network_error,1,7,1,0.164,0
pay_001092,cust_00575,2262.21,card,KOTAK,bank_timeout,0,19,1,0.15,0
pay_001093,cust_02191,378.51,card,ICICI,card_blocked,1,4,4,0.128,0
pay_001094,cust_00993,1012.33,upi,KOTAK,expired_card,0,19,3,0.279,1
pay_001095,cust_02713,1391.22,upi,SBI,bank_timeout,2,11,4,0.014,0
pay_001096,cust_02193,500.04,upi,HDFC,bank_timeout,2,5,5,0.107,1
pay_001097,cust_01249,1341.93,netbanking,ICICI,bank_timeout,0,9,9,0.244,0
pay_001098,cust_00503,4665.81,card,HDFC,card_blocked,2,9,2,0.229,0
pay_001099,cust_01998,654.42,upi,ICICI,insufficient_funds,0,0,0,0.167,0
pay_001100,cust_00821,1371.56,card,AXIS,insufficient_funds,0,8,8,0.089,1
pay_001101,cust_02152,7059.4,card,KOTAK,card_blocked,2,17,7,0.138,0
pay_001102,cust_01971,773.18,upi,AXIS,insufficient_funds,2,2,2,0.246,0
pay_001103,cust_00198,5529.09,netbanking,HDFC,insufficient_funds,0,0,0,0.17,0
pay_001104,cust_01670,1446.35,card,HDFC,card_blocked,0,9,5,0.124,0
pay_001105,cust_02627,1961.63,card,ICICI,bank_timeout,2,2,2,0.227,1
pay_001106,cust_02439,5080.61,upi,HDFC,card_blocked,2,17,5,0.056,0
pay_001107,cust_01203,1226.5,upi,KOTAK,network_error,0,6,6,0.274,1
pay_001108,cust_02602,2995.36,card,HDFC,insufficient_funds,0,6,6,0.147,0
pay_001109,cust_01472,3669.01,upi,AXIS,temporary_bank_failure,0,9,9,0.079,1
pay_001110,cust_01647,1074.22,wallet,KOTAK,card_blocked,2,12,3,0.237,0
pay_001111,cust_01693,983.24,card,HDFC,insufficient_funds,1,3,3,0.146,1
pay_001112,cust_01313,1505.86,card,SBI,bank_timeout,0,11,11,0.226,1
pay_001113,cust_02036,1544.02,card,SBI,network_error,1,2,2,0.171,1
pay_001114,cust_00478,762.68,upi,AXIS,gateway_timeout,2,15,11,0.1,0
pay_001115,cust_01255,1082.17,card,ICICI,expired_card,1,10,10,0.103,0
pay_001116,cust_00923,112.9,wallet,ICICI,insufficient_funds,1,2,2,0.225,0
pay_001117,cust_00420,1383.79,upi,HDFC,account_closed,0,7,4,0.146,0
pay_001118,cust_02205,3697.88,card,KOTAK,account_closed,1,6,6,0.202,0
pay_001119,cust_02598,476.59,card,ICICI,insufficient_funds,2,13,13,0.23,0
pay_001120,cust_01121,1248.23,upi,SBI,insufficient_funds,0,1,1,0.23,0
pay_001121,cust_00951,12757.39,card,ICICI,temporary_bank_failure,1,9,4,0.167,0
pay_001122,cust_02337,1775.7,netbanking,SBI,card_blocked,1,2,1,0.333,0
pay_001123,cust_01278,5353.12,card,ICICI,bank_timeout,1,10,10,0.067,1
pay_001124,cust_02244,804.7,card,AXIS,gateway_timeout,1,18,3,0.128,0
pay_001125,cust_02646,2589.07,upi,KOTAK,expired_card,0,7,7,0.366,0
pay_001126,cust_01858,702.21,card,HDFC,card_blocked,0,19,9,0.483,0
pay_001127,cust_00517,2492.03,upi,SBI,insufficient_funds,0,4,4,0.434,1
pay_001128,cust_01659,3546.79,card,ICICI,account_closed,2,8,6,0.061,0
pay_001129,cust_01866,2933.59,upi,HDFC,bank_timeout,2,12,1,0.07,0
pay_001130,cust_02913,1372.03,upi,SBI,insufficient_funds,0,10,3,0.424,1
pay_001131,cust_01142,2252.84,upi,SBI,temporary_bank_failure,0,1,1,0.219,1
pay_001132,cust_02854,2270.13,upi,AXIS,invalid_card,2,11,11,0.19,1
pay_001133,cust_01933,3080.33,card,ICICI,gateway_timeout,1,2,2,0.238,1
pay_001134,cust_00815,1637.6,upi,HDFC,insufficient_funds,0,14,4,0.111,0
pay_001135,cust_02276,3808.2,card,ICICI,bank_timeout,0,0,0,0.383,0
pay_001136,cust_01901,5696.94,upi,ICICI,gateway_timeout,1,10,5,0.117,1
pay_001137,cust_02264,1402.07,wallet,KOTAK,bank_timeout,2,9,9,0.178,0
pay_001138,cust_02996,1876.48,card,SBI,temporary_bank_failure,2,2,2,0.325,1
pay_001139,cust_02063,876.69,upi,SBI,bank_timeout,0,13,1,0.261,1
pay_001140,cust_02095,2373.7,card,KOTAK,temporary_bank_failure,1,15,13,0.084,0
pay_001141,cust_02372,2385.85,upi,KOTAK,network_error,2,8,8,0.164,1
pay_001142,cust_02892,1893.89,upi,ICICI,temporary_bank_failure,1,13,13,0.137,0
pay_001143,cust_00130,2011.67,card,SBI,bank_timeout,1,0,0,0.178,1
pay_001144,cust_00095,8412.39,upi,HDFC,gateway_timeout,0,0,0,0.112,1
pay_001145,cust_02675,179.58,card,AXIS,insufficient_funds,1,3,0,0.279,0
pay_001146,cust_02803,1215.21,upi,KOTAK,account_closed,1,0,0,0.28,0
pay_001147,cust_01956,1373.37,upi,HDFC,insufficient_funds,1,18,9,0.204,1
pay_001148,cust_00794,5799.52,card,HDFC,network_error,1,11,7,0.238,0
pay_001149,cust_01835,2644.48,upi,ICICI,invalid_card,1,19,12,0.213,1
pay_001150,cust_02117,2696.6,card,KOTAK,temporary_bank_failure,0,3,3,0.197,0
pay_001151,cust_01684,4953.67,upi,HDFC,invalid_card,2,8,2,0.191,0
pay_001152,cust_00011,1565.62,upi,AXIS,gateway_timeout,2,6,2,0.076,1
pay_001153,cust_01866,3046.84,upi,HDFC,insufficient_funds,1,13,13,0.151,0
pay_001154,cust_02920,1182.5,netbanking,AXIS,insufficient_funds,0,2,2,0.137,1
pay_001155,cust_02598,778.49,card,AXIS,card_blocked,0,14,11,0.251,0
pay_001156,cust_00712,7595.67,card,AXIS,network_error,1,10,1,0.072,0
pay_001157,cust_02071,2428.98,netbanking,KOTAK,card_blocked,1,9,7,0.303,0
pay_001158,cust_00815,3028.22,card,AXIS,insufficient_funds,2,19,13,0.114,0
pay_001159,cust_00346,761.93,upi,KOTAK,card_blocked,2,14,14,0.081,0
pay_001160,cust_02350,2719.71,netbanking,HDFC,insufficient_funds,2,16,10,0.225,0
pay_001161,cust_00363,7499.46,upi,AXIS,expired_card,1,18,15,0.233,0
pay_001162,cust_02444,1448.15,card,SBI,invalid_card,2,10,10,0.236,0
pay_001163,cust_02266,662.06,card,HDFC,account_closed,0,19,7,0.266,0
pay_001164,cust_02189,2094.73,card,SBI,insufficient_funds,0,15,15,0.107,0
pay_001165,cust_00985,789.41,card,SBI,expired_card,1,3,3,0.49,0
pay_001166,cust_01640,519.96,card,ICICI,insufficient_funds,1,6,6,0.189,0
pay_001167,cust_00828,1004.44,upi,KOTAK,gateway_timeout,2,10,10,0.167,0
pay_001168,cust_02731,1219.17,card,ICICI,account_closed,0,19,11,0.101,0
pay_001169,cust_00356,820.73,netbanking,KOTAK,network_error,2,16,11,0.367,1
pay_001170,cust_01348,5224.81,netbanking,ICICI,network_error,0,18,11,0.317,1
pay_001171,cust_02936,8198.35,netbanking,HDFC,invalid_card,2,9,6,0.255,0
pay_001172,cust_01864,2964.52,card,SBI,expired_card,1,14,9,0.251,0
pay_001173,cust_00127,2458.62,upi,HDFC,temporary_bank_failure,0,5,5,0.265,0
pay_001174,cust_00604,1613.82,card,KOTAK,expired_card,0,12,2,0.262,1
pay_001175,cust_01929,882.65,card,SBI,invalid_card,0,2,2,0.43,0
pay_001176,cust_01014,6518.03,upi,SBI,network_error,2,7,0,0.389,1
pay_001177,cust_00051,1719.38,netbanking,KOTAK,insufficient_funds,2,6,4,0.363,0
pay_001178,cust_02827,1248.79,card,HDFC,account_closed,2,4,4,0.295,0
pay_001179,cust_01431,4071.66,card,SBI,gateway_timeout,0,17,16,0.186,1
pay_001180,cust_01793,1704.68,card,HDFC,insufficient_funds,1,15,15,0.2,0
pay_001181,cust_02862,3951.44,upi,HDFC,bank_timeout,2,8,8,0.118,0
pay_001182,cust_01637,1302.71,netbanking,HDFC,account_closed,0,10,10,0.107,0
pay_001183,cust_01646,4081.05,card,SBI,invalid_card,2,18,17,0.33,1
pay_001184,cust_02468,3959.27,card,AXIS,insufficient_funds,0,13,13,0.169,1
pay_001185,cust_01206,5217.96,netbanking,ICICI,bank_timeout,0,6,6,0.067,0
pay_001186,cust_02873,1025.01,card,KOTAK,expired_card,2,11,9,0.161,0
pay_001187,cust_01855,1691.83,upi,HDFC,insufficient_funds,0,18,1,0.034,1
pay_001188,cust_00567,8588.82,card,SBI,card_blocked,2,7,2,0.316,0
pay_001189,cust_02419,1484.55,card,KOTAK,temporary_bank_failure,0,4,0,0.112,1
pay_001190,cust_00936,3459.3,upi,AXIS,bank_timeout,1,5,5,0.122,0
pay_001191,cust_01935,11298.8,upi,AXIS,network_error,1,10,3,0.315,0
pay_001192,cust_02709,411.89,card,SBI,gateway_timeout,1,2,2,0.247,1
pay_001193,cust_01333,1445.71,card,HDFC,network_error,1,10,3,0.304,1
pay_001194,cust_00202,1810.75,card,AXIS,card_blocked,2,11,11,0.121,0
pay_001195,cust_02361,428.76,upi,AXIS,network_error,0,0,0,0.295,1
pay_001196,cust_00117,1255.42,netbanking,AXIS,expired_card,0,3,3,0.064,1
pay_001197,cust_00937,831.22,netbanking,SBI,insufficient_funds,1,19,3,0.333,0
pay_001198,cust_00575,3590.86,card,KOTAK,insufficient_funds,1,0,0,0.242,0
pay_001199,cust_02292,452.09,netbanking,ICICI,card_blocked,0,5,2,0.101,0
pay_001200,cust_00537,8196.46,card,SBI,insufficient_funds,0,1,1,0.307,1
pay_001201,cust_01626,3139.81,card,HDFC,temporary_bank_failure,0,12,4,0.047,0
pay_001202,cust_02123,778.17,upi,SBI,network_error,1,15,15,0.269,1
pay_001203,cust_00386,4109.82,card,SBI,account_closed,0,10,5,0.065,0
pay_001204,cust_00475,2914.88,card,ICICI,card_blocked,1,13,8,0.196,0
pay_001205,cust_00418,1752.83,card,ICICI,network_error,1,5,2,0.033,0
pay_001206,cust_02395,1015.19,upi,ICICI,expired_card,1,15,1,0.215,0
pay_001207,cust_02688,2802.12,upi,KOTAK,insufficient_funds,0,16,9,0.119,0
pay_001208,cust_00939,1994.87,card,SBI,expired_card,1,9,4,0.106,0
pay_001209,cust_00955,1041.7,netbanking,HDFC,card_blocked,2,12,6,0.236,0
pay_001210,cust_00876,617.33,upi,ICICI,temporary_bank_failure,0,12,12,0.096,0
pay_001211,cust_00763,915.55,upi,ICICI,invalid_card,0,1,1,0.368,1
pay_001212,cust_01203,1208.77,upi,SBI,gateway_timeout,0,0,0,0.154,1
pay_001213,cust_01206,4582.45,card,HDFC,expired_card,0,0,0,0.218,1
pay_001214,cust_00664,3599.7,card,ICICI,gateway_timeout,1,6,6,0.207,1
pay_001215,cust_00025,1261.36,upi,SBI,expired_card,2,12,11,0.123,1
pay_001216,cust_01991,1301.2,upi,AXIS,temporary_bank_failure,1,16,3,0.094,0
pay_001217,cust_01204,3996.13,wallet,KOTAK,insufficient_funds,2,8,8,0.309,0
pay_001218,cust_00710,2239.21,card,SBI,expired_card,0,12,12,0.336,0
pay_001219,cust_01880,2214.39,card,ICICI,bank_timeout,1,15,15,0.213,1
pay_001220,cust_01185,1029.99,card,HDFC,temporary_bank_failure,1,4,2,0.245,1
pay_001221,cust_02225,1638.06,card,AXIS,insufficient_funds,1,6,2,0.038,0
pay_001222,cust_00285,1814.22,upi,HDFC,bank_timeout,2,0,0,0.194,0
pay_001223,cust_00063,1680.84,wallet,HDFC,expired_card,2,7,7,0.048,0
pay_001224,cust_01003,3252.74,upi,HDFC,account_closed,0,5,5,0.29,0
pay_001225,cust_00662,3335.18,upi,SBI,network_error,1,11,11,0.105,1
pay_001226,cust_02714,866.82,upi,SBI,invalid_card,0,1,1,0.182,1
pay_001227,cust_02204,1211.76,card,KOTAK,expired_card,2,0,0,0.125,0
pay_001228,cust_01493,1043.26,netbanking,AXIS,gateway_timeout,0,14,10,0.282,1
pay_001229,cust_00967,5490.75,upi,HDFC,network_error,1,16,11,0.049,1
pay_001230,cust_00849,10968.61,card,ICICI,card_blocked,1,19,11,0.174,0
pay_001231,cust_01108,1247.76,upi,HDFC,insufficient_funds,2,2,2,0.051,0
pay_001232,cust_00689,1581.81,upi,AXIS,network_error,2,5,5,0.421,1
pay_001233,cust_00148,3546.98,card,HDFC,expired_card,0,15,13,0.149,0
pay_001234,cust_00342,1026.83,card,SBI,insufficient_funds,1,9,9,0.044,1
pay_001235,cust_02524,3611.67,card,SBI,account_closed,0,12,9,0.087,0
pay_001236,cust_01087,1778.11,card,AXIS,card_blocked,2,7,7,0.057,0
pay_001237,cust_01725,448.1,card,KOTAK,bank_timeout,2,16,2,0.254,1
pay_001238,cust_01384,638.84,upi,HDFC,invalid_card,0,6,6,0.511,0
pay_001239,cust_02609,1379.83,upi,AXIS,card_blocked,1,4,4,0.325,0
pay_001240,cust_00327,4809.55,upi,ICICI,insufficient_funds,2,7,7,0.456,0
pay_001241,cust_01793,885.34,wallet,ICICI,expired_card,0,0,0,0.026,1
pay_001242,cust_01760,1179.35,upi,KOTAK,gateway_timeout,1,1,1,0.336,0
pay_001243,cust_00990,2140.72,upi,SBI,temporary_bank_failure,0,3,3,0.158,0
pay_001244,cust_02263,475.8,netbanking,AXIS,expired_card,2,0,0,0.2,0
pay_001245,cust_02483,2295.81,upi,HDFC,card_blocked,1,9,0,0.259,0
pay_001246,cust_00952,525.85,card,AXIS,bank_timeout,2,2,2,0.182,1
pay_001247,cust_00723,2846.22,card,KOTAK,gateway_timeout,2,1,1,0.13,0
pay_001248,cust_02080,946.7,upi,AXIS,card_blocked,2,6,6,0.273,0
pay_001249,cust_02718,850.96,upi,KOTAK,bank_timeout,2,1,1,0.047,1
pay_001250,cust_02333,2248.99,wallet,KOTAK,expired_card,2,5,5,0.381,0
pay_001251,cust_00429,3412.47,upi,KOTAK,gateway_timeout,0,7,7,0.165,0
pay_001252,cust_01501,2443.06,netbanking,AXIS,gateway_timeout,2,2,2,0.114,0
pay_001253,cust_00286,2134.77,card,ICICI,network_error,2,18,3,0.208,0
pay_001254,cust_02066,2159.09,upi,HDFC,network_error,2,8,8,0.101,0
pay_001255,cust_00769,2454.94,netbanking,KOTAK,insufficient_funds,1,0,0,0.133,0
pay_001256,cust_02638,2587.45,card,SBI,gateway_timeout,2,7,7,0.04,1
pay_001257,cust_01395,1318.93,card,KOTAK,insufficient_funds,1,5,5,0.376,0
pay_001258,cust_00194,3052.15,card,AXIS,network_error,0,1,1,0.168,0
pay_001259,cust_02550,954.75,upi,KOTAK,temporary_bank_failure,2,13,13,0.051,1
pay_001260,cust_00988,4329.1,card,SBI,card_blocked,0,0,0,0.115,0
pay_001261,cust_01137,3381.1,upi,ICICI,temporary_bank_failure,0,6,6,0.223,0
pay_001262,cust_02162,10349.78,card,AXIS,gateway_timeout,2,10,9,0.311,1
pay_001263,cust_01702,2727.33,card,AXIS,bank_timeout,0,15,14,0.283,0
pay_001264,cust_00947,3741.64,wallet,AXIS,gateway_timeout,2,1,1,0.308,0
pay_001265,cust_00831,518.83,card,SBI,invalid_card,0,17,9,0.047,1
pay_001266,cust_01921,3840.5,card,AXIS,insufficient_funds,1,18,18,0.101,1
pay_001267,cust_02973,4633.95,card,ICICI,expired_card,1,9,9,0.165,1
pay_001268,cust_00055,6025.63,upi,HDFC,insufficient_funds,1,3,1,0.281,0
pay_001269,cust_00800,1990.96,card,HDFC,bank_timeout,2,2,2,0.078,0
pay_001270,cust_00778,1375.38,upi,KOTAK,temporary_bank_failure,0,12,12,0.103,1
pay_001271,cust_01482,756.26,wallet,HDFC,expired_card,1,5,5,0.11,0
pay_001272,cust_01902,813.68,card,SBI,insufficient_funds,2,9,8,0.156,0
pay_001273,cust_02210,1771.38,card,HDFC,expired_card,1,7,7,0.178,1
pay_001274,cust_02135,445.35,upi,SBI,temporary_bank_failure,1,9,5,0.182,1
pay_001275,cust_00055,977.92,upi,SBI,network_error,2,1,1,0.158,1
pay_001276,cust_01824,1942.28,card,KOTAK,account_closed,1,19,1,0.081,0
pay_001277,cust_01202,1907.91,upi,HDFC,gateway_timeout,2,14,0,0.211,0
pay_001278,cust_00833,832.54,wallet,KOTAK,expired_card,1,0,0,0.352,0
pay_001279,cust_00313,673.78,card,AXIS,gateway_timeout,2,10,5,0.328,0
pay_001280,cust_02807,759.29,upi,ICICI,card_blocked,1,0,0,0.188,0
pay_001281,cust_01859,1515.22,card,HDFC,card_blocked,0,15,1,0.034,0
pay_001282,cust_02008,9935.18,upi,AXIS,expired_card,0,11,9,0.183,1
pay_001283,cust_02007,4222.87,card,AXIS,insufficient_funds,2,11,7,0.416,0
pay_001284,cust_02491,2145.99,upi,KOTAK,account_closed,2,18,8,0.23,0
pay_001285,cust_01791,2816.11,upi,KOTAK,insufficient_funds,0,12,6,0.023,1
pay_001286,cust_00328,4075.27,card,ICICI,account_closed,2,7,7,0.564,0
pay_001287,cust_02809,3104.15,upi,ICICI,gateway_timeout,1,1,1,0.123,0
pay_001288,cust_02627,1412.95,upi,ICICI,bank_timeout,1,18,18,0.114,1
pay_001289,cust_01288,919.22,card,ICICI,card_blocked,1,13,0,0.129,0
pay_001290,cust_02144,1635.63,netbanking,KOTAK,expired_card,1,0,0,0.112,0
pay_001291,cust_01112,4037.55,card,SBI,insufficient_funds,1,8,8,0.165,0
pay_001292,cust_01312,1456.35,upi,KOTAK,card_blocked,1,18,11,0.391,0
pay_001293,cust_02862,747.15,card,SBI,account_closed,1,13,13,0.154,0
pay_001294,cust_02539,455.43,upi,KOTAK,bank_timeout,2,3,3,0.251,0
pay_001295,cust_00452,1641.19,card,KOTAK,insufficient_funds,0,1,1,0.385,0
pay_001296,cust_01524,795.91,card,ICICI,insufficient_funds,1,9,9,0.317,0
pay_001297,cust_00165,1275.11,card,SBI,invalid_card,1,14,1,0.151,0
pay_001298,cust_00182,5796.36,upi,AXIS,temporary_bank_failure,2,0,0,0.177,1
pay_001299,cust_02517,1731.81,upi,AXIS,bank_timeout,2,10,10,0.09,0
pay_001300,cust_00910,991.91,upi,AXIS,network_error,0,15,6,0.185,0
pay_001301,cust_02783,2314.62,netbanking,ICICI,network_error,0,12,11,0.108,1
pay_001302,cust_00823,8406.53,netbanking,AXIS,temporary_bank_failure,2,7,7,0.051,0
pay_001303,cust_00944,1641.63,upi,KOTAK,gateway_timeout,1,8,8,0.419,0
pay_001304,cust_02002,274.67,upi,ICICI,expired_card,1,14,6,0.064,0
pay_001305,cust_02055,3041.36,card,AXIS,bank_timeout,1,4,4,0.088,1
pay_001306,cust_00330,2385.45,netbanking,ICICI,insufficient_funds,1,19,0,0.182,0
pay_001307,cust_00775,1943.21,netbanking,KOTAK,insufficient_funds,1,17,6,0.244,1
pay_001308,cust_02199,1517.26,card,ICICI,insufficient_funds,2,1,1,0.042,0
pay_001309,cust_00147,947.84,upi,AXIS,temporary_bank_failure,0,4,4,0.196,1
pay_001310,cust_00915,6075.26,netbanking,ICICI,network_error,0,19,16,0.19,1
pay_001311,cust_01572,415.45,card,HDFC,insufficient_funds,2,15,3,0.348,0
pay_001312,cust_01309,1412.1,card,AXIS,expired_card,1,15,15,0.251,0
pay_001313,cust_02748,1385.93,card,KOTAK,bank_timeout,2,3,3,0.362,0
pay_001314,cust_00082,3578.69,card,SBI,temporary_bank_failure,0,19,4,0.207,0
pay_001315,cust_00514,4858.71,card,ICICI,invalid_card,0,10,4,0.206,0
pay_001316,cust_01921,1508.11,card,ICICI,insufficient_funds,0,19,19,0.165,0
pay_001317,cust_02863,2109.85,card,AXIS,card_blocked,0,15,10,0.186,0
pay_001318,cust_02757,2258.35,netbanking,AXIS,account_closed,2,11,11,0.166,0
pay_001319,cust_01940,4199.25,card,HDFC,temporary_bank_failure,1,5,5,0.053,1
pay_001320,cust_00746,4130.63,card,KOTAK,expired_card,1,15,8,0.242,0
pay_001321,cust_01410,1175.29,card,ICICI,temporary_bank_failure,2,18,16,0.158,1
pay_001322,cust_00707,2566.56,card,ICICI,network_error,1,10,10,0.107,1
pay_001323,cust_00471,2456.77,wallet,SBI,account_closed,1,11,0,0.116,0
pay_001324,cust_00396,1647.92,netbanking,ICICI,temporary_bank_failure,1,3,3,0.205,1
pay_001325,cust_01556,2438.22,upi,ICICI,network_error,1,12,9,0.13,1
pay_001326,cust_02309,1837.48,upi,HDFC,card_blocked,0,1,1,0.121,0
pay_001327,cust_00805,2051.47,upi,SBI,bank_timeout,1,18,6,0.237,0
pay_001328,cust_00934,611.06,card,ICICI,temporary_bank_failure,2,10,5,0.372,1
pay_001329,cust_01280,867.51,card,ICICI,bank_timeout,0,0,0,0.289,0
pay_001330,cust_01758,3477.97,card,KOTAK,insufficient_funds,0,8,4,0.381,0
pay_001331,cust_00905,686.45,wallet,ICICI,gateway_timeout,2,9,6,0.066,1
pay_001332,cust_01077,2633.55,card,HDFC,expired_card,1,2,2,0.216,1
pay_001333,cust_02988,1694.02,upi,ICICI,card_blocked,0,7,7,0.127,0
pay_001334,cust_01891,4123.77,card,ICICI,insufficient_funds,2,15,15,0.129,0
pay_001335,cust_01524,3038.26,card,AXIS,temporary_bank_failure,2,3,3,0.257,1
pay_001336,cust_02902,1258.12,upi,ICICI,account_closed,1,10,8,0.101,0
pay_001337,cust_01388,1512.32,card,SBI,insufficient_funds,1,7,5,0.06,1
pay_001338,cust_01304,369.29,netbanking,AXIS,insufficient_funds,2,6,6,0.133,0
pay_001339,cust_00593,1628.93,card,SBI,network_error,1,19,6,0.037,0
pay_001340,cust_02762,654.51,card,SBI,bank_timeout,2,14,5,0.167,0
pay_001341,cust_02680,1517.83,upi,HDFC,insufficient_funds,1,7,7,0.103,1
pay_001342,cust_02107,1085.36,upi,ICICI,insufficient_funds,1,9,1,0.457,0
pay_001343,cust_00128,896.68,card,SBI,bank_timeout,2,18,14,0.339,1
pay_001344,cust_00736,4675.91,upi,ICICI,bank_timeout,2,4,2,0.237,0
pay_001345,cust_02769,651.34,upi,ICICI,network_error,1,2,2,0.159,1
pay_001346,cust_02574,836.77,card,HDFC,bank_timeout,2,6,6,0.148,1
pay_001347,cust_00521,1034.25,netbanking,HDFC,bank_timeout,0,5,5,0.23,1
pay_001348,cust_02600,1230.41,card,SBI,gateway_timeout,1,16,10,0.361,0
pay_001349,cust_00237,896.57,card,SBI,account_closed,0,9,1,0.086,0
pay_001350,cust_01305,1356.52,upi,AXIS,expired_card,0,19,9,0.052,1
pay_001351,cust_01782,2302.44,card,ICICI,expired_card,0,14,11,0.149,0
pay_001352,cust_01302,3089.88,upi,ICICI,network_error,2,1,1,0.183,1
pay_001353,cust_02542,2972.17,upi,HDFC,bank_timeout,1,0,0,0.379,0
pay_001354,cust_02052,392.85,card,HDFC,insufficient_funds,1,11,3,0.074,0
pay_001355,cust_02714,2450.77,netbanking,SBI,gateway_timeout,0,12,11,0.245,1
pay_001356,cust_00442,2574.78,upi,AXIS,card_blocked,2,11,11,0.04,0
pay_001357,cust_02077,1064.31,upi,AXIS,bank_timeout,1,11,11,0.061,1
pay_001358,cust_02658,6864.7,card,HDFC,invalid_card,1,6,6,0.184,0
pay_001359,cust_00805,4316.21,card,HDFC,gateway_timeout,1,6,4,0.035,0
pay_001360,cust_00075,1561.78,upi,AXIS,account_closed,0,5,3,0.209,0
pay_001361,cust_02886,1122.4,netbanking,AXIS,insufficient_funds,0,12,12,0.073,1
pay_001362,cust_02176,6776.09,card,SBI,account_closed,0,8,5,0.056,0
pay_001363,cust_02090,1780.75,upi,AXIS,insufficient_funds,0,15,15,0.169,1
pay_001364,cust_01380,1935.32,upi,ICICI,gateway_timeout,0,1,1,0.041,1
pay_001365,cust_00041,1915.94,card,AXIS,card_blocked,1,10,9,0.216,0
pay_001366,cust_02982,11412.72,upi,KOTAK,temporary_bank_failure,0,2,2,0.221,1
pay_001367,cust_02082,1520.49,card,AXIS,invalid_card,2,8,8,0.214,0
pay_001368,cust_01701,1774.17,card,HDFC,bank_timeout,0,11,10,0.073,1
pay_001369,cust_01402,929.97,card,HDFC,bank_timeout,0,1,1,0.252,0
pay_001370,cust_00588,1323.98,card,KOTAK,gateway_timeout,0,18,8,0.056,0
pay_001371,cust_01623,792.26,card,ICICI,insufficient_funds,1,5,5,0.202,0
pay_001372,cust_00342,945.22,netbanking,AXIS,insufficient_funds,1,17,0,0.423,0
pay_001373,cust_02075,424.98,upi,AXIS,bank_timeout,2,12,8,0.202,0
pay_001374,cust_00646,3660.0,card,KOTAK,expired_card,1,13,8,0.232,0
pay_001375,cust_00731,2049.59,upi,SBI,bank_timeout,0,7,7,0.296,0
pay_001376,cust_00168,2189.19,upi,SBI,card_blocked,2,8,3,0.038,0
pay_001377,cust_00610,1733.76,card,ICICI,temporary_bank_failure,2,12,3,0.409,0
pay_001378,cust_02316,1914.88,card,AXIS,network_error,2,16,0,0.119,0
pay_001379,cust_01773,6603.21,card,AXIS,temporary_bank_failure,0,5,0,0.141,0
pay_001380,cust_02041,977.48,card,AXIS,card_blocked,1,19,0,0.17,0
pay_001381,cust_02869,2259.02,netbanking,HDFC,insufficient_funds,1,9,5,0.233,0
pay_001382,cust_00455,2249.34,upi,SBI,gateway_timeout,0,10,10,0.089,0
pay_001383,cust_02954,4507.92,netbanking,KOTAK,insufficient_funds,1,9,9,0.18,0
pay_001384,cust_01709,2568.11,upi,HDFC,card_blocked,0,5,4,0.202,0
pay_001385,cust_02970,2673.48,card,HDFC,temporary_bank_failure,0,5,5,0.407,1
pay_001386,cust_00702,660.76,netbanking,SBI,network_error,2,14,14,0.161,0
pay_001387,cust_02682,946.6,card,AXIS,insufficient_funds,1,6,6,0.168,0
pay_001388,cust_01600,710.87,card,ICICI,insufficient_funds,2,11,11,0.156,0
pay_001389,cust_00130,249.46,upi,KOTAK,bank_timeout,1,19,13,0.06,0
pay_001390,cust_01846,2484.33,card,SBI,insufficient_funds,0,8,8,0.102,0
pay_001391,cust_01387,1466.59,card,ICICI,insufficient_funds,2,0,0,0.033,1
pay_001392,cust_02867,2488.06,upi,SBI,expired_card,0,15,2,0.031,0
pay_001393,cust_00693,1860.11,netbanking,SBI,card_blocked,0,17,14,0.075,0
pay_001394,cust_01395,2191.52,card,SBI,gateway_timeout,2,6,6,0.061,1
pay_001395,cust_00794,5273.73,card,SBI,insufficient_funds,2,17,4,0.29,0
pay_001396,cust_00029,1818.63,upi,AXIS,bank_timeout,1,7,7,0.186,1
pay_001397,cust_00149,3087.73,upi,HDFC,account_closed,1,14,13,0.168,0
pay_001398,cust_01320,1419.71,card,SBI,bank_timeout,2,5,5,0.128,0
pay_001399,cust_02059,3497.59,netbanking,ICICI,card_blocked,1,11,4,0.111,0
pay_001400,cust_02724,670.68,upi,ICICI,temporary_bank_failure,0,14,6,0.186,0
pay_001401,cust_01137,415.7,upi,ICICI,temporary_bank_failure,0,14,14,0.032,1
pay_001402,cust_00187,9752.98,netbanking,HDFC,temporary_bank_failure,0,9,9,0.142,1
pay_001403,cust_02855,7856.08,netbanking,HDFC,card_blocked,0,8,5,0.203,0
pay_001404,cust_02792,381.3,card,ICICI,card_blocked,0,13,6,0.246,0
pay_001405,cust_01251,1756.55,card,AXIS,card_blocked,0,13,13,0.152,0
pay_001406,cust_01334,2038.43,upi,HDFC,expired_card,1,16,16,0.204,0
pay_001407,cust_00098,3224.0,wallet,HDFC,bank_timeout,2,10,10,0.068,1
pay_001408,cust_00055,7268.95,upi,AXIS,gateway_timeout,2,5,5,0.179,1
pay_001409,cust_02671,773.46,card,SBI,temporary_bank_failure,1,11,11,0.035,0
pay_001410,cust_02712,807.43,upi,HDFC,expired_card,1,16,8,0.286,1
pay_001411,cust_00758,1806.35,card,ICICI,insufficient_funds,1,4,4,0.096,1
pay_001412,cust_00406,836.43,wallet,ICICI,insufficient_funds,2,5,5,0.203,0
pay_001413,cust_02117,206.17,card,AXIS,bank_timeout,1,2,2,0.026,1
pay_001414,cust_01313,1507.5,netbanking,ICICI,invalid_card,1,0,0,0.063,0
pay_001415,cust_01786,3590.46,card,KOTAK,card_blocked,2,17,8,0.196,0
pay_001416,cust_00751,1778.68,netbanking,ICICI,expired_card,1,13,13,0.048,1
pay_001417,cust_01763,2978.68,card,AXIS,account_closed,0,11,11,0.251,0
pay_001418,cust_00365,2656.61,upi,AXIS,insufficient_funds,2,11,1,0.261,0
pay_001419,cust_02027,795.06,wallet,AXIS,bank_timeout,2,10,6,0.048,0
pay_001420,cust_00482,1909.16,upi,KOTAK,card_blocked,2,18,18,0.097,0
pay_001421,cust_02249,533.72,upi,HDFC,bank_timeout,1,2,2,0.48,1
pay_001422,cust_00154,1200.47,card,SBI,network_error,2,1,1,0.354,0
pay_001423,cust_01525,1882.51,upi,ICICI,bank_timeout,0,6,6,0.068,1
pay_001424,cust_02121,1806.38,netbanking,HDFC,insufficient_funds,0,11,2,0.178,1
pay_001425,cust_02761,643.71,card,AXIS,insufficient_funds,2,18,9,0.263,0
pay_001426,cust_02344,756.58,upi,HDFC,network_error,0,12,5,0.149,1
pay_001427,cust_01041,2281.91,upi,HDFC,card_blocked,1,18,1,0.317,0
pay_001428,cust_01665,3504.89,card,KOTAK,card_blocked,2,3,3,0.036,0
pay_001429,cust_01241,1532.15,card,AXIS,temporary_bank_failure,0,11,11,0.216,1
pay_001430,cust_00061,1472.0,card,AXIS,expired_card,1,3,3,0.129,0
pay_001431,cust_00939,3808.61,card,ICICI,account_closed,2,12,12,0.165,0
pay_001432,cust_01640,974.91,netbanking,ICICI,temporary_bank_failure,2,19,13,0.136,0
pay_001433,cust_02090,7198.47,upi,ICICI,network_error,2,6,6,0.041,1
pay_001434,cust_00025,616.33,card,ICICI,network_error,0,5,1,0.234,1
pay_001435,cust_01063,4183.05,card,HDFC,account_closed,2,11,9,0.372,0
pay_001436,cust_00131,2783.14,upi,HDFC,insufficient_funds,0,11,3,0.348,0
pay_001437,cust_01253,12432.84,card,ICICI,expired_card,1,15,0,0.211,0
pay_001438,cust_00108,737.35,card,ICICI,expired_card,1,12,10,0.125,0
pay_001439,cust_00172,279.44,card,ICICI,temporary_bank_failure,1,16,15,0.035,1
pay_001440,cust_01459,4912.59,netbanking,SBI,network_error,2,7,7,0.142,1
pay_001441,cust_00102,557.2,card,ICICI,bank_timeout,1,0,0,0.418,1
pay_001442,cust_02914,2959.04,card,SBI,bank_timeout,0,11,11,0.168,1
pay_001443,cust_02572,4655.11,wallet,ICICI,bank_timeout,0,19,0,0.379,0
pay_001444,cust_02323,2449.92,card,AXIS,network_error,0,6,6,0.374,1
pay_001445,cust_01637,2177.09,netbanking,KOTAK,expired_card,0,11,11,0.133,1
pay_001446,cust_02865,2491.78,card,HDFC,network_error,0,18,10,0.166,0
pay_001447,cust_01041,3533.12,card,AXIS,insufficient_funds,0,12,2,0.056,1
pay_001448,cust_00330,2891.86,card,KOTAK,network_error,1,9,3,0.149,1
pay_001449,cust_01521,683.16,card,SBI,insufficient_funds,2,1,1,0.114,0
pay_001450,cust_00012,7785.36,card,HDFC,invalid_card,0,2,2,0.182,1
pay_001451,cust_01342,1883.5,card,SBI,network_error,1,11,8,0.268,0
pay_001452,cust_00216,2737.15,card,SBI,temporary_bank_failure,1,4,4,0.469,0
pay_001453,cust_00339,3193.24,card,HDFC,expired_card,0,4,1,0.084,1
pay_001454,cust_01800,4558.47,upi,KOTAK,insufficient_funds,1,4,4,0.344,0
pay_001455,cust_02709,4195.15,netbanking,HDFC,bank_timeout,0,6,3,0.101,0
pay_001456,cust_01751,2008.99,netbanking,ICICI,invalid_card,2,7,7,0.018,0
pay_001457,cust_01509,1908.31,upi,SBI,temporary_bank_failure,0,18,1,0.132,0
pay_001458,cust_02422,2507.12,netbanking,ICICI,gateway_timeout,2,15,14,0.26,1
pay_001459,cust_00710,4359.22,card,HDFC,network_error,1,9,0,0.028,1
pay_001460,cust_01224,742.41,card,HDFC,insufficient_funds,1,12,12,0.156,0
pay_001461,cust_02514,3026.85,card,KOTAK,expired_card,0,1,1,0.272,1
pay_001462,cust_01113,889.75,upi,SBI,invalid_card,1,3,3,0.233,1
pay_001463,cust_01292,7950.35,netbanking,AXIS,card_blocked,1,1,1,0.527,0
pay_001464,cust_00489,2425.64,upi,HDFC,temporary_bank_failure,2,2,2,0.047,0
pay_001465,cust_01562,1296.18,card,AXIS,card_blocked,0,9,9,0.177,0
pay_001466,cust_00047,2547.77,upi,SBI,insufficient_funds,0,10,10,0.266,0
pay_001467,cust_00778,1821.4,card,ICICI,gateway_timeout,2,2,2,0.156,0
pay_001468,cust_01040,1590.57,upi,SBI,account_closed,2,4,4,0.369,0
pay_001469,cust_00711,425.23,upi,KOTAK,insufficient_funds,2,19,9,0.112,0
pay_001470,cust_00401,796.83,card,AXIS,insufficient_funds,0,5,5,0.277,0
pay_001471,cust_01818,1615.88,card,AXIS,bank_timeout,2,12,12,0.102,1
pay_001472,cust_00250,468.4,upi,ICICI,expired_card,0,4,4,0.177,1
pay_001473,cust_00391,1130.32,upi,ICICI,bank_timeout,2,2,2,0.331,1
pay_001474,cust_00335,1212.09,card,HDFC,temporary_bank_failure,1,19,12,0.268,1
pay_001475,cust_00629,969.18,card,SBI,card_blocked,0,11,0,0.373,0
pay_001476,cust_00137,3353.92,wallet,KOTAK,network_error,0,2,2,0.168,1
pay_001477,cust_02931,894.14,card,HDFC,temporary_bank_failure,0,18,9,0.188,1
pay_001478,cust_02736,1940.55,card,SBI,card_blocked,1,14,14,0.164,0
pay_001479,cust_01522,1363.03,upi,ICICI,temporary_bank_failure,1,9,7,0.1,1
pay_001480,cust_00827,1644.12,upi,KOTAK,temporary_bank_failure,0,5,5,0.263,0
pay_001481,cust_00727,6536.26,card,ICICI,expired_card,2,15,10,0.421,0
pay_001482,cust_01501,2087.56,card,ICICI,bank_timeout,0,14,14,0.276,1
pay_001483,cust_02642,2436.76,card,AXIS,card_blocked,0,1,1,0.297,0
pay_001484,cust_00990,980.11,upi,SBI,temporary_bank_failure,1,16,0,0.178,0
pay_001485,cust_02420,2983.7,card,HDFC,invalid_card,1,15,5,0.259,1
pay_001486,cust_00935,2884.7,upi,AXIS,temporary_bank_failure,2,2,2,0.104,1
pay_001487,cust_00402,2670.68,netbanking,SBI,temporary_bank_failure,2,18,10,0.237,0
pay_001488,cust_01467,687.22,netbanking,SBI,bank_timeout,0,3,2,0.216,1
pay_001489,cust_00615,1132.07,upi,SBI,bank_timeout,0,19,0,0.371,0
pay_001490,cust_01297,5692.27,upi,KOTAK,insufficient_funds,2,4,4,0.091,0
pay_001491,cust_01183,1042.95,netbanking,AXIS,insufficient_funds,0,12,10,0.222,0
pay_001492,cust_02668,6348.61,netbanking,HDFC,account_closed,0,19,13,0.083,0
pay_001493,cust_02236,1167.81,netbanking,AXIS,bank_timeout,2,1,1,0.574,0
pay_001494,cust_01122,2035.66,card,ICICI,temporary_bank_failure,2,11,1,0.027,1
pay_001495,cust_00131,1556.61,card,SBI,network_error,2,16,4,0.142,0
pay_001496,cust_02853,919.8,wallet,ICICI,temporary_bank_failure,1,9,9,0.403,0
pay_001497,cust_01195,930.45,wallet,AXIS,temporary_bank_failure,2,8,8,0.362,1
pay_001498,cust_02984,1029.27,upi,HDFC,temporary_bank_failure,1,8,8,0.178,1
pay_001499,cust_00183,2035.41,wallet,ICICI,temporary_bank_failure,2,16,16,0.228,0
pay_001500,cust_00364,3686.14,upi,ICICI,invalid_card,2,8,2,0.406,0
pay_001501,cust_00039,1932.41,upi,KOTAK,expired_card,1,13,8,0.277,0
pay_001502,cust_02545,1760.4,card,AXIS,temporary_bank_failure,1,16,16,0.446,1
pay_001503,cust_01373,4761.43,upi,ICICI,bank_timeout,0,16,16,0.164,1
pay_001504,cust_00921,1868.84,upi,AXIS,insufficient_funds,0,1,1,0.018,1
pay_001505,cust_02770,1171.11,wallet,HDFC,card_blocked,0,14,3,0.292,0
pay_001506,cust_00016,813.88,upi,ICICI,bank_timeout,1,10,7,0.176,0
pay_001507,cust_00493,4995.82,netbanking,HDFC,invalid_card,2,4,4,0.341,0
pay_001508,cust_01450,1389.2,netbanking,ICICI,insufficient_funds,1,8,8,0.131,1
pay_001509,cust_01132,1138.13,card,SBI,insufficient_funds,2,8,8,0.179,0
pay_001510,cust_02942,1062.06,card,KOTAK,card_blocked,2,13,11,0.18,0
pay_001511,cust_00311,4775.97,upi,KOTAK,card_blocked,2,7,7,0.219,0
pay_001512,cust_00739,1143.24,card,KOTAK,network_error,0,10,10,0.258,0
pay_001513,cust_00546,3993.29,upi,HDFC,invalid_card,1,11,11,0.487,0
pay_001514,cust_02462,1503.68,card,AXIS,insufficient_funds,1,6,0,0.356,0
pay_001515,cust_00251,687.66,card,KOTAK,gateway_timeout,0,2,2,0.179,0
pay_001516,cust_00759,1385.76,card,ICICI,expired_card,2,2,2,0.084,0
pay_001517,cust_01805,1761.23,card,ICICI,card_blocked,0,13,5,0.047,0
pay_001518,cust_01298,1648.9,card,SBI,insufficient_funds,2,3,3,0.112,0
pay_001519,cust_01632,1616.49,wallet,HDFC,card_blocked,0,13,13,0.064,0
pay_001520,cust_01915,1397.51,card,ICICI,expired_card,1,13,11,0.078,0
pay_001521,cust_00814,964.87,netbanking,ICICI,insufficient_funds,0,2,1,0.063,0
pay_001522,cust_00029,1823.64,wallet,SBI,expired_card,1,12,12,0.15,0
pay_001523,cust_00958,2787.11,netbanking,SBI,insufficient_funds,2,7,7,0.248,0
pay_001524,cust_02033,561.11,upi,AXIS,gateway_timeout,0,5,5,0.309,1
pay_001525,cust_00477,5111.51,upi,AXIS,insufficient_funds,0,1,1,0.066,0
pay_001526,cust_00318,93.94,card,AXIS,expired_card,0,5,5,0.126,0
pay_001527,cust_00245,1920.23,card,ICICI,account_closed,0,19,11,0.195,0
pay_001528,cust_00748,2625.09,netbanking,SBI,temporary_bank_failure,1,13,13,0.238,1
pay_001529,cust_00697,1115.79,card,HDFC,bank_timeout,1,6,6,0.238,1
pay_001530,cust_00272,330.08,wallet,AXIS,insufficient_funds,0,16,6,0.206,0
pay_001531,cust_01772,1673.41,upi,KOTAK,insufficient_funds,1,2,2,0.173,0
pay_001532,cust_01263,2070.94,card,ICICI,bank_timeout,0,13,9,0.387,1
pay_001533,cust_02425,721.28,card,HDFC,expired_card,1,0,0,0.087,0
pay_001534,cust_00266,930.66,upi,ICICI,card_blocked,1,11,5,0.236,0
pay_001535,cust_02974,3905.61,upi,AXIS,gateway_timeout,1,2,2,0.283,0
pay_001536,cust_00921,1986.53,upi,ICICI,account_closed,0,18,0,0.241,0
pay_001537,cust_00340,540.8,card,AXIS,account_closed,0,11,11,0.196,0
pay_001538,cust_00389,2591.17,card,ICICI,network_error,1,13,13,0.235,1
pay_001539,cust_02625,858.84,card,AXIS,invalid_card,2,0,0,0.086,0
pay_001540,cust_02051,972.81,card,SBI,insufficient_funds,1,4,4,0.105,1
pay_001541,cust_01166,2117.78,card,SBI,card_blocked,0,6,6,0.13,0
pay_001542,cust_00376,1965.68,card,SBI,network_error,2,19,13,0.044,1
pay_001543,cust_02034,1310.17,card,SBI,bank_timeout,0,18,15,0.239,0
pay_001544,cust_02372,1207.89,upi,SBI,network_error,2,5,5,0.27,0
pay_001545,cust_00146,1479.35,upi,KOTAK,bank_timeout,2,17,17,0.209,0
pay_001546,cust_01982,968.28,card,ICICI,temporary_bank_failure,0,5,5,0.139,1
pay_001547,cust_00293,4320.86,upi,SBI,temporary_bank_failure,1,10,0,0.344,0
pay_001548,cust_00432,515.25,upi,KOTAK,gateway_timeout,0,2,2,0.148,1
pay_001549,cust_00705,1491.14,upi,KOTAK,insufficient_funds,0,8,8,0.23,1
pay_001550,cust_02997,562.55,upi,ICICI,bank_timeout,1,2,2,0.192,1
pay_001551,cust_01999,3823.04,card,ICICI,insufficient_funds,1,5,5,0.156,0
pay_001552,cust_02633,1489.43,card,AXIS,network_error,2,8,7,0.105,0
pay_001553,cust_00399,776.4,card,AXIS,bank_timeout,2,7,7,0.215,1
pay_001554,cust_02865,3127.65,card,SBI,expired_card,1,1,1,0.405,1
pay_001555,cust_00964,289.01,upi,HDFC,bank_timeout,0,18,8,0.151,1
pay_001556,cust_02235,2263.59,netbanking,AXIS,temporary_bank_failure,1,15,10,0.269,0
pay_001557,cust_02042,4541.59,card,HDFC,bank_timeout,1,4,4,0.104,1
pay_001558,cust_01829,2087.32,upi,AXIS,account_closed,1,9,9,0.233,0
pay_001559,cust_02109,1205.67,netbanking,KOTAK,account_closed,0,19,14,0.359,0
pay_001560,cust_00939,669.31,card,KOTAK,bank_timeout,0,11,11,0.192,1
pay_001561,cust_00710,4298.46,netbanking,KOTAK,insufficient_funds,2,11,7,0.248,0
pay_001562,cust_00807,3796.89,card,HDFC,temporary_bank_failure,1,5,5,0.3,1
pay_001563,cust_01464,1078.91,netbanking,SBI,network_error,1,13,0,0.139,0
pay_001564,cust_01326,1102.23,card,AXIS,temporary_bank_failure,0,6,6,0.047,1
pay_001565,cust_00011,4672.33,card,AXIS,account_closed,1,0,0,0.282,0
pay_001566,cust_01086,2766.37,upi,HDFC,bank_timeout,0,13,13,0.415,1
pay_001567,cust_01869,433.0,netbanking,KOTAK,expired_card,2,14,14,0.071,1
pay_001568,cust_02274,1546.02,card,SBI,card_blocked,2,12,8,0.273,0
pay_001569,cust_02612,1501.1,upi,AXIS,gateway_timeout,2,0,0,0.164,0
pay_001570,cust_00772,2204.17,upi,SBI,account_closed,0,19,6,0.236,0
pay_001571,cust_01595,1816.81,card,SBI,account_closed,0,18,11,0.024,0
pay_001572,cust_01608,1199.71,upi,ICICI,insufficient_funds,1,18,5,0.327,0
pay_001573,cust_01334,2085.34,upi,SBI,insufficient_funds,2,5,5,0.099,0
pay_001574,cust_00885,1263.67,card,ICICI,invalid_card,0,4,4,0.232,0
pay_001575,cust_01390,27759.95,upi,HDFC,card_blocked,2,16,3,0.112,0
pay_001576,cust_00226,1994.57,netbanking,KOTAK,expired_card,2,14,14,0.096,0
pay_001577,cust_00825,1786.91,upi,ICICI,network_error,2,6,6,0.311,0
pay_001578,cust_02266,7897.06,wallet,SBI,account_closed,1,16,2,0.181,0
pay_001579,cust_00937,607.0,card,KOTAK,card_blocked,0,11,11,0.246,0
pay_001580,cust_02801,1655.77,card,SBI,gateway_timeout,0,6,6,0.259,1
pay_001581,cust_02554,845.83,netbanking,SBI,expired_card,0,12,4,0.133,0
pay_001582,cust_02307,3004.93,netbanking,ICICI,insufficient_funds,1,7,1,0.051,0
pay_001583,cust_01912,1217.46,card,HDFC,bank_timeout,1,3,3,0.166,1
pay_001584,cust_01797,2875.77,card,SBI,temporary_bank_failure,1,7,7,0.058,1
pay_001585,cust_00054,2714.71,netbanking,ICICI,network_error,1,15,4,0.407,1
pay_001586,cust_00727,3375.5,card,SBI,expired_card,0,15,8,0.184,1
pay_001587,cust_02737,2750.71,card,KOTAK,insufficient_funds,1,10,6,0.308,0
pay_001588,cust_01545,1511.36,upi,HDFC,bank_timeout,0,8,3,0.09,0
pay_001589,cust_01044,591.04,wallet,SBI,bank_timeout,2,10,10,0.109,1
pay_001590,cust_01914,4053.22,upi,HDFC,network_error,0,4,4,0.021,0
pay_001591,cust_01777,5581.55,upi,HDFC,invalid_card,2,9,9,0.102,0
pay_001592,cust_01597,853.81,card,KOTAK,bank_timeout,1,5,5,0.428,1
pay_001593,cust_01915,3257.46,upi,KOTAK,network_error,2,15,4,0.153,0
pay_001594,cust_02467,708.9,card,AXIS,account_closed,1,11,5,0.214,0
pay_001595,cust_02738,2127.59,wallet,HDFC,insufficient_funds,0,7,7,0.096,1
pay_001596,cust_00850,2508.74,upi,SBI,insufficient_funds,0,12,12,0.079,0
pay_001597,cust_02110,1285.66,upi,KOTAK,insufficient_funds,1,12,9,0.29,0
pay_001598,cust_02264,1950.92,netbanking,SBI,temporary_bank_failure,0,15,12,0.252,1
pay_001599,cust_00003,3563.73,card,HDFC,network_error,2,10,2,0.413,0
pay_001600,cust_00160,1656.51,wallet,KOTAK,insufficient_funds,2,7,7,0.188,1
pay_001601,cust_00781,1053.52,card,AXIS,insufficient_funds,2,12,3,0.454,0
pay_001602,cust_00893,679.24,card,HDFC,gateway_timeout,1,0,0,0.091,1
pay_001603,cust_02031,1322.64,card,SBI,expired_card,2,19,8,0.085,0
pay_001604,cust_02377,706.43,netbanking,AXIS,gateway_timeout,2,19,5,0.291,0
pay_001605,cust_00580,1336.88,netbanking,HDFC,bank_timeout,2,18,11,0.121,1
pay_001606,cust_01934,1246.14,card,KOTAK,account_closed,2,3,3,0.493,0
pay_001607,cust_01381,3440.2,card,HDFC,temporary_bank_failure,2,1,1,0.101,0
pay_001608,cust_01291,1917.5,netbanking,ICICI,card_blocked,2,18,7,0.224,0
pay_001609,cust_01641,13874.5,card,SBI,account_closed,1,18,8,0.101,0
pay_001610,cust_00952,361.09,upi,KOTAK,network_error,2,9,9,0.134,1
pay_001611,cust_02683,2323.19,upi,KOTAK,card_blocked,1,16,10,0.222,0
pay_001612,cust_00988,1259.86,netbanking,ICICI,account_closed,1,19,8,0.139,0
pay_001613,cust_01219,841.48,upi,AXIS,card_blocked,1,7,7,0.025,0
pay_001614,cust_00921,1765.49,card,KOTAK,expired_card,2,8,7,0.139,0
pay_001615,cust_02786,1662.88,wallet,AXIS,card_blocked,2,17,9,0.021,0
pay_001616,cust_01356,4282.32,card,AXIS,expired_card,1,1,1,0.152,0
pay_001617,cust_00170,1944.98,card,AXIS,account_closed,1,17,3,0.108,0
pay_001618,cust_00521,1038.73,card,HDFC,insufficient_funds,2,7,7,0.108,0
pay_001619,cust_01487,2362.25,wallet,ICICI,card_blocked,0,1,1,0.198,0
pay_001620,cust_00040,1504.59,upi,SBI,insufficient_funds,0,15,15,0.194,0
pay_001621,cust_01561,734.81,card,ICICI,invalid_card,0,4,4,0.192,0
pay_001622,cust_01419,1482.02,upi,KOTAK,card_blocked,2,9,9,0.099,0
pay_001623,cust_00955,2174.93,card,ICICI,gateway_timeout,1,8,8,0.15,1
pay_001624,cust_00984,1915.68,wallet,SBI,bank_timeout,0,1,1,0.143,0
pay_001625,cust_00975,2354.89,card,HDFC,bank_timeout,1,15,8,0.211,0
pay_001626,cust_00038,1186.56,upi,KOTAK,card_blocked,2,15,8,0.323,0
pay_001627,cust_02376,2331.09,upi,HDFC,account_closed,1,16,1,0.134,0
pay_001628,cust_01275,1990.4,card,KOTAK,insufficient_funds,0,1,1,0.368,0
pay_001629,cust_01200,2003.36,netbanking,SBI,card_blocked,2,4,4,0.193,0
pay_001630,cust_01626,1855.46,card,HDFC,network_error,1,7,7,0.162,1
pay_001631,cust_00914,10310.05,upi,SBI,bank_timeout,2,1,1,0.14,0
pay_001632,cust_00454,4394.46,upi,SBI,insufficient_funds,0,11,10,0.09,1
pay_001633,cust_00037,2290.01,upi,ICICI,gateway_timeout,0,12,2,0.143,0
pay_001634,cust_01712,953.21,card,KOTAK,temporary_bank_failure,0,15,15,0.124,1
pay_001635,cust_00796,1431.01,wallet,AXIS,invalid_card,2,4,4,0.548,0
pay_001636,cust_00973,6585.53,card,AXIS,network_error,2,11,11,0.045,0
pay_001637,cust_00593,1152.46,upi,HDFC,invalid_card,0,14,8,0.135,1
pay_001638,cust_01138,1583.54,upi,SBI,temporary_bank_failure,2,1,1,0.273,0
pay_001639,cust_01325,1514.56,netbanking,ICICI,card_blocked,2,11,7,0.134,0
pay_001640,cust_02272,2426.75,upi,KOTAK,invalid_card,0,9,8,0.368,0
pay_001641,cust_00318,1274.98,card,HDFC,expired_card,0,7,4,0.077,0
pay_001642,cust_02397,2082.84,netbanking,SBI,network_error,1,10,4,0.198,1
pay_001643,cust_02163,1297.96,card,AXIS,card_blocked,0,11,11,0.146,0
pay_001644,cust_02746,5175.07,card,AXIS,bank_timeout,2,16,13,0.066,0
pay_001645,cust_01347,1044.17,netbanking,KOTAK,network_error,1,6,4,0.157,1
pay_001646,cust_01592,3952.55,upi,KOTAK,bank_timeout,2,14,3,0.288,0
pay_001647,cust_01890,1132.17,card,KOTAK,card_blocked,1,18,16,0.035,0
pay_001648,cust_02088,913.24,upi,HDFC,account_closed,2,1,1,0.041,0
pay_001649,cust_01997,1032.12,card,KOTAK,card_blocked,1,5,5,0.053,0
pay_001650,cust_01773,459.83,card,HDFC,expired_card,1,1,1,0.2,0
pay_001651,cust_01313,2567.99,card,ICICI,bank_timeout,2,13,13,0.075,0
pay_001652,cust_01286,712.53,upi,SBI,card_blocked,1,7,5,0.185,0
pay_001653,cust_00216,1357.86,upi,AXIS,gateway_timeout,2,15,9,0.248,0
pay_001654,cust_02384,3325.24,upi,HDFC,temporary_bank_failure,2,18,7,0.312,0
pay_001655,cust_02140,3240.5,card,SBI,temporary_bank_failure,1,17,7,0.545,0
pay_001656,cust_02401,575.17,upi,KOTAK,temporary_bank_failure,0,12,4,0.205,1
pay_001657,cust_02619,2317.94,card,AXIS,invalid_card,0,5,5,0.414,1
pay_001658,cust_02864,4502.53,upi,HDFC,network_error,0,3,3,0.148,0
pay_001659,cust_01705,1086.29,netbanking,KOTAK,network_error,2,9,9,0.229,1
pay_001660,cust_02829,2726.73,upi,SBI,expired_card,2,14,6,0.212,0
pay_001661,cust_00363,724.42,upi,ICICI,temporary_bank_failure,0,11,1,0.491,1
pay_001662,cust_02605,2461.5,wallet,SBI,bank_timeout,2,19,6,0.196,0
pay_001663,cust_01717,2008.25,upi,HDFC,card_blocked,0,11,5,0.262,0
pay_001664,cust_01194,3068.42,upi,ICICI,temporary_bank_failure,2,6,6,0.29,0
pay_001665,cust_00356,2919.94,upi,ICICI,invalid_card,2,5,5,0.203,0
pay_001666,cust_00191,612.29,card,KOTAK,insufficient_funds,2,4,0,0.258,1
pay_001667,cust_02470,2016.75,upi,SBI,bank_timeout,0,18,17,0.208,1
pay_001668,cust_00700,5780.99,upi,HDFC,expired_card,1,13,11,0.009,0
pay_001669,cust_02055,314.74,card,ICICI,network_error,2,0,0,0.187,1
pay_001670,cust_02181,3918.8,card,KOTAK,temporary_bank_failure,2,10,7,0.444,0
pay_001671,cust_00557,6511.75,wallet,ICICI,bank_timeout,0,3,3,0.1,0
pay_001672,cust_00826,551.31,upi,SBI,bank_timeout,0,13,2,0.28,0
pay_001673,cust_02809,1057.27,card,AXIS,insufficient_funds,2,17,9,0.166,1
pay_001674,cust_01055,2735.84,card,HDFC,bank_timeout,2,5,5,0.069,1
pay_001675,cust_02583,889.89,upi,AXIS,network_error,1,4,4,0.024,1
pay_001676,cust_00426,5386.57,card,SBI,card_blocked,2,16,0,0.554,0
pay_001677,cust_02720,4218.0,card,AXIS,bank_timeout,2,6,6,0.044,0
pay_001678,cust_02411,597.07,upi,SBI,temporary_bank_failure,2,10,10,0.109,0
pay_001679,cust_01575,997.8,upi,SBI,expired_card,1,13,2,0.188,0
pay_001680,cust_02130,3347.17,card,KOTAK,account_closed,2,1,1,0.296,0
pay_001681,cust_02404,3243.89,card,AXIS,bank_timeout,1,16,15,0.158,1
pay_001682,cust_00589,10665.31,upi,ICICI,network_error,0,1,1,0.129,1
pay_001683,cust_02013,894.35,card,SBI,gateway_timeout,2,14,11,0.536,0
pay_001684,cust_01548,5810.22,card,AXIS,temporary_bank_failure,2,6,6,0.304,1
pay_001685,cust_00295,870.33,card,ICICI,temporary_bank_failure,2,2,2,0.502,1
pay_001686,cust_01986,2697.97,card,HDFC,network_error,2,5,5,0.119,0
pay_001687,cust_01248,3691.82,card,ICICI,network_error,1,8,8,0.281,0
pay_001688,cust_01549,164.82,wallet,AXIS,bank_timeout,0,9,9,0.319,1
pay_001689,cust_01691,3747.95,card,AXIS,network_error,0,7,7,0.459,0
pay_001690,cust_01137,5473.4,card,ICICI,insufficient_funds,1,6,6,0.242,0
pay_001691,cust_01257,4344.67,card,ICICI,temporary_bank_failure,1,0,0,0.141,0
pay_001692,cust_02065,9345.69,upi,SBI,gateway_timeout,1,9,1,0.229,1
pay_001693,cust_00360,3913.32,netbanking,AXIS,gateway_timeout,1,17,3,0.487,0
pay_001694,cust_02914,1176.43,card,SBI,bank_timeout,2,15,3,0.152,0
pay_001695,cust_00700,4871.75,netbanking,SBI,account_closed,2,3,3,0.283,0
pay_001696,cust_00448,1124.2,card,HDFC,card_blocked,1,8,8,0.378,0
pay_001697,cust_02904,1931.27,netbanking,AXIS,network_error,2,17,8,0.127,1
pay_001698,cust_02413,3517.22,card,SBI,temporary_bank_failure,2,10,10,0.305,1
pay_001699,cust_00675,2587.54,card,HDFC,expired_card,0,11,9,0.181,0
pay_001700,cust_01008,5328.93,card,SBI,bank_timeout,2,7,4,0.163,1
pay_001701,cust_01350,13239.23,card,SBI,account_closed,0,0,0,0.138,0
pay_001702,cust_02515,727.86,upi,AXIS,bank_timeout,2,7,7,0.175,1
pay_001703,cust_02462,1390.38,card,ICICI,invalid_card,0,4,3,0.274,0
pay_001704,cust_00586,2328.79,upi,ICICI,temporary_bank_failure,0,0,0,0.29,1
pay_001705,cust_01257,1248.19,card,AXIS,temporary_bank_failure,0,2,2,0.188,1
pay_001706,cust_01248,1701.79,upi,ICICI,bank_timeout,0,12,6,0.196,0
pay_001707,cust_00994,3363.23,card,KOTAK,expired_card,1,15,0,0.543,0
pay_001708,cust_01436,3023.97,upi,ICICI,invalid_card,2,11,2,0.152,0
pay_001709,cust_00572,2203.64,card,SBI,card_blocked,1,6,6,0.079,0
pay_001710,cust_02383,2034.86,card,SBI,temporary_bank_failure,2,7,3,0.054,0
pay_001711,cust_01246,1511.57,card,HDFC,insufficient_funds,1,10,2,0.307,0
pay_001712,cust_02085,5561.47,netbanking,AXIS,gateway_timeout,2,12,12,0.093,1
pay_001713,cust_00989,6841.15,upi,HDFC,insufficient_funds,1,10,0,0.288,0
pay_001714,cust_00278,4084.89,card,SBI,network_error,1,3,0,0.121,0
pay_001715,cust_01220,720.9,card,SBI,insufficient_funds,0,5,5,0.432,1
pay_001716,cust_02964,1465.91,card,HDFC,account_closed,1,18,11,0.076,0
pay_001717,cust_01888,2121.19,card,KOTAK,account_closed,0,7,2,0.175,0
pay_001718,cust_00484,851.88,upi,ICICI,insufficient_funds,0,5,5,0.203,1
pay_001719,cust_01266,1926.13,card,KOTAK,network_error,1,16,5,0.07,0
pay_001720,cust_00731,1840.47,card,KOTAK,account_closed,2,17,17,0.327,0
pay_001721,cust_02240,4304.04,upi,KOTAK,card_blocked,1,2,2,0.095,0
pay_001722,cust_01041,1213.63,card,KOTAK,gateway_timeout,0,11,5,0.258,0
pay_001723,cust_02572,4585.44,card,ICICI,card_blocked,0,14,0,0.086,0
pay_001724,cust_00918,840.59,upi,AXIS,card_blocked,1,6,6,0.314,0
pay_001725,cust_02449,939.86,card,HDFC,gateway_timeout,1,12,12,0.339,1
pay_001726,cust_00886,1334.76,netbanking,KOTAK,expired_card,1,9,9,0.016,0
pay_001727,cust_02753,1878.63,upi,KOTAK,insufficient_funds,1,18,9,0.24,0
pay_001728,cust_00022,261.59,card,HDFC,expired_card,2,8,8,0.543,0
pay_001729,cust_00474,2610.87,card,HDFC,network_error,0,11,11,0.323,0
pay_001730,cust_02258,7097.33,card,AXIS,temporary_bank_failure,1,10,10,0.442,1
pay_001731,cust_02354,3044.27,card,SBI,bank_timeout,1,7,7,0.258,1
pay_001732,cust_00704,1527.62,netbanking,AXIS,insufficient_funds,1,8,0,0.084,0
pay_001733,cust_00687,759.25,card,SBI,card_blocked,0,3,3,0.26,0
pay_001734,cust_00285,423.94,netbanking,ICICI,insufficient_funds,0,19,1,0.222,0
pay_001735,cust_00716,485.7,upi,AXIS,bank_timeout,0,4,1,0.255,0
pay_001736,cust_00763,1628.36,netbanking,ICICI,card_blocked,1,6,1,0.145,0
pay_001737,cust_01251,9754.93,upi,HDFC,bank_timeout,0,8,1,0.338,0
pay_001738,cust_00948,205.68,upi,AXIS,account_closed,1,3,3,0.294,0
pay_001739,cust_02429,3165.84,upi,HDFC,expired_card,1,11,11,0.381,1
pay_001740,cust_02508,1051.35,netbanking,KOTAK,expired_card,2,11,11,0.19,0
pay_001741,cust_01031,1382.44,card,HDFC,insufficient_funds,2,5,5,0.231,0
pay_001742,cust_00029,853.92,netbanking,KOTAK,bank_timeout,2,12,7,0.443,0
pay_001743,cust_00907,605.5,upi,SBI,insufficient_funds,0,8,8,0.085,1
pay_001744,cust_02927,1999.21,card,KOTAK,network_error,2,8,8,0.125,1
pay_001745,cust_02127,2231.08,wallet,SBI,insufficient_funds,0,2,2,0.15,1
pay_001746,cust_02995,3086.13,netbanking,KOTAK,gateway_timeout,1,12,12,0.461,0
pay_001747,cust_02507,469.56,upi,KOTAK,expired_card,2,5,4,0.173,0
pay_001748,cust_00570,3637.96,card,ICICI,card_blocked,2,17,17,0.083,0
pay_001749,cust_02007,3690.24,wallet,ICICI,temporary_bank_failure,0,13,9,0.064,0
pay_001750,cust_01454,2539.18,upi,HDFC,insufficient_funds,0,1,1,0.138,0
pay_001751,cust_00738,1291.08,upi,ICICI,account_closed,2,5,5,0.086,0
pay_001752,cust_00516,2314.03,netbanking,SBI,bank_timeout,0,19,8,0.174,0
pay_001753,cust_02001,1590.24,card,ICICI,invalid_card,0,6,6,0.178,1
pay_001754,cust_02445,3923.79,card,HDFC,network_error,0,7,7,0.472,1
pay_001755,cust_00039,1348.52,upi,AXIS,insufficient_funds,1,9,4,0.203,0
pay_001756,cust_00887,1971.24,card,SBI,card_blocked,2,12,12,0.093,0
pay_001757,cust_02845,450.04,upi,AXIS,card_blocked,0,0,0,0.189,0
pay_001758,cust_02205,2308.24,card,SBI,temporary_bank_failure,0,4,4,0.169,0
pay_001759,cust_01099,992.63,card,HDFC,bank_timeout,1,1,1,0.054,0
pay_001760,cust_02932,2724.32,card,ICICI,card_blocked,1,3,2,0.313,0
pay_001761,cust_01824,3397.31,upi,AXIS,account_closed,1,11,2,0.143,0
pay_001762,cust_01711,1109.9,card,AXIS,insufficient_funds,1,4,4,0.169,0
pay_001763,cust_00974,1853.72,card,ICICI,bank_timeout,2,14,0,0.164,0
pay_001764,cust_01563,2078.9,card,HDFC,invalid_card,2,9,9,0.226,0
pay_001765,cust_02897,2427.1,upi,ICICI,network_error,0,16,0,0.437,1
pay_001766,cust_02796,3401.21,netbanking,KOTAK,card_blocked,2,13,5,0.493,0
pay_001767,cust_00989,3063.18,card,KOTAK,gateway_timeout,0,6,6,0.168,1
pay_001768,cust_00021,1334.2,upi,KOTAK,insufficient_funds,2,1,1,0.233,0
pay_001769,cust_02351,6494.15,card,AXIS,temporary_bank_failure,2,2,2,0.035,0
pay_001770,cust_00869,3299.71,card,AXIS,insufficient_funds,2,3,2,0.127,0
pay_001771,cust_00084,5564.24,netbanking,HDFC,invalid_card,0,15,1,0.324,0
pay_001772,cust_01683,2385.98,card,SBI,insufficient_funds,0,15,14,0.246,0
pay_001773,cust_01977,2501.5,card,ICICI,account_closed,1,2,2,0.023,0
pay_001774,cust_01411,1646.24,card,SBI,expired_card,0,16,3,0.182,0
pay_001775,cust_01531,1267.73,wallet,AXIS,bank_timeout,1,16,16,0.165,0
pay_001776,cust_00570,3945.26,upi,ICICI,insufficient_funds,0,19,18,0.245,0
pay_001777,cust_00934,2234.28,upi,AXIS,insufficient_funds,0,6,6,0.097,1
pay_001778,cust_01981,1627.42,upi,HDFC,gateway_timeout,2,7,7,0.155,0
pay_001779,cust_01856,797.83,card,ICICI,temporary_bank_failure,0,18,4,0.027,1
pay_001780,cust_00793,6273.52,netbanking,AXIS,bank_timeout,2,6,6,0.588,0
pay_001781,cust_00792,1978.51,card,KOTAK,gateway_timeout,0,0,0,0.069,1
pay_001782,cust_01810,677.64,upi,KOTAK,temporary_bank_failure,1,15,15,0.339,1
pay_001783,cust_01295,1929.74,upi,AXIS,card_blocked,0,17,9,0.206,0
pay_001784,cust_02540,1539.58,card,SBI,expired_card,2,7,5,0.225,0
pay_001785,cust_02256,1489.87,card,HDFC,insufficient_funds,2,6,6,0.267,0
pay_001786,cust_01608,2866.96,upi,HDFC,invalid_card,2,9,6,0.298,0
pay_001787,cust_01084,1541.28,card,AXIS,invalid_card,2,1,1,0.133,0
pay_001788,cust_02478,1416.01,card,HDFC,insufficient_funds,0,14,14,0.388,0
pay_001789,cust_00985,5377.2,card,ICICI,bank_timeout,2,13,2,0.087,0
pay_001790,cust_01681,449.59,upi,HDFC,invalid_card,2,1,1,0.358,0
pay_001791,cust_00520,1735.23,netbanking,KOTAK,bank_timeout,0,6,6,0.116,1
pay_001792,cust_00591,3801.24,netbanking,AXIS,account_closed,2,11,7,0.109,0
pay_001793,cust_01051,2985.57,upi,ICICI,temporary_bank_failure,1,4,4,0.124,1
pay_001794,cust_01710,4088.93,upi,HDFC,expired_card,1,5,5,0.038,0
pay_001795,cust_02036,9111.18,card,KOTAK,invalid_card,2,15,15,0.239,0
pay_001796,cust_02247,7038.58,card,SBI,bank_timeout,1,11,11,0.283,0
pay_001797,cust_02435,717.36,netbanking,HDFC,gateway_timeout,2,8,8,0.016,1
pay_001798,cust_00349,498.42,upi,KOTAK,insufficient_funds,0,19,8,0.226,0
pay_001799,cust_00960,2348.38,upi,KOTAK,account_closed,1,11,11,0.25,0
pay_001800,cust_01964,611.98,upi,KOTAK,expired_card,1,9,9,0.242,1
pay_001801,cust_00693,387.15,netbanking,KOTAK,account_closed,0,16,10,0.202,0
pay_001802,cust_01560,2328.53,netbanking,SBI,bank_timeout,1,10,0,0.219,0
pay_001803,cust_00378,2845.9,card,AXIS,bank_timeout,2,17,10,0.442,0
pay_001804,cust_02947,7107.55,card,KOTAK,expired_card,2,3,3,0.081,0
pay_001805,cust_02964,3343.4,upi,AXIS,gateway_timeout,1,2,2,0.055,1
pay_001806,cust_00527,8397.15,card,SBI,insufficient_funds,0,18,3,0.149,0
pay_001807,cust_02782,2402.93,netbanking,SBI,insufficient_funds,2,5,3,0.106,1
pay_001808,cust_02254,728.5,card,ICICI,card_blocked,2,7,7,0.136,0
pay_001809,cust_02503,3490.32,upi,ICICI,bank_timeout,1,6,6,0.029,1
pay_001810,cust_01260,5257.71,upi,KOTAK,bank_timeout,0,14,3,0.197,0
pay_001811,cust_01876,2472.21,upi,AXIS,account_closed,2,11,5,0.025,0
pay_001812,cust_01764,5770.08,card,SBI,bank_timeout,0,14,8,0.339,1
pay_001813,cust_00521,1638.28,wallet,HDFC,insufficient_funds,1,8,8,0.143,0
pay_001814,cust_01702,2798.17,card,ICICI,invalid_card,1,1,1,0.27,0
pay_001815,cust_01017,1572.68,upi,ICICI,network_error,2,19,17,0.229,1
pay_001816,cust_02774,12127.55,upi,HDFC,network_error,0,14,14,0.034,1
pay_001817,cust_01014,3543.99,card,AXIS,temporary_bank_failure,0,17,8,0.381,1
pay_001818,cust_02549,739.99,netbanking,AXIS,network_error,1,12,12,0.309,1
pay_001819,cust_00117,7959.15,upi,AXIS,expired_card,1,15,15,0.231,1
pay_001820,cust_02434,1005.72,upi,KOTAK,network_error,1,14,8,0.115,0
pay_001821,cust_01368,1827.96,upi,KOTAK,network_error,1,10,10,0.101,0
pay_001822,cust_00584,2629.74,upi,HDFC,insufficient_funds,1,2,1,0.281,0
pay_001823,cust_00395,2807.34,card,SBI,card_blocked,2,9,9,0.382,0
pay_001824,cust_01088,2662.39,upi,HDFC,card_blocked,2,16,16,0.202,0
pay_001825,cust_02769,730.38,upi,SBI,account_closed,0,7,5,0.282,0
pay_001826,cust_00072,2669.45,card,HDFC,insufficient_funds,2,4,1,0.251,0
pay_001827,cust_00274,4361.26,upi,KOTAK,temporary_bank_failure,2,7,0,0.3,1
pay_001828,cust_02014,4261.99,upi,AXIS,expired_card,2,14,4,0.378,0
pay_001829,cust_01344,638.14,upi,ICICI,gateway_timeout,0,10,10,0.077,1
pay_001830,cust_00338,1070.07,card,HDFC,invalid_card,2,8,8,0.118,0
pay_001831,cust_01390,783.98,card,HDFC,bank_timeout,0,1,1,0.21,0
pay_001832,cust_00607,2372.86,card,ICICI,insufficient_funds,0,6,6,0.627,0
pay_001833,cust_00166,522.53,upi,HDFC,temporary_bank_failure,2,15,14,0.173,0
pay_001834,cust_01568,736.42,netbanking,AXIS,network_error,2,6,6,0.096,0
pay_001835,cust_02059,1061.98,card,ICICI,expired_card,2,3,1,0.352,0
pay_001836,cust_01325,429.48,card,ICICI,expired_card,1,4,4,0.028,0
pay_001837,cust_00729,1768.28,upi,AXIS,bank_timeout,0,13,13,0.21,0
pay_001838,cust_02849,335.23,card,AXIS,card_blocked,0,6,6,0.084,0
pay_001839,cust_02044,2665.84,card,ICICI,temporary_bank_failure,1,12,5,0.051,0
pay_001840,cust_00102,1316.04,upi,AXIS,card_blocked,1,17,5,0.126,0
pay_001841,cust_01416,1097.53,upi,AXIS,insufficient_funds,2,9,9,0.066,0
pay_001842,cust_00779,1250.63,upi,AXIS,expired_card,1,1,0,0.158,0
pay_001843,cust_00214,1722.77,upi,ICICI,card_blocked,1,12,5,0.147,0
pay_001844,cust_01112,2905.3,card,HDFC,account_closed,1,1,1,0.048,0
pay_001845,cust_01577,5185.79,netbanking,SBI,bank_timeout,0,14,3,0.244,1
pay_001846,cust_02449,4068.89,card,ICICI,bank_timeout,1,4,4,0.013,0
pay_001847,cust_02636,10778.95,card,SBI,temporary_bank_failure,2,10,10,0.226,0
pay_001848,cust_02937,3103.35,card,AXIS,insufficient_funds,0,5,5,0.032,0
pay_001849,cust_01696,2022.83,card,AXIS,invalid_card,0,18,12,0.266,0
pay_001850,cust_00592,1254.35,card,HDFC,expired_card,1,14,14,0.08,0
pay_001851,cust_01334,1288.15,upi,AXIS,temporary_bank_failure,1,3,3,0.176,0
pay_001852,cust_01110,2782.85,upi,SBI,insufficient_funds,1,6,0,0.186,0
pay_001853,cust_02140,812.77,card,ICICI,expired_card,1,16,9,0.051,0
pay_001854,cust_02721,2171.52,upi,ICICI,insufficient_funds,2,9,9,0.118,0
pay_001855,cust_00714,1780.96,upi,HDFC,expired_card,1,16,16,0.077,1
pay_001856,cust_00936,1009.81,card,SBI,insufficient_funds,2,10,10,0.436,0
pay_001857,cust_01952,779.81,card,AXIS,insufficient_funds,1,15,9,0.117,0
pay_001858,cust_00242,13626.53,card,KOTAK,card_blocked,1,6,6,0.197,0
pay_001859,cust_02044,591.55,card,HDFC,gateway_timeout,2,7,1,0.143,0
pay_001860,cust_00002,1712.64,upi,HDFC,invalid_card,1,15,9,0.06,1
pay_001861,cust_02273,4808.15,card,KOTAK,temporary_bank_failure,0,15,15,0.013,0
pay_001862,cust_02849,2760.72,card,ICICI,temporary_bank_failure,2,3,3,0.253,1
pay_001863,cust_01769,1237.9,card,ICICI,card_blocked,2,6,2,0.099,0
pay_001864,cust_01950,696.65,netbanking,ICICI,expired_card,0,16,9,0.148,1
pay_001865,cust_02637,2005.86,card,KOTAK,card_blocked,2,2,2,0.186,0
pay_001866,cust_02164,218.85,upi,AXIS,card_blocked,1,16,16,0.134,0
pay_001867,cust_00918,2071.22,card,AXIS,bank_timeout,2,10,10,0.165,0
pay_001868,cust_02242,1859.13,upi,SBI,card_blocked,2,7,7,0.028,0
pay_001869,cust_02919,4256.05,netbanking,SBI,bank_timeout,0,18,5,0.418,0
pay_001870,cust_00090,724.39,upi,ICICI,bank_timeout,2,6,6,0.056,0
pay_001871,cust_01710,1395.8,netbanking,KOTAK,invalid_card,1,17,17,0.581,0
pay_001872,cust_02170,2564.51,upi,HDFC,temporary_bank_failure,2,14,5,0.077,0
pay_001873,cust_00143,2131.23,upi,AXIS,card_blocked,2,18,2,0.113,0
pay_001874,cust_00106,617.63,upi,KOTAK,insufficient_funds,0,2,2,0.236,0
pay_001875,cust_00887,1077.07,card,SBI,gateway_timeout,0,15,8,0.233,1
pay_001876,cust_00428,5540.99,upi,AXIS,bank_timeout,2,14,0,0.305,0
pay_001877,cust_01329,2224.89,wallet,AXIS,insufficient_funds,1,4,3,0.209,0
pay_001878,cust_01896,477.57,card,KOTAK,temporary_bank_failure,0,13,11,0.417,0
pay_001879,cust_01995,3665.01,wallet,SBI,bank_timeout,0,1,1,0.094,1
pay_001880,cust_00317,503.0,upi,KOTAK,expired_card,1,3,3,0.114,1
pay_001881,cust_01987,1414.29,upi,HDFC,card_blocked,0,19,15,0.041,0
pay_001882,cust_00635,2837.34,upi,AXIS,gateway_timeout,2,12,9,0.409,1
pay_001883,cust_01926,4774.12,netbanking,KOTAK,temporary_bank_failure,0,15,11,0.067,1
pay_001884,cust_02057,278.57,card,KOTAK,bank_timeout,1,11,10,0.01,1
pay_001885,cust_02822,3194.78,card,HDFC,network_error,2,4,4,0.229,0
pay_001886,cust_02271,3602.49,upi,KOTAK,temporary_bank_failure,1,11,4,0.106,1
pay_001887,cust_01440,1157.93,wallet,AXIS,temporary_bank_failure,1,7,2,0.106,1
pay_001888,cust_00553,1944.44,upi,ICICI,expired_card,1,4,4,0.355,0
pay_001889,cust_00716,157.34,card,ICICI,bank_timeout,1,2,2,0.314,0
pay_001890,cust_01288,200.66,card,SBI,bank_timeout,0,12,12,0.005,0
pay_001891,cust_01714,4388.87,netbanking,HDFC,card_blocked,0,3,3,0.185,0
pay_001892,cust_01884,1174.84,card,SBI,invalid_card,0,7,6,0.404,0
pay_001893,cust_01108,1370.64,upi,ICICI,temporary_bank_failure,0,3,3,0.265,1
pay_001894,cust_01342,2181.44,card,HDFC,expired_card,2,6,6,0.247,1
pay_001895,cust_00111,1349.18,card,KOTAK,insufficient_funds,0,2,2,0.151,1
pay_001896,cust_00251,1252.69,card,KOTAK,invalid_card,1,3,3,0.088,1
pay_001897,cust_02431,2478.95,card,AXIS,account_closed,2,7,7,0.228,0
pay_001898,cust_02055,546.52,upi,ICICI,temporary_bank_failure,0,12,12,0.418,0
pay_001899,cust_00459,4573.04,card,KOTAK,expired_card,0,12,12,0.288,0
pay_001900,cust_01108,1503.87,card,HDFC,invalid_card,2,8,8,0.255,0
pay_001901,cust_00208,808.74,upi,KOTAK,expired_card,0,19,5,0.242,0
pay_001902,cust_00900,726.2,netbanking,SBI,card_blocked,1,19,7,0.359,0
pay_001903,cust_00022,1870.8,upi,SBI,insufficient_funds,1,4,4,0.339,1
pay_001904,cust_00410,1415.04,card,SBI,invalid_card,1,13,12,0.196,1
pay_001905,cust_00895,523.7,card,SBI,account_closed,1,4,4,0.089,0
pay_001906,cust_00515,1117.15,upi,SBI,insufficient_funds,0,2,2,0.124,1
pay_001907,cust_00809,946.38,netbanking,AXIS,bank_timeout,1,0,0,0.161,0
pay_001908,cust_00874,4961.61,card,SBI,account_closed,0,9,9,0.169,0
pay_001909,cust_00014,2006.93,card,AXIS,account_closed,0,14,14,0.165,0
pay_001910,cust_00971,6345.31,upi,AXIS,gateway_timeout,0,16,3,0.246,0
pay_001911,cust_02135,1024.56,upi,KOTAK,network_error,0,11,11,0.107,1
pay_001912,cust_02957,1432.38,upi,HDFC,card_blocked,2,13,7,0.129,0
pay_001913,cust_01561,2463.26,card,SBI,insufficient_funds,2,3,3,0.12,0
pay_001914,cust_01325,2931.61,card,HDFC,insufficient_funds,2,10,6,0.065,0
pay_001915,cust_01267,3218.89,card,ICICI,card_blocked,1,14,7,0.23,0
pay_001916,cust_02170,888.69,card,AXIS,gateway_timeout,0,13,0,0.281,0
pay_001917,cust_00750,908.92,wallet,ICICI,account_closed,0,17,1,0.334,0
pay_001918,cust_00685,1360.58,card,AXIS,expired_card,1,8,8,0.241,1
pay_001919,cust_01928,5911.92,upi,SBI,card_blocked,2,14,1,0.113,0
pay_001920,cust_02357,811.96,upi,ICICI,gateway_timeout,0,2,2,0.263,0
pay_001921,cust_00695,1186.14,card,KOTAK,account_closed,1,19,4,0.236,0
pay_001922,cust_02336,3241.81,netbanking,ICICI,insufficient_funds,2,12,5,0.261,0
pay_001923,cust_00307,3105.98,upi,AXIS,insufficient_funds,1,1,1,0.104,1
pay_001924,cust_01990,2819.56,wallet,AXIS,temporary_bank_failure,1,14,14,0.195,1
pay_001925,cust_02962,1928.84,card,HDFC,insufficient_funds,0,13,13,0.106,1
pay_001926,cust_00662,771.16,card,ICICI,insufficient_funds,2,6,6,0.211,0
pay_001927,cust_00549,1040.42,card,KOTAK,account_closed,2,3,3,0.29,0
pay_001928,cust_00312,4452.37,card,SBI,expired_card,0,3,3,0.253,1
pay_001929,cust_02921,3357.36,card,HDFC,account_closed,2,9,1,0.535,0
pay_001930,cust_01083,621.42,netbanking,ICICI,invalid_card,1,18,8,0.271,0
pay_001931,cust_02972,3624.84,card,HDFC,temporary_bank_failure,1,12,5,0.217,0
pay_001932,cust_01738,5151.39,netbanking,ICICI,network_error,1,5,5,0.2,0
pay_001933,cust_00755,1887.61,upi,SBI,network_error,0,7,0,0.466,0
pay_001934,cust_00035,2542.81,upi,SBI,bank_timeout,2,9,9,0.114,0
pay_001935,cust_00445,4061.01,card,KOTAK,gateway_timeout,0,16,0,0.093,0
pay_001936,cust_02141,1036.32,card,HDFC,expired_card,0,8,8,0.488,0
pay_001937,cust_01983,11657.19,netbanking,KOTAK,insufficient_funds,0,13,6,0.358,0
pay_001938,cust_01231,4810.05,card,ICICI,expired_card,0,19,12,0.05,0
pay_001939,cust_00353,2749.63,upi,SBI,temporary_bank_failure,2,4,4,0.166,1
pay_001940,cust_00903,1758.81,upi,SBI,network_error,1,2,1,0.384,1
pay_001941,cust_01356,2686.04,netbanking,AXIS,network_error,1,8,2,0.291,0
pay_001942,cust_02910,518.93,upi,AXIS,insufficient_funds,1,11,5,0.106,0
pay_001943,cust_01749,9563.13,card,KOTAK,network_error,2,0,0,0.098,0
pay_001944,cust_00159,4460.93,upi,HDFC,gateway_timeout,2,10,10,0.164,0
pay_001945,cust_01978,5832.56,card,ICICI,network_error,2,4,4,0.348,0
pay_001946,cust_00957,1853.08,upi,KOTAK,expired_card,1,18,2,0.042,1
pay_001947,cust_02072,1355.29,card,SBI,insufficient_funds,2,3,3,0.13,1
pay_001948,cust_00404,1054.22,card,SBI,gateway_timeout,1,11,3,0.314,0
pay_001949,cust_02853,3466.36,card,SBI,bank_timeout,1,15,15,0.186,1
pay_001950,cust_00516,1199.86,wallet,ICICI,network_error,0,15,15,0.195,1
pay_001951,cust_02780,1556.37,upi,KOTAK,insufficient_funds,2,0,0,0.145,1
pay_001952,cust_01388,2799.28,netbanking,ICICI,card_blocked,0,2,2,0.136,0
pay_001953,cust_02580,1066.93,card,SBI,temporary_bank_failure,2,19,7,0.126,0
pay_001954,cust_00956,4167.86,upi,AXIS,network_error,2,14,2,0.219,0
pay_001955,cust_02200,1782.56,card,KOTAK,network_error,0,19,17,0.175,0
pay_001956,cust_01713,541.05,card,AXIS,expired_card,2,16,0,0.073,0
pay_001957,cust_02995,1057.85,netbanking,KOTAK,card_blocked,2,3,3,0.217,0
pay_001958,cust_00608,5148.95,wallet,SBI,bank_timeout,2,2,2,0.218,1
pay_001959,cust_02468,854.4,card,AXIS,invalid_card,1,10,10,0.052,0
pay_001960,cust_01274,3696.94,netbanking,AXIS,insufficient_funds,1,0,0,0.201,0
pay_001961,cust_02914,1992.89,upi,KOTAK,account_closed,2,4,4,0.339,0
pay_001962,cust_01536,1575.99,wallet,AXIS,gateway_timeout,0,3,0,0.209,1
pay_001963,cust_02626,13495.01,upi,AXIS,bank_timeout,1,19,1,0.173,1
pay_001964,cust_02383,647.18,wallet,SBI,expired_card,1,7,7,0.14,0
pay_001965,cust_01442,1000.14,netbanking,KOTAK,invalid_card,2,10,10,0.337,0
pay_001966,cust_02980,1774.47,card,KOTAK,account_closed,1,10,10,0.179,0
pay_001967,cust_01798,12488.95,card,HDFC,insufficient_funds,0,17,17,0.288,0
pay_001968,cust_00295,1777.78,card,KOTAK,bank_timeout,0,9,9,0.094,0
pay_001969,cust_00755,2251.61,upi,SBI,temporary_bank_failure,0,12,12,0.1,1
pay_001970,cust_01395,1382.06,netbanking,AXIS,invalid_card,0,19,11,0.169,0
pay_001971,cust_00186,2408.85,upi,HDFC,insufficient_funds,1,15,1,0.144,0
pay_001972,cust_01270,1452.36,upi,AXIS,expired_card,1,16,15,0.217,1
pay_001973,cust_00637,3153.47,card,KOTAK,bank_timeout,0,17,17,0.122,1
pay_001974,cust_01292,3358.84,card,ICICI,bank_timeout,1,2,0,0.244,0
pay_001975,cust_00530,1499.24,card,AXIS,expired_card,2,0,0,0.163,1
pay_001976,cust_02069,734.81,upi,KOTAK,temporary_bank_failure,2,1,1,0.177,0
pay_001977,cust_02959,1948.58,card,SBI,gateway_timeout,2,5,3,0.153,0
pay_001978,cust_02915,5550.8,card,KOTAK,expired_card,2,17,6,0.316,0
pay_001979,cust_00794,933.25,card,HDFC,bank_timeout,2,16,16,0.213,1
pay_001980,cust_02148,2361.69,card,ICICI,account_closed,0,13,4,0.194,0
pay_001981,cust_02800,689.11,card,ICICI,bank_timeout,1,16,1,0.055,1
pay_001982,cust_00478,786.94,card,ICICI,invalid_card,0,8,8,0.139,1
pay_001983,cust_01623,5116.84,wallet,SBI,temporary_bank_failure,0,18,7,0.086,1
pay_001984,cust_00940,3143.92,card,ICICI,network_error,0,1,1,0.105,1
pay_001985,cust_00526,2390.3,netbanking,AXIS,account_closed,1,2,2,0.236,0
pay_001986,cust_02382,282.19,card,SBI,insufficient_funds,2,15,5,0.116,1
pay_001987,cust_00002,1161.75,netbanking,KOTAK,network_error,0,15,8,0.308,1
pay_001988,cust_00375,2937.9,upi,HDFC,bank_timeout,1,0,0,0.192,0
pay_001989,cust_02341,567.22,netbanking,SBI,card_blocked,0,18,3,0.144,0
pay_001990,cust_02885,1362.25,netbanking,HDFC,gateway_timeout,1,17,3,0.291,0
pay_001991,cust_00553,3338.65,upi,SBI,gateway_timeout,0,9,6,0.365,1
pay_001992,cust_02366,539.74,netbanking,KOTAK,bank_timeout,2,16,13,0.223,0
pay_001993,cust_01526,471.81,upi,HDFC,account_closed,1,0,0,0.046,0
pay_001994,cust_01852,547.27,upi,SBI,bank_timeout,0,4,4,0.31,0
pay_001995,cust_00381,2362.77,card,HDFC,temporary_bank_failure,2,3,3,0.06,1
pay_001996,cust_01647,1157.94,netbanking,ICICI,gateway_timeout,2,18,12,0.375,0
pay_001997,cust_00014,3649.84,netbanking,ICICI,account_closed,1,6,0,0.213,0
pay_001998,cust_00504,1991.84,card,ICICI,temporary_bank_failure,2,7,7,0.156,1
pay_001999,cust_02279,8139.04,upi,AXIS,insufficient_funds,1,18,15,0.106,1
pay_002000,cust_02009,671.84,netbanking,ICICI,gateway_timeout,1,7,7,0.175,1
pay_002001,cust_00130,2357.64,upi,ICICI,temporary_bank_failure,2,8,8,0.52,1
pay_002002,cust_00838,957.02,wallet,KOTAK,card_blocked,2,18,17,0.219,0
pay_002003,cust_02939,2922.43,card,HDFC,invalid_card,1,17,15,0.18,0
pay_002004,cust_02041,1990.12,card,HDFC,network_error,2,13,13,0.118,0
pay_002005,cust_00028,816.89,upi,ICICI,insufficient_funds,1,17,11,0.32,0
pay_002006,cust_02114,1594.44,card,HDFC,invalid_card,2,4,4,0.459,0
pay_002007,cust_01253,1916.93,card,SBI,insufficient_funds,1,0,0,0.198,0
pay_002008,cust_00261,1119.41,upi,ICICI,insufficient_funds,2,5,5,0.045,0
pay_002009,cust_02047,3234.84,card,ICICI,bank_timeout,2,6,6,0.348,0
pay_002010,cust_01473,792.45,card,AXIS,bank_timeout,0,4,4,0.172,1
pay_002011,cust_01448,9631.62,card,SBI,network_error,0,7,2,0.32,0
pay_002012,cust_00460,3877.52,upi,ICICI,insufficient_funds,1,5,0,0.108,0
pay_002013,cust_00301,2389.87,card,ICICI,card_blocked,0,0,0,0.263,0
pay_002014,cust_02967,17610.51,card,HDFC,invalid_card,0,11,0,0.212,0
pay_002015,cust_02335,1411.72,upi,ICICI,bank_timeout,1,4,4,0.064,1
pay_002016,cust_00630,2948.64,card,ICICI,expired_card,2,4,4,0.148,0
pay_002017,cust_00270,2160.61,netbanking,ICICI,account_closed,2,14,10,0.256,0
pay_002018,cust_02640,3421.98,card,ICICI,gateway_timeout,1,16,16,0.072,1
pay_002019,cust_01994,5984.29,netbanking,AXIS,temporary_bank_failure,0,4,4,0.108,0
pay_002020,cust_01629,2805.0,upi,SBI,insufficient_funds,2,18,7,0.221,0
pay_002021,cust_01802,4160.69,netbanking,AXIS,insufficient_funds,0,9,9,0.094,1
pay_002022,cust_02892,1164.08,card,HDFC,network_error,1,2,2,0.028,0
pay_002023,cust_00862,1533.15,card,KOTAK,gateway_timeout,0,10,8,0.266,1
pay_002024,cust_01281,6705.14,netbanking,ICICI,insufficient_funds,1,7,7,0.166,1
pay_002025,cust_02181,2914.59,card,HDFC,insufficient_funds,1,12,4,0.033,0
pay_002026,cust_01800,2205.39,upi,KOTAK,insufficient_funds,2,5,5,0.12,0
pay_002027,cust_01707,989.7,card,ICICI,account_closed,1,2,2,0.227,0
pay_002028,cust_02561,3917.77,upi,ICICI,bank_timeout,2,18,3,0.559,0
pay_002029,cust_02361,967.61,netbanking,KOTAK,temporary_bank_failure,1,6,6,0.177,1
pay_002030,cust_00576,764.38,wallet,AXIS,invalid_card,2,1,1,0.274,1
pay_002031,cust_02934,1982.16,card,KOTAK,expired_card,0,18,8,0.379,1
pay_002032,cust_02004,264.54,card,KOTAK,card_blocked,1,12,1,0.383,0
pay_002033,cust_01308,2947.94,wallet,SBI,insufficient_funds,0,10,3,0.066,0
pay_002034,cust_01957,2444.4,netbanking,ICICI,expired_card,1,8,8,0.084,0
pay_002035,cust_02735,1363.43,card,ICICI,expired_card,1,18,9,0.219,1
pay_002036,cust_02021,1466.02,upi,AXIS,network_error,1,18,4,0.095,0
pay_002037,cust_02213,1643.43,card,AXIS,invalid_card,2,13,13,0.32,0
pay_002038,cust_02353,961.7,wallet,SBI,temporary_bank_failure,2,11,5,0.4,0
pay_002039,cust_01656,2095.73,card,SBI,gateway_timeout,0,0,0,0.29,1
pay_002040,cust_01580,1481.02,upi,SBI,bank_timeout,0,0,0,0.152,1
pay_002041,cust_01848,1978.24,upi,AXIS,account_closed,1,16,8,0.133,0
pay_002042,cust_02204,1596.26,netbanking,KOTAK,card_blocked,0,3,3,0.035,0
pay_002043,cust_01391,1363.73,netbanking,ICICI,bank_timeout,1,12,1,0.429,0
pay_002044,cust_01743,2259.26,card,ICICI,expired_card,1,10,10,0.07,1
pay_002045,cust_01926,3377.46,upi,HDFC,card_blocked,1,17,11,0.191,0
pay_002046,cust_00620,1188.19,wallet,AXIS,insufficient_funds,2,11,11,0.047,0
pay_002047,cust_01275,2480.9,upi,AXIS,invalid_card,0,18,2,0.149,1
pay_002048,cust_00957,2739.54,upi,SBI,bank_timeout,2,19,14,0.147,0
pay_002049,cust_01940,647.36,upi,HDFC,network_error,1,0,0,0.369,0
pay_002050,cust_02382,3949.07,card,HDFC,temporary_bank_failure,1,17,12,0.088,0
pay_002051,cust_00969,9368.99,upi,AXIS,card_blocked,2,1,1,0.109,0
pay_002052,cust_02559,1685.0,card,SBI,invalid_card,0,10,10,0.214,0
pay_002053,cust_01317,1576.63,card,ICICI,account_closed,2,14,4,0.117,0
pay_002054,cust_01044,1524.76,netbanking,SBI,insufficient_funds,2,14,10,0.159,1
pay_002055,cust_00282,2970.5,card,ICICI,expired_card,0,5,5,0.112,0
pay_002056,cust_02845,2720.64,card,AXIS,invalid_card,1,3,3,0.103,1
pay_002057,cust_02167,506.47,card,SBI,insufficient_funds,0,11,11,0.272,0
pay_002058,cust_01059,904.25,card,HDFC,account_closed,0,10,10,0.219,0
pay_002059,cust_00198,2713.11,netbanking,KOTAK,network_error,2,7,4,0.06,1
pay_002060,cust_02533,1609.99,upi,HDFC,bank_timeout,1,1,1,0.036,0
pay_002061,cust_01083,711.31,card,ICICI,temporary_bank_failure,1,15,15,0.309,1
pay_002062,cust_02885,6004.16,upi,AXIS,bank_timeout,1,1,1,0.144,0
pay_002063,cust_01185,953.59,upi,SBI,bank_timeout,2,3,1,0.059,0
pay_002064,cust_01009,1860.54,card,AXIS,gateway_timeout,2,1,1,0.289,0
pay_002065,cust_02739,1576.22,upi,AXIS,network_error,0,8,2,0.225,1
pay_002066,cust_01230,762.84,card,ICICI,invalid_card,0,12,12,0.306,1
pay_002067,cust_01036,2096.37,upi,AXIS,insufficient_funds,2,19,17,0.136,0
pay_002068,cust_00490,2474.23,card,SBI,temporary_bank_failure,0,1,1,0.332,1
pay_002069,cust_00276,1243.72,card,HDFC,temporary_bank_failure,2,18,14,0.268,1
pay_002070,cust_02741,1381.67,card,AXIS,insufficient_funds,0,7,1,0.234,0
pay_002071,cust_02290,2923.07,card,SBI,gateway_timeout,1,10,4,0.467,1
pay_002072,cust_01240,372.37,netbanking,SBI,bank_timeout,2,7,4,0.149,1
pay_002073,cust_01275,919.65,card,ICICI,expired_card,0,15,8,0.198,1
pay_002074,cust_00126,2144.68,card,AXIS,insufficient_funds,2,19,5,0.391,0
pay_002075,cust_00217,1186.32,netbanking,ICICI,temporary_bank_failure,2,16,16,0.072,0
pay_002076,cust_01209,1172.83,upi,HDFC,temporary_bank_failure,0,14,9,0.077,1
pay_002077,cust_01247,3719.54,card,HDFC,insufficient_funds,0,6,6,0.098,1
pay_002078,cust_02543,1089.35,wallet,SBI,account_closed,2,0,0,0.322,0
pay_002079,cust_02475,8807.36,card,AXIS,gateway_timeout,2,13,13,0.066,0
pay_002080,cust_00919,444.25,upi,SBI,account_closed,0,15,11,0.025,0
pay_002081,cust_01318,308.09,card,AXIS,gateway_timeout,1,2,2,0.152,0
pay_002082,cust_02199,3652.43,upi,ICICI,account_closed,1,17,2,0.152,0
pay_002083,cust_02432,822.9,upi,HDFC,card_blocked,1,18,16,0.285,0
pay_002084,cust_01662,834.09,card,HDFC,bank_timeout,2,5,5,0.105,0
pay_002085,cust_00308,3975.03,upi,ICICI,bank_timeout,1,8,8,0.071,0
pay_002086,cust_01360,1214.62,upi,KOTAK,bank_timeout,2,12,6,0.25,0
pay_002087,cust_01970,3745.42,upi,KOTAK,bank_timeout,0,11,6,0.416,0
pay_002088,cust_02794,1109.51,netbanking,KOTAK,insufficient_funds,1,14,8,0.348,1
pay_002089,cust_00892,2416.38,upi,AXIS,invalid_card,0,6,6,0.098,1
pay_002090,cust_00375,1200.94,upi,ICICI,card_blocked,1,11,10,0.07,0
pay_002091,cust_02034,866.23,upi,AXIS,gateway_timeout,1,16,8,0.238,1
pay_002092,cust_01365,7219.07,upi,AXIS,expired_card,0,12,0,0.074,0
pay_002093,cust_00129,4416.8,card,ICICI,expired_card,0,16,11,0.15,0
pay_002094,cust_01015,1010.99,upi,AXIS,gateway_timeout,2,7,2,0.044,1
pay_002095,cust_01800,1567.57,upi,ICICI,expired_card,0,17,17,0.395,1
pay_002096,cust_02717,5889.82,wallet,KOTAK,insufficient_funds,2,1,1,0.183,0
pay_002097,cust_01382,820.1,upi,KOTAK,invalid_card,2,16,7,0.355,0
pay_002098,cust_00517,856.38,card,AXIS,network_error,0,11,6,0.14,1
pay_002099,cust_01519,2633.45,upi,HDFC,temporary_bank_failure,1,12,4,0.095,0
pay_002100,cust_00086,11118.83,netbanking,ICICI,expired_card,1,14,4,0.179,1
pay_002101,cust_01199,1887.61,netbanking,SBI,bank_timeout,1,10,10,0.102,0
pay_002102,cust_02359,4187.46,netbanking,SBI,invalid_card,0,8,4,0.14,0
pay_002103,cust_01143,801.15,netbanking,AXIS,bank_timeout,1,7,7,0.273,1
pay_002104,cust_02475,2413.52,card,HDFC,temporary_bank_failure,2,19,19,0.146,1
pay_002105,cust_01994,1356.02,upi,ICICI,network_error,0,14,4,0.064,1
pay_002106,cust_02162,8048.98,upi,KOTAK,bank_timeout,2,16,6,0.099,1
pay_002107,cust_00303,6496.07,card,AXIS,temporary_bank_failure,1,13,0,0.126,1
pay_002108,cust_02792,11198.48,card,ICICI,card_blocked,1,4,4,0.333,0
pay_002109,cust_00588,1036.5,netbanking,ICICI,bank_timeout,1,15,1,0.252,0
pay_002110,cust_00987,1860.12,upi,ICICI,bank_timeout,2,7,7,0.232,0
pay_002111,cust_01864,2440.93,wallet,HDFC,expired_card,1,16,9,0.055,0
pay_002112,cust_00345,1069.37,wallet,ICICI,temporary_bank_failure,2,10,10,0.181,1
pay_002113,cust_00814,2007.9,card,HDFC,network_error,0,17,10,0.249,1
pay_002114,cust_01988,3741.28,netbanking,HDFC,insufficient_funds,0,1,1,0.045,0
pay_002115,cust_02849,1164.1,card,ICICI,network_error,0,0,0,0.137,1
pay_002116,cust_01311,1030.0,upi,KOTAK,gateway_timeout,1,8,8,0.035,0
pay_002117,cust_02000,976.79,card,ICICI,expired_card,2,7,6,0.139,1
pay_002118,cust_01678,617.1,card,KOTAK,bank_timeout,1,1,1,0.055,1
pay_002119,cust_01328,3580.27,netbanking,AXIS,card_blocked,0,11,11,0.312,0
pay_002120,cust_01093,1028.1,card,SBI,bank_timeout,0,5,5,0.408,1
pay_002121,cust_02409,944.93,upi,AXIS,invalid_card,1,1,1,0.056,0
pay_002122,cust_01010,2760.75,card,HDFC,expired_card,1,11,11,0.14,0
pay_002123,cust_00704,1792.75,card,AXIS,temporary_bank_failure,1,17,4,0.123,1
pay_002124,cust_00575,1187.46,card,SBI,bank_timeout,2,4,4,0.1,1
pay_002125,cust_01609,3458.2,upi,SBI,account_closed,1,12,12,0.372,0
pay_002126,cust_01113,1150.14,card,KOTAK,expired_card,0,3,3,0.237,0
pay_002127,cust_00688,316.85,card,AXIS,temporary_bank_failure,0,7,7,0.172,0
pay_002128,cust_02829,5253.21,upi,HDFC,bank_timeout,2,9,0,0.212,0
pay_002129,cust_02633,932.1,card,HDFC,card_blocked,1,13,7,0.085,0
pay_002130,cust_02637,1017.23,card,KOTAK,gateway_timeout,2,19,7,0.299,0
pay_002131,cust_00489,1020.83,netbanking,KOTAK,network_error,1,1,1,0.204,1
pay_002132,cust_01348,1896.34,card,AXIS,card_blocked,0,1,1,0.104,0
pay_002133,cust_00494,1451.87,card,KOTAK,temporary_bank_failure,1,3,3,0.074,1
pay_002134,cust_01668,3985.65,upi,SBI,insufficient_funds,1,10,10,0.34,0
pay_002135,cust_01638,6741.86,upi,HDFC,expired_card,0,8,6,0.162,1
pay_002136,cust_00019,1050.1,upi,SBI,account_closed,0,17,11,0.148,0
pay_002137,cust_02445,853.71,wallet,ICICI,bank_timeout,0,16,14,0.027,1
pay_002138,cust_01001,1190.92,card,SBI,account_closed,1,1,1,0.243,0
pay_002139,cust_00851,2568.93,wallet,HDFC,card_blocked,2,6,6,0.265,0
pay_002140,cust_01389,1647.33,wallet,ICICI,network_error,1,11,4,0.198,1
pay_002141,cust_01355,1211.57,netbanking,AXIS,insufficient_funds,2,15,4,0.213,0
pay_002142,cust_01368,640.59,upi,ICICI,account_closed,1,9,8,0.14,0
pay_002143,cust_00822,308.86,netbanking,KOTAK,insufficient_funds,1,10,10,0.227,1
pay_002144,cust_00455,809.35,card,HDFC,insufficient_funds,1,8,8,0.086,0
pay_002145,cust_01625,4971.78,upi,KOTAK,insufficient_funds,1,3,3,0.133,0
pay_002146,cust_02773,2562.64,card,SBI,invalid_card,2,15,11,0.056,1
pay_002147,cust_00711,1551.18,netbanking,AXIS,expired_card,1,18,18,0.071,1
pay_002148,cust_02191,3241.62,upi,HDFC,insufficient_funds,0,19,8,0.479,1
pay_002149,cust_00917,645.29,card,AXIS,gateway_timeout,0,4,4,0.106,1
pay_002150,cust_02876,1892.02,netbanking,HDFC,expired_card,1,11,11,0.097,1
pay_002151,cust_02653,433.08,upi,KOTAK,bank_timeout,2,9,9,0.158,0
pay_002152,cust_01497,2384.67,upi,SBI,gateway_timeout,0,13,13,0.033,1
pay_002153,cust_01441,2225.22,card,ICICI,network_error,0,19,4,0.035,0
pay_002154,cust_00305,2267.98,netbanking,AXIS,insufficient_funds,0,19,9,0.141,1
pay_002155,cust_00736,4601.3,upi,HDFC,network_error,1,11,11,0.009,0
pay_002156,cust_02339,3363.7,card,HDFC,insufficient_funds,0,3,3,0.302,0
pay_002157,cust_01964,687.37,upi,AXIS,invalid_card,2,19,8,0.245,0
pay_002158,cust_02150,4657.23,upi,ICICI,gateway_timeout,2,8,4,0.338,0
pay_002159,cust_02010,1529.11,upi,SBI,network_error,2,13,8,0.216,0
pay_002160,cust_02915,373.86,card,HDFC,network_error,0,4,4,0.113,0
pay_002161,cust_02890,1657.38,card,HDFC,account_closed,0,8,8,0.324,0
pay_002162,cust_00962,3034.2,upi,AXIS,invalid_card,2,1,1,0.126,0
pay_002163,cust_02990,803.45,netbanking,AXIS,bank_timeout,0,11,8,0.179,1
pay_002164,cust_01027,5251.59,upi,HDFC,card_blocked,2,11,11,0.197,0
pay_002165,cust_02133,863.8,card,HDFC,bank_timeout,1,12,4,0.007,0
pay_002166,cust_02376,1230.44,card,HDFC,expired_card,1,10,6,0.162,0
pay_002167,cust_02864,1062.32,upi,KOTAK,insufficient_funds,1,7,4,0.243,1
pay_002168,cust_01474,460.73,netbanking,HDFC,bank_timeout,0,11,11,0.095,0
pay_002169,cust_02502,816.88,card,SBI,temporary_bank_failure,1,8,8,0.173,0
pay_002170,cust_01948,1023.02,upi,SBI,invalid_card,1,11,10,0.164,0
pay_002171,cust_02677,1629.32,card,ICICI,temporary_bank_failure,2,10,4,0.128,0
pay_002172,cust_01178,163.83,card,AXIS,insufficient_funds,2,18,3,0.285,1
pay_002173,cust_00665,3207.48,card,ICICI,expired_card,2,7,0,0.207,0
pay_002174,cust_00012,3182.23,netbanking,HDFC,bank_timeout,1,6,0,0.094,0
pay_002175,cust_01157,4652.54,netbanking,AXIS,account_closed,2,13,13,0.268,0
pay_002176,cust_00304,548.22,card,HDFC,bank_timeout,1,1,1,0.267,1
pay_002177,cust_01764,1430.44,upi,AXIS,network_error,0,19,0,0.206,1
pay_002178,cust_02831,3839.7,card,KOTAK,invalid_card,1,11,7,0.36,0
pay_002179,cust_00043,4113.36,upi,KOTAK,card_blocked,2,0,0,0.104,0
pay_002180,cust_00944,5902.58,upi,KOTAK,invalid_card,2,9,8,0.039,0
pay_002181,cust_02391,1962.89,card,ICICI,network_error,2,0,0,0.218,0
pay_002182,cust_01350,1728.87,card,AXIS,card_blocked,2,9,9,0.157,0
pay_002183,cust_02546,519.9,netbanking,ICICI,gateway_timeout,0,7,3,0.19,1
pay_002184,cust_02412,4238.23,upi,AXIS,gateway_timeout,0,12,7,0.291,0
pay_002185,cust_00891,1251.06,card,HDFC,account_closed,1,13,12,0.409,0
pay_002186,cust_02475,1857.81,upi,KOTAK,bank_timeout,2,9,9,0.346,0
pay_002187,cust_01005,1761.17,netbanking,KOTAK,insufficient_funds,0,0,0,0.235,1
pay_002188,cust_00021,266.21,upi,AXIS,card_blocked,0,5,5,0.05,0
pay_002189,cust_00407,944.67,card,ICICI,bank_timeout,0,11,1,0.12,1
pay_002190,cust_02667,2599.58,upi,ICICI,insufficient_funds,2,19,14,0.042,1
pay_002191,cust_01015,1739.11,upi,SBI,bank_timeout,0,14,14,0.187,1
pay_002192,cust_00336,2616.15,upi,KOTAK,account_closed,2,12,12,0.137,0
pay_002193,cust_01839,3384.89,wallet,KOTAK,insufficient_funds,0,14,13,0.474,0
pay_002194,cust_01148,935.81,card,ICICI,network_error,0,15,2,0.226,1
pay_002195,cust_02447,1197.37,upi,KOTAK,temporary_bank_failure,2,11,0,0.095,1
pay_002196,cust_02841,1614.94,card,ICICI,insufficient_funds,2,19,2,0.266,0
pay_002197,cust_01828,3356.99,card,SBI,expired_card,2,10,10,0.257,0
pay_002198,cust_00715,1499.25,upi,AXIS,insufficient_funds,0,11,7,0.242,0
pay_002199,cust_00051,434.9,netbanking,AXIS,network_error,1,1,1,0.05,0
pay_002200,cust_00324,1542.95,card,SBI,expired_card,1,2,2,0.152,0
pay_002201,cust_00789,3250.67,wallet,KOTAK,bank_timeout,2,16,15,0.268,1
pay_002202,cust_00141,5354.09,card,HDFC,invalid_card,2,13,11,0.078,0
pay_002203,cust_00470,2263.03,card,KOTAK,gateway_timeout,1,6,6,0.21,1
pay_002204,cust_00787,550.71,card,ICICI,expired_card,1,19,15,0.289,0
pay_002205,cust_01826,1306.23,upi,HDFC,temporary_bank_failure,2,13,13,0.333,0
pay_002206,cust_01358,2643.99,upi,SBI,expired_card,2,8,8,0.056,0
pay_002207,cust_01917,3615.45,card,AXIS,account_closed,2,9,9,0.296,0
pay_002208,cust_00964,2712.58,upi,AXIS,expired_card,1,10,1,0.161,0
pay_002209,cust_00373,1478.4,upi,KOTAK,expired_card,1,10,9,0.285,0
pay_002210,cust_02542,3593.25,upi,AXIS,invalid_card,1,18,11,0.036,0
pay_002211,cust_01693,1083.06,card,KOTAK,insufficient_funds,2,12,12,0.158,0
pay_002212,cust_02799,2095.86,netbanking,ICICI,network_error,0,9,9,0.35,1
pay_002213,cust_01180,3293.91,upi,ICICI,account_closed,1,15,3,0.193,0
pay_002214,cust_02339,2867.82,card,SBI,expired_card,0,9,1,0.191,1
pay_002215,cust_01672,2919.82,card,ICICI,temporary_bank_failure,0,9,6,0.114,1
pay_002216,cust_00106,2861.59,upi,KOTAK,temporary_bank_failure,1,11,11,0.224,0
pay_002217,cust_01444,781.37,card,AXIS,insufficient_funds,1,0,0,0.08,0
pay_002218,cust_02718,1833.62,upi,ICICI,network_error,1,17,12,0.245,0
pay_002219,cust_01682,873.58,card,ICICI,account_closed,2,19,19,0.061,0
pay_002220,cust_00002,1434.28,upi,KOTAK,invalid_card,0,10,10,0.309,1
pay_002221,cust_02637,709.76,card,ICICI,temporary_bank_failure,0,6,6,0.066,0
pay_002222,cust_02692,2382.66,wallet,AXIS,bank_timeout,0,13,13,0.158,1
pay_002223,cust_02138,375.36,netbanking,AXIS,bank_timeout,0,7,7,0.107,1
pay_002224,cust_00350,2962.61,netbanking,AXIS,temporary_bank_failure,2,3,3,0.266,1
pay_002225,cust_01287,1830.38,card,AXIS,bank_timeout,1,2,2,0.368,1
pay_002226,cust_01063,8281.07,netbanking,HDFC,account_closed,1,9,9,0.126,0
pay_002227,cust_02957,1535.05,upi,AXIS,gateway_timeout,2,8,8,0.176,1
pay_002228,cust_02207,1534.69,upi,HDFC,temporary_bank_failure,1,14,14,0.195,1
pay_002229,cust_02360,3121.37,card,AXIS,network_error,0,7,7,0.167,1
pay_002230,cust_00445,1608.1,upi,AXIS,account_closed,2,12,12,0.339,0
pay_002231,cust_02346,2252.66,netbanking,KOTAK,invalid_card,2,6,6,0.056,0
pay_002232,cust_00952,4005.89,card,AXIS,gateway_timeout,0,12,11,0.154,1
pay_002233,cust_00036,1459.7,card,ICICI,network_error,2,5,5,0.13,0
pay_002234,cust_01108,4704.19,card,AXIS,card_blocked,0,9,9,0.246,0
pay_002235,cust_01476,471.86,card,SBI,temporary_bank_failure,2,18,2,0.227,1
pay_002236,cust_01799,6521.01,upi,KOTAK,invalid_card,1,10,8,0.338,0
pay_002237,cust_01846,432.45,netbanking,KOTAK,insufficient_funds,0,15,9,0.147,1
pay_002238,cust_01409,5333.43,card,AXIS,invalid_card,1,19,11,0.265,0
pay_002239,cust_01196,406.19,upi,SBI,insufficient_funds,2,13,8,0.048,1
pay_002240,cust_01400,8817.27,upi,AXIS,card_blocked,2,8,4,0.342,0
pay_002241,cust_01709,2056.38,card,ICICI,invalid_card,2,15,1,0.2,1
pay_002242,cust_01386,849.03,upi,KOTAK,network_error,2,8,8,0.283,1
pay_002243,cust_02607,8039.29,card,KOTAK,gateway_timeout,2,5,5,0.127,0
pay_002244,cust_02939,756.65,upi,SBI,bank_timeout,1,5,5,0.091,0
pay_002245,cust_02189,1507.36,card,HDFC,account_closed,0,17,7,0.139,0
pay_002246,cust_02935,14527.08,upi,SBI,bank_timeout,2,18,14,0.166,1
pay_002247,cust_01301,2481.03,card,ICICI,bank_timeout,2,16,15,0.207,1
pay_002248,cust_02774,357.52,wallet,SBI,insufficient_funds,2,3,3,0.133,1
pay_002249,cust_01244,1452.97,netbanking,HDFC,insufficient_funds,1,18,1,0.277,0
pay_002250,cust_00521,1353.69,card,ICICI,network_error,2,10,10,0.08,0
pay_002251,cust_01807,2102.36,card,ICICI,insufficient_funds,2,10,10,0.12,0
pay_002252,cust_00010,1744.89,card,HDFC,account_closed,2,10,10,0.141,0
pay_002253,cust_00984,2798.06,upi,AXIS,insufficient_funds,0,18,4,0.327,0
pay_002254,cust_02426,532.49,card,SBI,insufficient_funds,0,7,7,0.056,1
pay_002255,cust_01657,1166.4,upi,ICICI,bank_timeout,2,15,0,0.096,0
pay_002256,cust_01661,2320.35,card,SBI,network_error,0,7,2,0.038,0
pay_002257,cust_02730,982.68,card,HDFC,insufficient_funds,2,8,8,0.26,0
pay_002258,cust_02632,4344.89,card,KOTAK,insufficient_funds,2,11,11,0.076,0
pay_002259,cust_02200,998.54,card,HDFC,insufficient_funds,0,11,11,0.1,1
pay_002260,cust_00720,2027.71,upi,SBI,insufficient_funds,0,1,1,0.41,1
pay_002261,cust_01073,1662.43,card,ICICI,temporary_bank_failure,2,5,5,0.309,0
pay_002262,cust_00859,802.92,netbanking,SBI,expired_card,0,3,2,0.289,0
pay_002263,cust_01317,1897.69,upi,KOTAK,network_error,0,12,4,0.155,1
pay_002264,cust_01604,632.99,card,ICICI,account_closed,0,3,2,0.277,0
pay_002265,cust_00050,1267.89,upi,KOTAK,network_error,1,8,7,0.409,1
pay_002266,cust_02712,1852.37,upi,AXIS,gateway_timeout,1,6,5,0.098,1
pay_002267,cust_02579,577.17,upi,HDFC,network_error,1,5,5,0.218,1
pay_002268,cust_02905,2977.39,card,AXIS,insufficient_funds,1,17,5,0.324,0
pay_002269,cust_00146,2226.75,card,SBI,insufficient_funds,1,14,6,0.322,1
pay_002270,cust_00915,2767.23,card,AXIS,gateway_timeout,2,15,7,0.19,0
pay_002271,cust_01463,1811.62,upi,HDFC,insufficient_funds,0,0,0,0.165,0
pay_002272,cust_02290,720.15,wallet,ICICI,gateway_timeout,1,9,9,0.03,0
pay_002273,cust_00581,1807.94,netbanking,KOTAK,account_closed,0,3,3,0.162,0
pay_002274,cust_02735,2976.42,card,ICICI,bank_timeout,2,3,3,0.716,0
pay_002275,cust_01585,697.67,upi,AXIS,invalid_card,0,17,1,0.194,0
pay_002276,cust_00483,743.48,netbanking,SBI,expired_card,0,12,12,0.191,1
pay_002277,cust_01250,1484.94,card,AXIS,temporary_bank_failure,2,0,0,0.055,1
pay_002278,cust_00673,1343.37,upi,HDFC,card_blocked,2,19,17,0.072,0
pay_002279,cust_00631,1784.81,upi,HDFC,network_error,0,9,9,0.103,1
pay_002280,cust_02709,1431.73,upi,SBI,temporary_bank_failure,0,0,0,0.386,0
pay_002281,cust_00662,2054.94,upi,ICICI,gateway_timeout,2,1,1,0.24,0
pay_002282,cust_02853,4805.2,wallet,HDFC,expired_card,1,8,1,0.105,0
pay_002283,cust_02467,2781.4,card,HDFC,card_blocked,1,0,0,0.261,0
pay_002284,cust_00988,1891.11,upi,SBI,insufficient_funds,1,14,14,0.096,1
pay_002285,cust_01547,745.93,card,ICICI,account_closed,1,14,9,0.146,0
pay_002286,cust_00650,1014.76,card,AXIS,account_closed,0,1,1,0.205,0
pay_002287,cust_00969,3545.33,wallet,KOTAK,insufficient_funds,1,11,1,0.043,1
pay_002288,cust_02638,1242.91,upi,SBI,insufficient_funds,1,17,11,0.28,0
pay_002289,cust_01101,833.64,card,ICICI,network_error,2,9,9,0.212,1
pay_002290,cust_02557,9685.9,upi,KOTAK,insufficient_funds,2,12,4,0.052,0
pay_002291,cust_00441,6121.53,card,SBI,bank_timeout,2,8,8,0.424,1
pay_002292,cust_00921,1636.7,card,AXIS,expired_card,2,2,2,0.088,1
pay_002293,cust_00770,760.42,upi,AXIS,account_closed,0,7,7,0.203,0
pay_002294,cust_01344,3225.0,upi,ICICI,invalid_card,0,13,3,0.09,1
pay_002295,cust_01827,1221.64,upi,ICICI,expired_card,0,15,3,0.293,0
pay_002296,cust_00263,3680.58,upi,AXIS,account_closed,1,5,3,0.056,0
pay_002297,cust_01578,1222.63,card,AXIS,expired_card,1,8,8,0.332,1
pay_002298,cust_02685,6743.38,card,SBI,insufficient_funds,0,3,3,0.064,1
pay_002299,cust_02507,1193.93,card,ICICI,insufficient_funds,1,18,9,0.405,0
pay_002300,cust_00999,11989.5,netbanking,KOTAK,bank_timeout,1,14,0,0.048,1
pay_002301,cust_00700,2113.39,netbanking,AXIS,gateway_timeout,1,10,10,0.198,0
pay_002302,cust_02350,5472.25,card,KOTAK,insufficient_funds,1,9,9,0.396,1
pay_002303,cust_01604,1173.7,card,ICICI,insufficient_funds,1,7,7,0.213,1
pay_002304,cust_01242,633.28,upi,ICICI,invalid_card,2,2,2,0.15,0
pay_002305,cust_01126,285.72,upi,HDFC,network_error,0,18,3,0.114,0
pay_002306,cust_02602,5020.49,card,AXIS,invalid_card,0,3,3,0.059,0
pay_002307,cust_02336,1909.15,upi,ICICI,invalid_card,1,12,10,0.371,0
pay_002308,cust_01191,666.43,wallet,ICICI,account_closed,1,8,7,0.172,0
pay_002309,cust_02669,5190.38,upi,AXIS,gateway_timeout,2,19,0,0.257,1
pay_002310,cust_01006,4558.71,card,HDFC,network_error,0,12,1,0.133,0
pay_002311,cust_00036,5463.85,upi,HDFC,invalid_card,2,8,8,0.15,0
pay_002312,cust_00744,619.04,card,HDFC,insufficient_funds,2,19,19,0.057,0
pay_002313,cust_01765,4900.68,card,HDFC,expired_card,0,18,18,0.023,1
pay_002314,cust_00353,2458.32,netbanking,SBI,card_blocked,2,15,9,0.487,0
pay_002315,cust_01923,5665.21,card,AXIS,network_error,2,17,7,0.359,0
pay_002316,cust_00073,2791.08,card,AXIS,gateway_timeout,0,18,8,0.173,1
pay_002317,cust_02696,2076.44,upi,AXIS,network_error,0,16,9,0.23,0
pay_002318,cust_01377,4954.19,netbanking,HDFC,account_closed,0,11,11,0.331,0
pay_002319,cust_01915,3574.28,upi,HDFC,bank_timeout,2,10,4,0.109,0
pay_002320,cust_01094,4295.88,card,ICICI,bank_timeout,1,16,8,0.207,1
pay_002321,cust_02473,1223.61,upi,SBI,network_error,1,5,5,0.235,0
pay_002322,cust_00708,1575.1,upi,AXIS,invalid_card,1,14,14,0.331,0
pay_002323,cust_01805,451.67,upi,SBI,insufficient_funds,2,1,0,0.226,0
pay_002324,cust_02609,1155.05,upi,AXIS,gateway_timeout,2,13,13,0.072,1
pay_002325,cust_02876,3402.67,card,HDFC,network_error,1,2,2,0.133,1
pay_002326,cust_00956,2839.41,wallet,HDFC,temporary_bank_failure,0,11,9,0.039,1
pay_002327,cust_02565,825.82,upi,AXIS,invalid_card,0,5,5,0.353,0
pay_002328,cust_02476,5043.6,card,KOTAK,gateway_timeout,2,4,0,0.578,0
pay_002329,cust_00160,19505.67,upi,HDFC,insufficient_funds,1,6,5,0.205,0
pay_002330,cust_02197,878.15,card,ICICI,insufficient_funds,2,5,0,0.096,0
pay_002331,cust_02824,1533.48,upi,HDFC,card_blocked,2,18,2,0.274,0
pay_002332,cust_01736,1099.62,card,ICICI,network_error,1,13,12,0.273,0
pay_002333,cust_01586,1675.88,card,SBI,gateway_timeout,2,17,11,0.103,0
pay_002334,cust_00067,2250.99,upi,HDFC,temporary_bank_failure,0,13,13,0.154,1
pay_002335,cust_02429,1034.98,netbanking,HDFC,insufficient_funds,0,7,7,0.319,1
pay_002336,cust_00058,1448.76,card,SBI,expired_card,1,13,13,0.161,1
pay_002337,cust_00342,1938.74,upi,ICICI,insufficient_funds,2,18,12,0.221,0
pay_002338,cust_01154,2636.7,upi,KOTAK,account_closed,0,2,2,0.261,0
pay_002339,cust_02775,5844.14,card,ICICI,insufficient_funds,1,14,14,0.07,0
pay_002340,cust_01196,1787.22,card,AXIS,gateway_timeout,1,15,8,0.102,1
pay_002341,cust_02818,1153.47,upi,AXIS,invalid_card,1,14,14,0.209,0
pay_002342,cust_02662,3156.03,card,AXIS,gateway_timeout,2,13,10,0.064,1
pay_002343,cust_01233,2490.25,netbanking,SBI,insufficient_funds,1,14,14,0.023,0
pay_002344,cust_02402,1549.58,upi,ICICI,card_blocked,2,6,6,0.023,0
pay_002345,cust_01495,2665.14,netbanking,HDFC,invalid_card,1,4,4,0.252,1
pay_002346,cust_01822,1330.73,card,AXIS,account_closed,2,8,3,0.095,0
pay_002347,cust_00116,1182.86,netbanking,ICICI,insufficient_funds,0,15,7,0.183,0
pay_002348,cust_00662,395.66,card,HDFC,temporary_bank_failure,2,1,1,0.114,1
pay_002349,cust_01466,1390.84,upi,ICICI,card_blocked,0,6,6,0.045,0
pay_002350,cust_02501,441.41,card,SBI,network_error,0,11,3,0.208,0
pay_002351,cust_01869,1084.07,upi,AXIS,account_closed,1,15,15,0.025,0
pay_002352,cust_02335,2874.36,card,KOTAK,card_blocked,0,3,3,0.111,0
pay_002353,cust_01017,542.32,card,AXIS,account_closed,2,1,1,0.171,0
pay_002354,cust_00311,1553.28,upi,AXIS,bank_timeout,0,16,4,0.359,1
pay_002355,cust_00208,1905.27,upi,SBI,account_closed,2,16,14,0.328,0
pay_002356,cust_02666,1493.87,upi,HDFC,expired_card,2,2,2,0.099,0
pay_002357,cust_02494,1230.2,card,AXIS,expired_card,2,15,3,0.078,0
pay_002358,cust_02718,2345.63,card,HDFC,invalid_card,1,4,4,0.029,0
pay_002359,cust_00633,2620.92,netbanking,HDFC,insufficient_funds,2,6,6,0.093,0
pay_002360,cust_02103,1810.25,upi,SBI,network_error,1,12,12,0.171,1
pay_002361,cust_02960,1286.13,card,AXIS,insufficient_funds,0,8,8,0.194,0
pay_002362,cust_00657,3611.18,upi,SBI,bank_timeout,0,7,0,0.051,1
pay_002363,cust_01424,633.59,netbanking,SBI,expired_card,1,0,0,0.064,0
pay_002364,cust_01932,3133.49,netbanking,KOTAK,insufficient_funds,0,3,3,0.237,1
pay_002365,cust_02563,2529.45,card,SBI,insufficient_funds,0,6,5,0.28,1
pay_002366,cust_01680,2120.11,netbanking,KOTAK,network_error,0,10,1,0.342,0
pay_002367,cust_00237,1793.79,card,HDFC,bank_timeout,0,7,1,0.153,1
pay_002368,cust_00348,398.63,upi,HDFC,insufficient_funds,2,7,1,0.091,0
pay_002369,cust_02675,5485.6,card,ICICI,expired_card,0,19,10,0.138,1
pay_002370,cust_00630,3536.66,upi,ICICI,insufficient_funds,2,10,7,0.163,0
pay_002371,cust_01541,837.89,upi,HDFC,invalid_card,0,6,6,0.027,0
pay_002372,cust_02004,3317.77,card,AXIS,insufficient_funds,1,10,10,0.04,0
pay_002373,cust_01272,2102.9,upi,ICICI,account_closed,1,17,3,0.228,0
pay_002374,cust_00364,1134.1,upi,SBI,temporary_bank_failure,2,3,0,0.238,0
pay_002375,cust_02369,4691.16,upi,ICICI,network_error,1,5,5,0.108,0
pay_002376,cust_00286,1280.91,card,HDFC,network_error,2,6,6,0.038,1
pay_002377,cust_00149,5350.26,card,AXIS,bank_timeout,0,9,9,0.08,1
pay_002378,cust_01108,2772.28,upi,HDFC,account_closed,1,7,7,0.101,0
pay_002379,cust_02454,3886.43,netbanking,AXIS,card_blocked,2,3,3,0.149,0
pay_002380,cust_00456,2873.45,upi,ICICI,account_closed,2,8,0,0.129,0
pay_002381,cust_01767,2768.84,card,SBI,gateway_timeout,0,5,5,0.279,1
pay_002382,cust_00800,2147.77,upi,SBI,temporary_bank_failure,0,16,12,0.062,0
pay_002383,cust_01185,1010.85,card,HDFC,invalid_card,1,18,12,0.164,0
pay_002384,cust_01013,1900.78,wallet,AXIS,insufficient_funds,2,13,8,0.043,0
pay_002385,cust_02832,3763.53,card,ICICI,card_blocked,0,0,0,0.228,0
pay_002386,cust_02508,3214.44,card,AXIS,temporary_bank_failure,1,5,1,0.146,0
pay_002387,cust_01524,2699.99,upi,AXIS,temporary_bank_failure,2,6,0,0.103,0
pay_002388,cust_02786,338.12,netbanking,AXIS,card_blocked,0,0,0,0.17,0
pay_002389,cust_02557,1524.5,card,ICICI,card_blocked,1,16,16,0.16,0
pay_002390,cust_00481,1401.6,card,AXIS,account_closed,1,16,9,0.258,0
pay_002391,cust_01687,747.99,upi,SBI,gateway_timeout,0,6,1,0.123,1
pay_002392,cust_02162,3725.69,upi,HDFC,account_closed,0,13,3,0.391,0
pay_002393,cust_02797,357.72,card,KOTAK,temporary_bank_failure,2,6,6,0.632,0
pay_002394,cust_01602,3530.9,upi,AXIS,network_error,2,12,7,0.1,0
pay_002395,cust_02409,5236.41,upi,SBI,insufficient_funds,0,17,11,0.043,0
pay_002396,cust_00341,1528.63,netbanking,SBI,account_closed,1,6,4,0.283,0
pay_002397,cust_02818,1703.65,card,HDFC,bank_timeout,0,1,1,0.158,0
pay_002398,cust_02011,3920.79,card,HDFC,insufficient_funds,2,18,2,0.104,0
pay_002399,cust_02809,981.49,upi,KOTAK,insufficient_funds,2,13,0,0.022,1
pay_002400,cust_02497,3067.51,upi,KOTAK,insufficient_funds,0,0,0,0.418,1
pay_002401,cust_01867,867.62,upi,KOTAK,network_error,2,15,15,0.104,1
pay_002402,cust_00835,682.69,upi,ICICI,bank_timeout,1,6,6,0.148,1
pay_002403,cust_01204,2291.11,card,ICICI,account_closed,2,15,8,0.087,0
pay_002404,cust_01726,1769.85,card,SBI,insufficient_funds,1,19,4,0.133,1
pay_002405,cust_01690,456.32,card,HDFC,invalid_card,2,11,3,0.19,0
pay_002406,cust_00311,5609.68,netbanking,AXIS,temporary_bank_failure,1,4,4,0.244,1
pay_002407,cust_00262,1297.54,upi,HDFC,bank_timeout,0,16,11,0.124,1
pay_002408,cust_01443,2720.43,card,ICICI,network_error,1,12,12,0.087,1
pay_002409,cust_00406,6529.9,card,SBI,bank_timeout,0,13,13,0.203,0
pay_002410,cust_02191,2204.12,netbanking,AXIS,bank_timeout,2,15,5,0.239,0
pay_002411,cust_00342,5007.21,netbanking,KOTAK,network_error,1,12,4,0.415,0
pay_002412,cust_01340,906.47,netbanking,KOTAK,expired_card,1,17,1,0.177,0
pay_002413,cust_00244,5635.2,card,ICICI,account_closed,2,17,2,0.115,0
pay_002414,cust_00490,933.84,upi,SBI,account_closed,2,8,8,0.181,0
pay_002415,cust_00012,1144.92,card,HDFC,card_blocked,1,0,0,0.287,0
pay_002416,cust_00561,564.68,card,ICICI,expired_card,0,1,1,0.168,0
pay_002417,cust_00042,2241.14,card,HDFC,bank_timeout,2,7,7,0.269,1
pay_002418,cust_02726,2995.13,card,AXIS,gateway_timeout,1,12,12,0.019,1
pay_002419,cust_00594,3339.07,upi,HDFC,bank_timeout,2,5,0,0.182,0
pay_002420,cust_01453,575.21,netbanking,AXIS,invalid_card,2,18,0,0.379,0
pay_002421,cust_01827,2440.56,card,SBI,bank_timeout,0,18,0,0.205,0
pay_002422,cust_01694,2513.89,netbanking,ICICI,bank_timeout,0,1,1,0.187,1
pay_002423,cust_00134,2956.67,card,HDFC,bank_timeout,0,9,8,0.435,1
pay_002424,cust_00948,974.4,card,SBI,card_blocked,1,4,0,0.065,0
pay_002425,cust_00073,243.66,card,SBI,invalid_card,2,0,0,0.392,0
pay_002426,cust_00399,3181.74,card,HDFC,temporary_bank_failure,0,12,11,0.135,1
pay_002427,cust_01429,1608.95,card,KOTAK,gateway_timeout,1,11,3,0.061,0
pay_002428,cust_02626,2262.43,upi,KOTAK,bank_timeout,0,9,9,0.274,0
pay_002429,cust_02907,1676.25,upi,AXIS,network_error,0,2,2,0.146,0
pay_002430,cust_00130,2181.14,netbanking,SBI,temporary_bank_failure,2,14,14,0.393,0
pay_002431,cust_02979,3260.69,card,ICICI,gateway_timeout,1,4,4,0.346,0
pay_002432,cust_01812,409.27,upi,ICICI,insufficient_funds,2,18,4,0.058,0
pay_002433,cust_02002,4504.43,upi,SBI,temporary_bank_failure,0,18,1,0.246,1
pay_002434,cust_00266,1562.88,wallet,KOTAK,card_blocked,2,12,6,0.213,0
pay_002435,cust_01561,6645.26,card,SBI,temporary_bank_failure,1,7,5,0.388,0
pay_002436,cust_01986,1251.92,wallet,AXIS,card_blocked,0,7,7,0.16,0
pay_002437,cust_00793,1048.09,upi,SBI,expired_card,0,5,5,0.217,0
pay_002438,cust_02301,1605.72,upi,HDFC,account_closed,0,8,8,0.082,0
pay_002439,cust_02870,2697.25,card,KOTAK,expired_card,0,13,6,0.47,1
pay_002440,cust_01313,1451.74,upi,HDFC,insufficient_funds,1,4,4,0.378,0
pay_002441,cust_00164,2858.38,upi,HDFC,insufficient_funds,2,15,1,0.16,0
pay_002442,cust_00095,1326.5,card,SBI,temporary_bank_failure,1,13,2,0.226,1
pay_002443,cust_01806,1859.22,card,SBI,temporary_bank_failure,0,9,9,0.214,1
pay_002444,cust_02881,10820.98,wallet,ICICI,network_error,1,16,2,0.196,0
pay_002445,cust_01134,2406.22,card,HDFC,gateway_timeout,0,15,7,0.156,0
pay_002446,cust_02384,2565.73,card,SBI,bank_timeout,0,19,4,0.278,1
pay_002447,cust_00822,556.65,upi,ICICI,gateway_timeout,2,16,16,0.173,0
pay_002448,cust_00238,5342.4,card,HDFC,account_closed,0,15,11,0.172,0
pay_002449,cust_02429,4243.62,upi,ICICI,account_closed,1,9,9,0.212,0
pay_002450,cust_02947,1020.9,upi,KOTAK,expired_card,1,17,3,0.225,0
pay_002451,cust_02531,4177.13,card,AXIS,network_error,2,5,3,0.224,1
pay_002452,cust_01961,2353.93,upi,HDFC,network_error,2,16,0,0.206,0
pay_002453,cust_02950,1876.44,card,SBI,temporary_bank_failure,0,8,6,0.29,0
pay_002454,cust_01049,5078.47,netbanking,KOTAK,insufficient_funds,0,7,7,0.244,0
pay_002455,cust_01677,1200.1,wallet,ICICI,card_blocked,0,7,1,0.047,0
pay_002456,cust_02530,1014.46,card,AXIS,bank_timeout,0,11,0,0.149,1
pay_002457,cust_02965,2134.63,netbanking,HDFC,insufficient_funds,1,17,17,0.345,0
pay_002458,cust_00964,2758.89,upi,AXIS,expired_card,0,1,1,0.3,1
pay_002459,cust_00537,3916.89,upi,KOTAK,network_error,2,2,2,0.101,1
pay_002460,cust_01604,1602.37,card,AXIS,card_blocked,1,10,4,0.078,0
pay_002461,cust_01980,916.15,card,HDFC,temporary_bank_failure,1,12,5,0.517,1
pay_002462,cust_00128,13668.57,wallet,KOTAK,card_blocked,0,17,5,0.412,0
pay_002463,cust_00092,758.03,card,ICICI,insufficient_funds,0,10,10,0.342,0
pay_002464,cust_00543,1889.55,card,HDFC,bank_timeout,1,13,13,0.083,1
pay_002465,cust_00846,3373.7,card,AXIS,temporary_bank_failure,2,19,9,0.168,0
pay_002466,cust_01682,4540.98,upi,HDFC,bank_timeout,0,3,3,0.314,0
pay_002467,cust_01852,1148.57,netbanking,KOTAK,gateway_timeout,1,3,3,0.055,1
pay_002468,cust_02495,403.46,upi,AXIS,card_blocked,1,9,9,0.293,0
pay_002469,cust_00390,1127.53,card,ICICI,invalid_card,0,1,1,0.304,1
pay_002470,cust_02720,3601.33,card,SBI,insufficient_funds,2,17,7,0.291,0
pay_002471,cust_01885,3010.91,card,ICICI,insufficient_funds,1,10,10,0.073,0
pay_002472,cust_00043,3090.53,card,HDFC,gateway_timeout,1,4,4,0.402,1
pay_002473,cust_00254,3194.96,upi,SBI,network_error,1,16,6,0.214,1
pay_002474,cust_01084,5282.04,card,KOTAK,bank_timeout,0,1,1,0.309,0
pay_002475,cust_02711,971.94,netbanking,AXIS,network_error,1,2,2,0.272,0
pay_002476,cust_02515,693.45,upi,AXIS,temporary_bank_failure,1,6,6,0.396,1
pay_002477,cust_02335,2431.79,netbanking,KOTAK,insufficient_funds,0,1,1,0.022,0
pay_002478,cust_01541,781.47,wallet,HDFC,network_error,2,1,1,0.032,1
pay_002479,cust_01954,659.36,netbanking,ICICI,card_blocked,1,7,7,0.326,0
pay_002480,cust_02826,4813.44,card,SBI,bank_timeout,0,15,12,0.148,1
pay_002481,cust_02393,2208.98,netbanking,KOTAK,bank_timeout,2,2,2,0.139,1
pay_002482,cust_00642,1849.73,upi,HDFC,expired_card,0,5,2,0.355,0
pay_002483,cust_02430,1880.74,upi,HDFC,invalid_card,2,18,1,0.152,0
pay_002484,cust_00690,1660.86,card,SBI,card_blocked,0,12,6,0.225,0
pay_002485,cust_01277,4787.64,card,KOTAK,insufficient_funds,2,3,1,0.064,0
pay_002486,cust_01951,538.24,wallet,ICICI,network_error,2,16,5,0.224,0
pay_002487,cust_01080,520.7,card,ICICI,card_blocked,0,8,8,0.269,0
pay_002488,cust_01487,854.82,card,KOTAK,card_blocked,1,2,2,0.285,0
pay_002489,cust_00457,2278.63,card,AXIS,card_blocked,2,0,0,0.099,0
pay_002490,cust_00983,7663.89,netbanking,ICICI,account_closed,0,0,0,0.448,0
pay_002491,cust_02131,3623.76,upi,AXIS,bank_timeout,1,16,10,0.137,0
pay_002492,cust_01123,2904.32,netbanking,KOTAK,account_closed,1,12,6,0.28,0
pay_002493,cust_00149,1696.13,card,HDFC,card_blocked,0,4,4,0.324,0
pay_002494,cust_01353,622.64,card,KOTAK,insufficient_funds,0,18,3,0.098,0
pay_002495,cust_01180,2729.82,upi,HDFC,invalid_card,2,9,9,0.059,0
pay_002496,cust_00190,9143.27,upi,KOTAK,expired_card,0,8,8,0.264,1
pay_002497,cust_00883,1492.12,card,AXIS,temporary_bank_failure,1,5,5,0.16,0
pay_002498,cust_02311,1154.54,card,AXIS,insufficient_funds,0,16,14,0.095,1
pay_002499,cust_00400,1497.88,card,KOTAK,account_closed,1,6,6,0.079,0
pay_002500,cust_02812,2921.35,card,HDFC,insufficient_funds,1,15,9,0.263,0
pay_002501,cust_00609,1977.1,upi,KOTAK,insufficient_funds,0,18,1,0.124,0
pay_002502,cust_01796,3744.38,card,HDFC,insufficient_funds,1,4,4,0.154,1
pay_002503,cust_01639,1760.3,card,AXIS,temporary_bank_failure,1,17,17,0.29,0
pay_002504,cust_01576,1490.98,card,SBI,expired_card,2,6,4,0.136,0
pay_002505,cust_02833,2171.57,card,ICICI,insufficient_funds,1,4,4,0.341,0
pay_002506,cust_02149,1174.12,netbanking,AXIS,network_error,2,7,2,0.179,0
pay_002507,cust_01383,7278.0,card,KOTAK,account_closed,2,8,7,0.413,0
pay_002508,cust_01404,3492.91,card,KOTAK,card_blocked,2,19,10,0.035,0
pay_002509,cust_00820,750.13,card,HDFC,bank_timeout,2,3,3,0.279,0
pay_002510,cust_00820,995.65,upi,ICICI,insufficient_funds,1,2,2,0.083,0
pay_002511,cust_00420,2842.02,upi,AXIS,gateway_timeout,1,11,3,0.229,0
pay_002512,cust_00124,2093.63,card,ICICI,insufficient_funds,0,8,7,0.081,0
pay_002513,cust_00422,2303.1,upi,ICICI,gateway_timeout,2,9,1,0.036,0
pay_002514,cust_01509,1550.45,upi,AXIS,insufficient_funds,1,10,10,0.179,0
pay_002515,cust_01598,2602.27,card,HDFC,temporary_bank_failure,2,15,8,0.317,1
pay_002516,cust_00768,1579.9,card,HDFC,bank_timeout,2,10,10,0.261,0
pay_002517,cust_02045,2837.57,upi,HDFC,temporary_bank_failure,0,7,7,0.256,1
pay_002518,cust_02531,3355.72,upi,SBI,expired_card,2,13,12,0.174,0
pay_002519,cust_02567,6538.04,wallet,ICICI,bank_timeout,1,1,1,0.3,1
pay_002520,cust_02203,1197.8,card,SBI,gateway_timeout,1,3,3,0.161,1
pay_002521,cust_02140,1792.03,upi,HDFC,bank_timeout,1,14,8,0.097,0
pay_002522,cust_01550,681.85,card,AXIS,temporary_bank_failure,1,17,14,0.151,1
pay_002523,cust_02503,7793.22,netbanking,ICICI,bank_timeout,2,10,9,0.077,1
pay_002524,cust_01765,372.27,upi,AXIS,temporary_bank_failure,1,18,18,0.314,1
pay_002525,cust_02045,6948.6,upi,KOTAK,account_closed,0,17,16,0.178,0
pay_002526,cust_02646,1948.42,card,ICICI,insufficient_funds,2,8,6,0.156,0
pay_002527,cust_00510,2526.88,card,AXIS,expired_card,1,4,4,0.497,0
pay_002528,cust_01207,1583.61,upi,HDFC,insufficient_funds,1,9,9,0.208,1
pay_002529,cust_00386,1853.59,card,SBI,card_blocked,0,16,1,0.367,0
pay_002530,cust_01598,2894.21,card,AXIS,insufficient_funds,2,19,15,0.419,0
pay_002531,cust_02453,488.18,card,KOTAK,bank_timeout,0,12,12,0.241,1
pay_002532,cust_02294,1073.09,card,HDFC,card_blocked,0,3,3,0.496,0
pay_002533,cust_00742,919.61,upi,KOTAK,bank_timeout,1,13,0,0.171,1
pay_002534,cust_02709,2586.15,card,SBI,card_blocked,1,7,5,0.131,0
pay_002535,cust_02698,1814.37,card,KOTAK,gateway_timeout,0,14,0,0.286,1
pay_002536,cust_01912,2964.54,card,AXIS,bank_timeout,2,2,2,0.142,1
pay_002537,cust_01447,2062.8,netbanking,AXIS,account_closed,2,16,16,0.38,0
pay_002538,cust_00901,4216.97,netbanking,HDFC,bank_timeout,2,14,7,0.19,0
pay_002539,cust_02113,1000.03,upi,SBI,network_error,0,0,0,0.044,1
pay_002540,cust_02261,1894.15,upi,SBI,gateway_timeout,2,4,4,0.12,1
pay_002541,cust_02010,4391.78,card,ICICI,expired_card,1,7,7,0.343,0
pay_002542,cust_00242,3742.32,upi,ICICI,bank_timeout,0,8,8,0.209,0
pay_002543,cust_02541,553.51,upi,AXIS,insufficient_funds,0,1,1,0.245,0
pay_002544,cust_02386,798.8,upi,KOTAK,invalid_card,0,4,4,0.265,0
pay_002545,cust_02021,1693.52,card,KOTAK,bank_timeout,2,3,3,0.069,1
pay_002546,cust_00173,1498.37,upi,HDFC,expired_card,2,11,4,0.312,0
pay_002547,cust_00672,1715.84,netbanking,SBI,card_blocked,1,18,16,0.092,0
pay_002548,cust_00164,3418.48,netbanking,AXIS,card_blocked,2,1,1,0.408,0
pay_002549,cust_00465,2279.03,upi,KOTAK,network_error,2,15,14,0.17,0
pay_002550,cust_00497,2387.86,card,ICICI,invalid_card,2,1,1,0.551,0
pay_002551,cust_00700,3091.74,card,AXIS,account_closed,2,9,3,0.392,0
pay_002552,cust_02443,4269.87,netbanking,HDFC,account_closed,1,9,6,0.071,0
pay_002553,cust_00703,156.83,card,AXIS,temporary_bank_failure,1,16,6,0.166,0
pay_002554,cust_01941,1327.03,upi,KOTAK,temporary_bank_failure,1,11,4,0.131,0
pay_002555,cust_02356,892.14,card,HDFC,bank_timeout,2,6,6,0.159,0
pay_002556,cust_01792,2644.54,upi,ICICI,gateway_timeout,2,8,8,0.157,1
pay_002557,cust_00183,1249.27,upi,ICICI,bank_timeout,0,13,4,0.37,0
pay_002558,cust_00629,1921.17,netbanking,KOTAK,invalid_card,0,17,3,0.269,0
pay_002559,cust_02558,3574.98,card,HDFC,bank_timeout,2,9,9,0.174,0
pay_002560,cust_01732,1116.12,upi,ICICI,account_closed,0,15,5,0.367,0
pay_002561,cust_00546,2416.93,netbanking,HDFC,bank_timeout,1,0,0,0.195,0
pay_002562,cust_01588,6267.06,netbanking,AXIS,insufficient_funds,1,8,8,0.132,1
pay_002563,cust_00624,3516.75,upi,SBI,gateway_timeout,1,12,6,0.319,1
pay_002564,cust_00594,508.46,upi,SBI,insufficient_funds,0,15,15,0.095,1
pay_002565,cust_00744,1431.68,wallet,SBI,insufficient_funds,1,15,4,0.182,1
pay_002566,cust_01769,2403.43,upi,ICICI,insufficient_funds,1,1,1,0.211,0
pay_002567,cust_01460,2813.62,upi,KOTAK,bank_timeout,1,8,0,0.346,0
pay_002568,cust_01949,1477.52,card,SBI,bank_timeout,2,12,12,0.267,0
pay_002569,cust_02602,1083.74,card,KOTAK,insufficient_funds,2,7,7,0.386,0
pay_002570,cust_02069,1908.76,card,SBI,network_error,1,10,10,0.116,1
pay_002571,cust_02602,757.86,upi,AXIS,bank_timeout,1,16,16,0.29,1
pay_002572,cust_02445,4358.08,upi,SBI,network_error,2,19,19,0.155,1
pay_002573,cust_02673,8062.22,card,KOTAK,invalid_card,2,10,1,0.072,0
pay_002574,cust_00105,2479.36,netbanking,ICICI,insufficient_funds,0,10,10,0.184,0
pay_002575,cust_02240,1501.24,upi,AXIS,network_error,2,15,11,0.276,0
pay_002576,cust_00017,3838.05,upi,KOTAK,bank_timeout,1,6,3,0.122,0
pay_002577,cust_00393,3352.77,wallet,HDFC,temporary_bank_failure,2,0,0,0.421,1
pay_002578,cust_00425,1450.36,card,SBI,temporary_bank_failure,1,14,12,0.053,1
pay_002579,cust_02177,1740.15,upi,AXIS,invalid_card,0,17,2,0.289,1
pay_002580,cust_00572,1110.29,upi,ICICI,card_blocked,2,13,13,0.064,0
pay_002581,cust_02077,2062.65,upi,HDFC,gateway_timeout,0,12,6,0.193,1
pay_002582,cust_01121,2296.47,card,SBI,expired_card,1,1,1,0.298,0
pay_002583,cust_00242,968.64,card,AXIS,expired_card,1,19,14,0.363,0
pay_002584,cust_02280,765.29,upi,KOTAK,gateway_timeout,1,10,10,0.167,1
pay_002585,cust_00789,625.9,card,SBI,bank_timeout,1,18,15,0.154,1
pay_002586,cust_00715,2523.06,card,AXIS,insufficient_funds,0,5,5,0.052,1
pay_002587,cust_00759,1791.51,netbanking,SBI,temporary_bank_failure,2,16,15,0.255,0
pay_002588,cust_02850,1691.11,upi,AXIS,insufficient_funds,2,0,0,0.127,0
pay_002589,cust_00776,2621.81,netbanking,KOTAK,bank_timeout,1,19,0,0.106,0
pay_002590,cust_02774,879.39,upi,SBI,expired_card,1,4,4,0.252,1
pay_002591,cust_02248,768.01,upi,AXIS,invalid_card,0,0,0,0.259,0
pay_002592,cust_02993,2192.65,wallet,HDFC,gateway_timeout,0,12,8,0.267,0
pay_002593,cust_00079,453.53,wallet,ICICI,network_error,1,0,0,0.111,0
pay_002594,cust_00856,1469.7,card,AXIS,insufficient_funds,1,11,4,0.327,0
pay_002595,cust_02515,13005.88,netbanking,AXIS,card_blocked,2,8,8,0.115,0
pay_002596,cust_02629,614.72,card,AXIS,expired_card,2,12,5,0.104,0
pay_002597,cust_01440,1282.04,card,SBI,bank_timeout,2,9,2,0.236,0
pay_002598,cust_02988,330.86,upi,ICICI,gateway_timeout,1,15,1,0.218,0
pay_002599,cust_02497,1499.7,wallet,SBI,card_blocked,0,5,5,0.216,0
pay_002600,cust_02135,8718.73,wallet,AXIS,expired_card,0,7,5,0.12,0
pay_002601,cust_02149,2626.83,card,AXIS,bank_timeout,0,6,6,0.311,0
pay_002602,cust_01032,1106.52,upi,ICICI,expired_card,1,12,12,0.169,0
pay_002603,cust_00845,10354.0,netbanking,HDFC,temporary_bank_failure,1,16,13,0.012,0
pay_002604,cust_00087,448.59,card,SBI,insufficient_funds,0,11,1,0.165,0
pay_002605,cust_02091,2599.71,upi,HDFC,gateway_timeout,0,10,3,0.286,1
pay_002606,cust_00408,1904.42,upi,AXIS,expired_card,0,5,5,0.178,1
pay_002607,cust_02712,1483.83,card,AXIS,network_error,1,14,5,0.34,0
pay_002608,cust_01669,3448.43,upi,KOTAK,gateway_timeout,2,4,4,0.348,0
pay_002609,cust_00148,702.34,card,KOTAK,invalid_card,2,15,8,0.089,0
pay_002610,cust_02325,2321.8,card,HDFC,expired_card,1,10,10,0.416,1
pay_002611,cust_00232,2097.55,card,KOTAK,network_error,2,9,9,0.13,0
pay_002612,cust_01951,900.72,upi,ICICI,temporary_bank_failure,0,7,3,0.093,0
pay_002613,cust_00366,8604.12,upi,HDFC,bank_timeout,2,4,0,0.158,1
pay_002614,cust_01675,1563.26,card,KOTAK,insufficient_funds,0,9,3,0.251,0
pay_002615,cust_00436,1618.22,upi,KOTAK,temporary_bank_failure,1,9,2,0.03,1
pay_002616,cust_00399,794.62,card,ICICI,bank_timeout,1,0,0,0.043,0
pay_002617,cust_01235,1586.57,netbanking,ICICI,gateway_timeout,0,12,12,0.351,1
pay_002618,cust_01415,11705.38,upi,HDFC,card_blocked,0,19,0,0.202,0
pay_002619,cust_02547,1477.09,card,SBI,card_blocked,2,17,15,0.413,0
pay_002620,cust_02588,2737.94,card,ICICI,gateway_timeout,0,4,1,0.424,1
pay_002621,cust_00563,3867.79,card,KOTAK,gateway_timeout,1,15,5,0.165,0
pay_002622,cust_02490,1563.81,netbanking,HDFC,network_error,1,5,0,0.39,1
pay_002623,cust_01285,1302.87,upi,SBI,bank_timeout,2,9,9,0.158,0
pay_002624,cust_00773,2638.09,upi,HDFC,expired_card,0,6,6,0.35,1
pay_002625,cust_02398,1490.69,card,KOTAK,invalid_card,0,19,0,0.187,0
pay_002626,cust_02038,1386.48,upi,SBI,account_closed,2,15,15,0.14,0
pay_002627,cust_02568,3834.95,netbanking,SBI,card_blocked,1,0,0,0.316,0
pay_002628,cust_01344,1710.36,card,ICICI,card_blocked,0,6,1,0.151,0
pay_002629,cust_02186,4772.34,upi,AXIS,bank_timeout,2,11,4,0.141,0
pay_002630,cust_01574,1679.85,netbanking,KOTAK,card_blocked,2,14,7,0.375,0
pay_002631,cust_00992,630.33,upi,AXIS,gateway_timeout,2,1,0,0.124,0
pay_002632,cust_02416,116.67,card,KOTAK,account_closed,2,17,8,0.276,0
pay_002633,cust_01247,415.5,card,HDFC,gateway_timeout,0,3,3,0.104,1
pay_002634,cust_00360,476.86,card,AXIS,gateway_timeout,2,12,12,0.279,0
pay_002635,cust_00921,2237.76,netbanking,SBI,bank_timeout,0,8,4,0.047,0
pay_002636,cust_02377,831.25,upi,ICICI,bank_timeout,1,3,3,0.235,1
pay_002637,cust_02511,372.67,wallet,KOTAK,expired_card,2,8,8,0.3,0
pay_002638,cust_02994,1628.27,card,ICICI,card_blocked,2,0,0,0.233,0
pay_002639,cust_00963,760.93,card,KOTAK,network_error,1,7,7,0.288,0
pay_002640,cust_01828,2618.82,card,SBI,bank_timeout,2,0,0,0.356,0
pay_002641,cust_02884,2567.31,card,SBI,network_error,0,15,15,0.082,1
pay_002642,cust_01614,2794.11,card,SBI,network_error,1,14,11,0.244,1
pay_002643,cust_01641,233.55,card,SBI,temporary_bank_failure,1,14,7,0.175,1
pay_002644,cust_02217,1874.93,netbanking,SBI,bank_timeout,0,4,4,0.314,1
pay_002645,cust_00217,1640.7,card,ICICI,network_error,0,18,10,0.021,0
pay_002646,cust_00378,680.4,upi,HDFC,card_blocked,1,10,10,0.195,0
pay_002647,cust_00119,327.03,netbanking,AXIS,account_closed,2,18,1,0.201,0
pay_002648,cust_00190,1657.48,wallet,ICICI,temporary_bank_failure,0,2,2,0.383,1
pay_002649,cust_02815,4235.65,card,AXIS,card_blocked,0,3,0,0.12,0
pay_002650,cust_00370,229.2,netbanking,HDFC,temporary_bank_failure,0,15,0,0.039,1
pay_002651,cust_01802,928.88,card,KOTAK,expired_card,1,11,3,0.197,0
pay_002652,cust_02197,2008.67,card,HDFC,expired_card,2,6,6,0.414,0
pay_002653,cust_00652,4446.78,netbanking,HDFC,bank_timeout,0,0,0,0.111,1
pay_002654,cust_01883,1408.25,upi,KOTAK,temporary_bank_failure,1,10,0,0.233,0
pay_002655,cust_01512,8474.38,netbanking,AXIS,card_blocked,1,14,14,0.181,0
pay_002656,cust_00770,429.99,netbanking,SBI,bank_timeout,2,18,0,0.159,1
pay_002657,cust_02422,360.12,card,KOTAK,network_error,1,14,9,0.068,1
pay_002658,cust_00781,4081.3,upi,KOTAK,card_blocked,1,8,8,0.469,0
pay_002659,cust_01717,275.97,card,HDFC,bank_timeout,0,12,12,0.057,1
pay_002660,cust_02208,2615.54,upi,KOTAK,gateway_timeout,0,17,17,0.295,1
pay_002661,cust_02399,1428.49,card,ICICI,card_blocked,0,16,7,0.143,0
pay_002662,cust_01312,879.36,card,SBI,card_blocked,1,4,4,0.136,0
pay_002663,cust_02940,1285.2,netbanking,HDFC,card_blocked,2,15,10,0.258,0
pay_002664,cust_01250,644.67,netbanking,AXIS,insufficient_funds,2,6,6,0.342,0
pay_002665,cust_00523,1401.55,upi,AXIS,bank_timeout,2,4,4,0.22,1
pay_002666,cust_00522,1833.41,upi,AXIS,invalid_card,1,10,10,0.433,0
pay_002667,cust_00783,1295.98,upi,AXIS,expired_card,0,15,10,0.293,1
pay_002668,cust_02321,1132.35,upi,AXIS,insufficient_funds,1,12,12,0.137,1
pay_002669,cust_00936,2215.67,wallet,HDFC,account_closed,0,1,1,0.177,0
pay_002670,cust_02231,6820.29,card,ICICI,card_blocked,1,11,11,0.083,0
pay_002671,cust_01689,1461.24,card,ICICI,expired_card,1,11,7,0.023,0
pay_002672,cust_00488,3484.2,netbanking,AXIS,bank_timeout,2,9,9,0.316,1
pay_002673,cust_01851,834.69,netbanking,ICICI,bank_timeout,1,12,5,0.292,1
pay_002674,cust_00846,621.87,upi,SBI,gateway_timeout,2,11,0,0.163,1
pay_002675,cust_02172,2598.4,card,ICICI,temporary_bank_failure,1,18,8,0.123,0
pay_002676,cust_02838,1499.93,netbanking,KOTAK,bank_timeout,2,16,3,0.148,0
pay_002677,cust_02462,4463.1,upi,AXIS,insufficient_funds,1,15,0,0.295,1
pay_002678,cust_02004,5220.45,upi,KOTAK,expired_card,1,16,9,0.32,0
pay_002679,cust_01749,3537.83,upi,KOTAK,expired_card,0,5,5,0.112,1
pay_002680,cust_00686,3476.87,card,AXIS,network_error,0,17,6,0.089,1
pay_002681,cust_02161,116.71,card,HDFC,temporary_bank_failure,0,10,6,0.082,0
pay_002682,cust_02936,2580.19,upi,ICICI,network_error,1,11,4,0.078,0
pay_002683,cust_02170,3605.82,card,SBI,insufficient_funds,0,16,1,0.124,0
pay_002684,cust_01568,653.65,card,HDFC,insufficient_funds,0,1,1,0.097,1
pay_002685,cust_01246,1820.78,card,SBI,insufficient_funds,1,12,5,0.177,1
pay_002686,cust_00039,785.1,card,AXIS,temporary_bank_failure,1,18,8,0.116,0
pay_002687,cust_02545,4113.41,card,ICICI,network_error,0,18,14,0.081,1
pay_002688,cust_00780,841.51,card,HDFC,account_closed,0,3,3,0.222,0
pay_002689,cust_01257,958.83,netbanking,AXIS,bank_timeout,1,0,0,0.04,0
pay_002690,cust_02991,1247.33,card,HDFC,expired_card,1,1,0,0.022,0
pay_002691,cust_02197,10932.86,card,KOTAK,bank_timeout,2,17,14,0.19,0
pay_002692,cust_02709,4038.94,card,ICICI,network_error,2,11,11,0.213,1
pay_002693,cust_01928,6568.78,netbanking,ICICI,temporary_bank_failure,1,8,8,0.102,1
pay_002694,cust_00302,423.9,card,AXIS,account_closed,1,4,2,0.202,0
pay_002695,cust_02286,654.95,card,AXIS,bank_timeout,0,15,0,0.366,1
pay_002696,cust_00647,5275.68,card,AXIS,card_blocked,2,3,3,0.139,0
pay_002697,cust_00663,442.25,upi,ICICI,account_closed,0,19,1,0.07,0
pay_002698,cust_02284,1056.43,upi,KOTAK,expired_card,2,2,2,0.13,0
pay_002699,cust_01760,9360.68,card,ICICI,gateway_timeout,0,17,17,0.132,1
pay_002700,cust_02251,836.5,card,AXIS,account_closed,2,7,7,0.144,0
pay_002701,cust_00256,421.24,card,SBI,insufficient_funds,1,1,1,0.334,0
pay_002702,cust_00598,1878.03,upi,KOTAK,gateway_timeout,1,11,7,0.396,0
pay_002703,cust_00662,435.37,upi,ICICI,insufficient_funds,1,0,0,0.203,0
pay_002704,cust_00235,4864.89,card,SBI,network_error,0,17,15,0.071,1
pay_002705,cust_01369,883.7,upi,KOTAK,temporary_bank_failure,2,9,8,0.303,0
pay_002706,cust_02582,752.81,card,ICICI,card_blocked,0,7,7,0.205,0
pay_002707,cust_02908,1851.05,upi,AXIS,invalid_card,1,3,3,0.401,1
pay_002708,cust_00770,1308.26,upi,ICICI,insufficient_funds,2,17,16,0.469,0
pay_002709,cust_02589,2212.5,netbanking,KOTAK,gateway_timeout,2,2,2,0.16,1
pay_002710,cust_00213,2744.09,card,AXIS,invalid_card,0,2,2,0.186,1
pay_002711,cust_00463,1519.55,upi,HDFC,insufficient_funds,1,11,7,0.059,0
pay_002712,cust_02484,713.97,card,SBI,gateway_timeout,0,18,2,0.142,1
pay_002713,cust_00283,3243.49,card,AXIS,insufficient_funds,0,16,6,0.025,0
pay_002714,cust_01487,1038.23,card,AXIS,network_error,1,16,6,0.285,1
pay_002715,cust_01431,902.1,card,KOTAK,network_error,1,3,3,0.145,1
pay_002716,cust_00088,2026.63,card,KOTAK,card_blocked,0,6,6,0.149,0
pay_002717,cust_01068,386.48,wallet,SBI,card_blocked,2,6,6,0.135,0
pay_002718,cust_00461,2471.8,upi,KOTAK,gateway_timeout,1,6,6,0.219,1
pay_002719,cust_02326,2114.58,card,AXIS,insufficient_funds,1,7,7,0.201,0
pay_002720,cust_02469,4435.77,card,SBI,account_closed,1,18,15,0.172,0
pay_002721,cust_01725,1211.59,card,SBI,expired_card,1,8,8,0.125,0
pay_002722,cust_01377,5217.98,card,ICICI,bank_timeout,2,8,8,0.257,0
pay_002723,cust_02744,2762.01,card,AXIS,gateway_timeout,2,13,6,0.057,1
pay_002724,cust_00515,1769.71,upi,AXIS,network_error,0,17,2,0.027,1
pay_002725,cust_00703,7733.81,netbanking,KOTAK,card_blocked,0,8,1,0.292,0
pay_002726,cust_01654,1951.14,upi,AXIS,invalid_card,1,4,3,0.234,0
pay_002727,cust_02067,1194.29,upi,KOTAK,bank_timeout,0,7,7,0.33,1
pay_002728,cust_00023,1996.34,netbanking,AXIS,account_closed,2,3,3,0.271,0
pay_002729,cust_02461,1174.77,card,ICICI,card_blocked,1,19,11,0.355,0
pay_002730,cust_01054,2437.96,card,AXIS,temporary_bank_failure,1,13,11,0.281,0
pay_002731,cust_01831,5200.71,upi,ICICI,expired_card,1,16,8,0.205,0
pay_002732,cust_02156,1796.5,upi,AXIS,expired_card,0,15,10,0.391,0
pay_002733,cust_01305,1943.24,upi,AXIS,expired_card,1,8,8,0.028,1
pay_002734,cust_01135,3422.97,card,HDFC,expired_card,1,4,0,0.081,0
pay_002735,cust_02184,4674.1,netbanking,AXIS,insufficient_funds,2,4,2,0.088,0
pay_002736,cust_00362,1258.77,card,ICICI,card_blocked,1,5,5,0.138,0
pay_002737,cust_02177,2075.32,upi,SBI,insufficient_funds,0,5,5,0.209,1
pay_002738,cust_01900,3435.13,netbanking,ICICI,bank_timeout,1,7,6,0.145,1
pay_002739,cust_01285,2354.21,card,AXIS,bank_timeout,0,15,15,0.206,1
pay_002740,cust_00515,407.62,netbanking,KOTAK,bank_timeout,2,13,5,0.346,0
pay_002741,cust_00449,3968.65,upi,HDFC,gateway_timeout,2,0,0,0.343,0
pay_002742,cust_01924,2747.11,netbanking,KOTAK,temporary_bank_failure,1,15,9,0.079,1
pay_002743,cust_01507,2907.82,card,HDFC,account_closed,2,14,3,0.062,0
pay_002744,cust_01248,696.65,netbanking,HDFC,account_closed,1,4,4,0.297,0
pay_002745,cust_01856,2042.46,card,KOTAK,account_closed,2,8,8,0.069,0
pay_002746,cust_00874,3549.91,upi,AXIS,account_closed,2,2,2,0.148,0
pay_002747,cust_02521,893.85,card,ICICI,temporary_bank_failure,0,6,6,0.245,1
pay_002748,cust_01429,1100.55,card,KOTAK,gateway_timeout,0,6,6,0.102,1
pay_002749,cust_02350,3598.9,card,SBI,temporary_bank_failure,1,15,11,0.161,1
pay_002750,cust_02279,1060.31,card,HDFC,bank_timeout,1,2,2,0.066,1
pay_002751,cust_01755,1530.26,card,ICICI,card_blocked,0,14,14,0.115,0
pay_002752,cust_00923,790.22,card,SBI,insufficient_funds,2,6,6,0.164,1
pay_002753,cust_02985,7753.9,card,ICICI,bank_timeout,1,2,2,0.431,0
pay_002754,cust_02160,2742.15,card,AXIS,network_error,2,15,15,0.266,0
pay_002755,cust_01037,1473.92,card,SBI,insufficient_funds,0,5,2,0.39,0
pay_002756,cust_01417,1269.15,card,KOTAK,bank_timeout,2,7,7,0.125,0
pay_002757,cust_02548,676.75,netbanking,ICICI,temporary_bank_failure,2,15,10,0.086,1
pay_002758,cust_02980,1655.6,upi,KOTAK,expired_card,1,5,5,0.012,1
pay_002759,cust_02646,3078.03,card,KOTAK,card_blocked,2,15,5,0.225,0
pay_002760,cust_02282,945.91,upi,ICICI,card_blocked,0,1,1,0.025,0
pay_002761,cust_02650,1967.33,upi,ICICI,insufficient_funds,2,0,0,0.158,1
pay_002762,cust_00314,1347.62,card,HDFC,temporary_bank_failure,0,18,15,0.053,1
pay_002763,cust_02614,5453.94,card,HDFC,card_blocked,0,13,13,0.395,0
pay_002764,cust_02257,1086.42,upi,SBI,invalid_card,1,18,9,0.075,0
pay_002765,cust_01998,3366.82,wallet,SBI,insufficient_funds,0,3,3,0.406,0
pay_002766,cust_01038,5514.95,upi,SBI,account_closed,0,1,1,0.122,0
pay_002767,cust_01657,1337.15,upi,HDFC,insufficient_funds,1,1,1,0.416,0
pay_002768,cust_02635,1129.06,card,KOTAK,bank_timeout,1,11,11,0.148,0
pay_002769,cust_01779,3782.58,upi,AXIS,card_blocked,1,10,10,0.164,0
pay_002770,cust_01015,434.86,card,AXIS,insufficient_funds,0,17,16,0.118,0
pay_002771,cust_01094,2551.6,card,ICICI,expired_card,1,18,16,0.307,0
pay_002772,cust_01125,512.73,upi,HDFC,gateway_timeout,0,16,9,0.052,1
pay_002773,cust_00698,4807.48,netbanking,ICICI,bank_timeout,0,3,3,0.051,1
pay_002774,cust_02180,1477.82,card,AXIS,temporary_bank_failure,0,11,3,0.115,0
pay_002775,cust_01405,1681.39,card,ICICI,bank_timeout,1,2,2,0.334,0
pay_002776,cust_01156,1012.93,upi,HDFC,bank_timeout,0,15,15,0.349,1
pay_002777,cust_01044,509.71,upi,HDFC,network_error,0,3,3,0.095,1
pay_002778,cust_01930,4977.53,card,HDFC,insufficient_funds,1,5,5,0.119,0
pay_002779,cust_02584,1576.8,card,AXIS,card_blocked,1,0,0,0.324,0
pay_002780,cust_01014,23553.15,card,HDFC,account_closed,0,4,4,0.329,0
pay_002781,cust_00227,945.63,upi,SBI,bank_timeout,0,9,8,0.069,1
pay_002782,cust_01829,1077.76,netbanking,SBI,account_closed,0,13,4,0.287,0
pay_002783,cust_01493,882.01,card,HDFC,insufficient_funds,1,4,4,0.111,0
pay_002784,cust_00822,1570.38,netbanking,SBI,expired_card,1,9,2,0.232,0
pay_002785,cust_02024,6375.22,card,HDFC,bank_timeout,2,8,8,0.21,0
pay_002786,cust_00871,4056.64,card,AXIS,gateway_timeout,1,12,5,0.221,0
pay_002787,cust_02453,542.59,upi,SBI,account_closed,0,16,10,0.045,0
pay_002788,cust_02250,4737.65,upi,AXIS,gateway_timeout,1,18,15,0.155,1
pay_002789,cust_02086,3122.01,card,SBI,bank_timeout,1,19,10,0.153,0
pay_002790,cust_02990,2657.42,upi,KOTAK,temporary_bank_failure,2,0,0,0.132,1
pay_002791,cust_01796,1045.87,upi,KOTAK,network_error,2,8,8,0.316,0
pay_002792,cust_00188,1109.95,card,AXIS,expired_card,0,17,13,0.151,1
pay_002793,cust_01081,2017.58,card,SBI,card_blocked,2,4,4,0.167,0
pay_002794,cust_00941,1161.5,card,KOTAK,invalid_card,0,13,13,0.23,1
pay_002795,cust_02321,5167.3,upi,HDFC,account_closed,0,18,7,0.2,0
pay_002796,cust_02631,1122.41,card,ICICI,invalid_card,0,14,3,0.355,0
pay_002797,cust_02564,380.92,upi,KOTAK,bank_timeout,0,3,3,0.1,0
pay_002798,cust_00526,638.32,upi,KOTAK,bank_timeout,2,3,3,0.477,1
pay_002799,cust_00336,671.58,upi,HDFC,gateway_timeout,0,17,1,0.042,0
pay_002800,cust_02746,1464.58,upi,KOTAK,bank_timeout,0,17,11,0.266,1
pay_002801,cust_01079,2149.2,card,KOTAK,invalid_card,1,7,7,0.115,0
pay_002802,cust_02548,1887.56,netbanking,KOTAK,bank_timeout,0,1,1,0.177,1
pay_002803,cust_02948,2614.24,upi,SBI,gateway_timeout,1,15,7,0.175,1
pay_002804,cust_02814,1477.6,upi,KOTAK,gateway_timeout,2,13,5,0.02,1
pay_002805,cust_02584,1520.01,upi,ICICI,insufficient_funds,1,0,0,0.116,0
pay_002806,cust_00162,7342.89,upi,SBI,insufficient_funds,2,16,16,0.039,0
pay_002807,cust_00594,4742.34,card,SBI,card_blocked,2,9,9,0.06,0
pay_002808,cust_01939,2506.49,card,AXIS,temporary_bank_failure,1,15,2,0.118,1
pay_002809,cust_02207,3764.37,card,KOTAK,expired_card,2,2,2,0.341,1
pay_002810,cust_00060,387.23,wallet,ICICI,bank_timeout,2,18,18,0.04,0
pay_002811,cust_02963,936.33,upi,ICICI,bank_timeout,2,10,10,0.215,1
pay_002812,cust_01902,1279.52,card,AXIS,bank_timeout,1,14,14,0.185,1
pay_002813,cust_02259,945.19,upi,ICICI,gateway_timeout,2,17,16,0.157,1
pay_002814,cust_00406,525.01,card,SBI,insufficient_funds,0,19,2,0.211,0
pay_002815,cust_00664,2531.17,card,HDFC,bank_timeout,1,18,17,0.43,0
pay_002816,cust_01133,5478.56,card,SBI,gateway_timeout,0,6,6,0.251,0
pay_002817,cust_01100,1789.61,upi,HDFC,bank_timeout,1,5,5,0.157,1
pay_002818,cust_00542,3036.76,wallet,ICICI,expired_card,0,8,8,0.042,1
pay_002819,cust_01338,1747.55,wallet,KOTAK,expired_card,2,12,1,0.116,0
pay_002820,cust_00998,1269.89,card,HDFC,invalid_card,0,7,0,0.222,0
pay_002821,cust_01141,3771.99,upi,SBI,insufficient_funds,0,17,9,0.082,1
pay_002822,cust_02975,576.77,netbanking,SBI,insufficient_funds,0,2,2,0.349,0
pay_002823,cust_00868,407.19,card,SBI,temporary_bank_failure,1,0,0,0.176,0
pay_002824,cust_02067,570.3,upi,SBI,bank_timeout,2,17,12,0.129,0
pay_002825,cust_00432,3579.11,netbanking,AXIS,invalid_card,2,3,3,0.175,0
pay_002826,cust_00740,1938.69,upi,ICICI,insufficient_funds,0,17,0,0.205,1
pay_002827,cust_01374,2443.61,card,KOTAK,card_blocked,0,15,3,0.179,0
pay_002828,cust_00183,6915.62,netbanking,AXIS,card_blocked,1,17,17,0.169,0
pay_002829,cust_02161,712.89,netbanking,ICICI,account_closed,0,2,2,0.08,0
pay_002830,cust_01207,4737.84,upi,HDFC,card_blocked,0,13,13,0.209,0
pay_002831,cust_02529,1316.77,card,AXIS,expired_card,0,9,9,0.072,1
pay_002832,cust_01170,1165.97,upi,AXIS,bank_timeout,1,4,4,0.056,1
pay_002833,cust_00831,1929.42,card,AXIS,bank_timeout,0,7,1,0.096,0
pay_002834,cust_01652,2186.79,card,AXIS,invalid_card,0,17,13,0.48,0
pay_002835,cust_01137,1527.77,upi,HDFC,network_error,0,4,4,0.01,1
pay_002836,cust_02811,2946.14,wallet,SBI,bank_timeout,1,11,11,0.074,1
pay_002837,cust_00476,1935.64,netbanking,AXIS,insufficient_funds,1,3,2,0.207,1
pay_002838,cust_02811,1541.54,upi,ICICI,temporary_bank_failure,2,11,11,0.239,0
pay_002839,cust_01327,1295.92,upi,SBI,insufficient_funds,1,12,6,0.272,0
pay_002840,cust_00971,2187.86,card,HDFC,insufficient_funds,2,13,13,0.206,1
pay_002841,cust_01020,610.74,netbanking,KOTAK,expired_card,2,13,13,0.172,0
pay_002842,cust_01142,765.42,upi,HDFC,insufficient_funds,0,18,11,0.251,0
pay_002843,cust_01837,1347.55,netbanking,KOTAK,gateway_timeout,2,9,3,0.24,0
pay_002844,cust_00161,2795.87,upi,ICICI,bank_timeout,0,8,0,0.276,1
pay_002845,cust_02449,10039.47,upi,KOTAK,account_closed,1,17,4,0.062,0
pay_002846,cust_00198,1591.67,netbanking,AXIS,temporary_bank_failure,1,16,8,0.115,1
pay_002847,cust_01284,437.3,card,SBI,insufficient_funds,2,4,4,0.188,0
pay_002848,cust_00660,960.83,card,SBI,insufficient_funds,0,1,1,0.156,0
pay_002849,cust_01776,3062.89,card,AXIS,temporary_bank_failure,2,9,9,0.176,1
pay_002850,cust_01071,831.95,netbanking,SBI,temporary_bank_failure,2,0,0,0.211,0
pay_002851,cust_02011,636.13,upi,HDFC,network_error,1,7,6,0.124,0
pay_002852,cust_00399,3050.12,upi,AXIS,network_error,2,7,1,0.18,0
pay_002853,cust_01734,2622.55,card,AXIS,bank_timeout,0,5,5,0.23,0
pay_002854,cust_01583,556.67,upi,SBI,card_blocked,1,4,4,0.14,0
pay_002855,cust_02126,883.6,upi,KOTAK,insufficient_funds,1,17,17,0.142,0
pay_002856,cust_02172,4893.86,card,ICICI,bank_timeout,2,6,6,0.21,0
pay_002857,cust_00075,3576.98,wallet,KOTAK,insufficient_funds,2,3,3,0.202,0
pay_002858,cust_02185,693.74,card,HDFC,network_error,2,0,0,0.179,1
pay_002859,cust_00602,368.3,card,AXIS,temporary_bank_failure,0,1,1,0.363,1
pay_002860,cust_00837,2241.31,card,AXIS,invalid_card,2,18,8,0.185,0
pay_002861,cust_01529,1426.74,card,HDFC,account_closed,0,2,2,0.107,0
pay_002862,cust_00500,2090.99,upi,ICICI,expired_card,2,0,0,0.176,0
pay_002863,cust_01597,3004.09,card,AXIS,card_blocked,2,12,12,0.217,0
pay_002864,cust_00138,841.33,netbanking,KOTAK,account_closed,1,7,2,0.042,0
pay_002865,cust_02098,1279.58,card,HDFC,insufficient_funds,1,11,11,0.102,0
pay_002866,cust_01795,880.73,upi,AXIS,account_closed,0,7,4,0.063,0
pay_002867,cust_00973,906.34,upi,KOTAK,insufficient_funds,2,6,6,0.107,1
pay_002868,cust_01643,2840.7,upi,HDFC,bank_timeout,0,7,7,0.149,0
pay_002869,cust_01886,2028.91,card,HDFC,account_closed,1,14,8,0.2,0
pay_002870,cust_02302,517.83,wallet,HDFC,bank_timeout,1,6,6,0.032,0
pay_002871,cust_02029,3229.5,upi,ICICI,temporary_bank_failure,1,11,11,0.225,0
pay_002872,cust_02758,1366.41,card,HDFC,gateway_timeout,1,17,1,0.103,0
pay_002873,cust_01901,3350.73,card,SBI,invalid_card,0,3,3,0.133,1
pay_002874,cust_02611,802.88,card,SBI,bank_timeout,2,5,5,0.282,1
pay_002875,cust_02805,862.17,netbanking,HDFC,gateway_timeout,0,10,10,0.226,1
pay_002876,cust_01450,2211.38,card,AXIS,gateway_timeout,2,9,2,0.066,0
pay_002877,cust_00547,752.07,card,SBI,insufficient_funds,1,18,18,0.365,1
pay_002878,cust_00922,1451.13,card,KOTAK,temporary_bank_failure,0,17,2,0.274,0
pay_002879,cust_00581,686.73,card,KOTAK,insufficient_funds,2,11,11,0.115,1
pay_002880,cust_01373,1322.0,upi,AXIS,card_blocked,2,16,11,0.221,0
pay_002881,cust_01957,1762.55,upi,KOTAK,bank_timeout,1,19,0,0.216,1
pay_002882,cust_02004,1830.25,card,AXIS,account_closed,2,1,1,0.327,0
pay_002883,cust_02097,1350.46,card,KOTAK,temporary_bank_failure,2,18,1,0.213,0
pay_002884,cust_02965,2360.62,card,HDFC,insufficient_funds,0,11,11,0.101,1
pay_002885,cust_00704,2034.98,upi,KOTAK,invalid_card,1,10,0,0.26,0
pay_002886,cust_02309,1683.29,netbanking,HDFC,card_blocked,1,14,14,0.244,0
pay_002887,cust_02404,1095.89,card,KOTAK,bank_timeout,2,10,10,0.121,0
pay_002888,cust_01626,4249.66,card,KOTAK,expired_card,2,10,10,0.297,0
pay_002889,cust_00638,2462.74,card,KOTAK,bank_timeout,1,9,3,0.116,1
pay_002890,cust_02791,789.27,netbanking,HDFC,insufficient_funds,1,18,1,0.326,0
pay_002891,cust_01010,3038.46,upi,KOTAK,invalid_card,1,2,2,0.172,0
pay_002892,cust_02979,3642.39,card,KOTAK,network_error,2,3,3,0.135,0
pay_002893,cust_00641,1693.83,card,ICICI,invalid_card,2,2,2,0.44,0
pay_002894,cust_02840,1786.35,card,HDFC,temporary_bank_failure,1,14,14,0.164,1
pay_002895,cust_02660,348.24,upi,SBI,insufficient_funds,1,5,5,0.066,0
pay_002896,cust_01862,920.8,card,AXIS,expired_card,2,8,8,0.293,0
pay_002897,cust_02857,3550.9,card,ICICI,expired_card,2,7,2,0.304,0
pay_002898,cust_01206,966.71,upi,KOTAK,bank_timeout,2,1,1,0.242,1
pay_002899,cust_00686,1591.01,card,SBI,network_error,0,18,17,0.206,1
pay_002900,cust_01852,909.69,upi,SBI,account_closed,1,14,5,0.262,0
pay_002901,cust_00188,2174.71,card,KOTAK,card_blocked,0,7,7,0.195,0
pay_002902,cust_01620,2477.47,upi,KOTAK,insufficient_funds,0,18,17,0.17,0
pay_002903,cust_01688,2531.03,card,ICICI,insufficient_funds,2,4,4,0.051,0
pay_002904,cust_00985,726.7,netbanking,HDFC,invalid_card,1,11,11,0.094,0
pay_002905,cust_00548,1969.16,card,ICICI,gateway_timeout,2,11,11,0.14,0
pay_002906,cust_02773,6382.12,card,HDFC,temporary_bank_failure,2,8,8,0.054,1
pay_002907,cust_02974,3290.49,netbanking,SBI,invalid_card,2,17,15,0.05,0
pay_002908,cust_01432,1948.21,netbanking,AXIS,bank_timeout,2,9,9,0.268,0
pay_002909,cust_00876,385.76,card,KOTAK,account_closed,1,4,0,0.145,0
pay_002910,cust_00618,1481.06,netbanking,ICICI,gateway_timeout,1,14,13,0.171,1
pay_002911,cust_02462,6748.61,card,SBI,insufficient_funds,2,19,2,0.227,0
pay_002912,cust_01366,5192.06,upi,ICICI,expired_card,0,18,9,0.175,0
pay_002913,cust_01244,2615.3,card,HDFC,temporary_bank_failure,2,9,9,0.135,0
pay_002914,cust_00903,1016.92,card,KOTAK,insufficient_funds,0,16,0,0.115,0
pay_002915,cust_00163,1885.26,upi,HDFC,expired_card,0,5,5,0.07,0
pay_002916,cust_01975,3356.94,upi,HDFC,bank_timeout,2,8,8,0.107,1
pay_002917,cust_00270,3836.94,upi,HDFC,insufficient_funds,1,16,16,0.29,0
pay_002918,cust_00632,2321.8,upi,SBI,temporary_bank_failure,2,17,0,0.134,0
pay_002919,cust_00906,3583.27,wallet,KOTAK,insufficient_funds,1,13,4,0.176,1
pay_002920,cust_02015,1725.11,card,AXIS,bank_timeout,0,5,5,0.039,0
pay_002921,cust_01642,1665.16,card,ICICI,invalid_card,1,10,0,0.255,0
pay_002922,cust_00205,1252.46,upi,HDFC,network_error,1,18,16,0.206,1
pay_002923,cust_00582,2539.26,card,KOTAK,expired_card,1,15,11,0.242,1
pay_002924,cust_01580,4024.97,upi,ICICI,invalid_card,2,1,1,0.132,0
pay_002925,cust_00841,3186.74,upi,KOTAK,invalid_card,0,6,3,0.178,0
pay_002926,cust_01837,682.37,card,ICICI,account_closed,0,5,5,0.051,0
pay_002927,cust_01252,712.24,netbanking,KOTAK,temporary_bank_failure,1,14,7,0.208,1
pay_002928,cust_01720,4371.72,card,AXIS,card_blocked,0,12,11,0.112,0
pay_002929,cust_01643,2082.36,card,KOTAK,bank_timeout,1,6,6,0.122,1
pay_002930,cust_02644,2148.49,card,KOTAK,insufficient_funds,1,19,2,0.049,0
pay_002931,cust_02298,2110.1,card,HDFC,temporary_bank_failure,1,2,2,0.513,0
pay_002932,cust_00875,7341.6,card,HDFC,invalid_card,1,14,3,0.302,0
pay_002933,cust_01465,1265.18,upi,HDFC,invalid_card,2,19,4,0.081,0
pay_002934,cust_02244,4417.4,upi,KOTAK,account_closed,1,2,2,0.111,0
pay_002935,cust_00690,2179.58,netbanking,AXIS,temporary_bank_failure,0,14,7,0.382,1
pay_002936,cust_02011,502.5,card,ICICI,temporary_bank_failure,2,2,2,0.374,0
pay_002937,cust_02687,934.6,card,HDFC,expired_card,0,14,9,0.105,0
pay_002938,cust_01423,1112.51,wallet,SBI,card_blocked,2,0,0,0.18,0
pay_002939,cust_02002,4335.04,card,KOTAK,network_error,1,19,9,0.381,0
pay_002940,cust_00672,4826.31,wallet,AXIS,card_blocked,2,10,10,0.18,0
pay_002941,cust_01172,2399.66,netbanking,AXIS,insufficient_funds,0,3,3,0.154,0
pay_002942,cust_01496,1190.09,netbanking,HDFC,invalid_card,2,18,3,0.152,0
pay_002943,cust_00944,872.37,card,HDFC,gateway_timeout,2,9,9,0.327,1
pay_002944,cust_02247,4492.05,card,SBI,invalid_card,1,3,3,0.291,0
pay_002945,cust_01450,647.01,upi,SBI,card_blocked,1,15,0,0.25,0
pay_002946,cust_02540,1663.85,upi,HDFC,network_error,2,0,0,0.202,0
pay_002947,cust_00896,11986.99,card,ICICI,gateway_timeout,1,12,2,0.193,0
pay_002948,cust_02190,1192.93,upi,HDFC,account_closed,1,18,4,0.096,0
pay_002949,cust_01337,653.7,card,HDFC,network_error,2,13,13,0.067,1
pay_002950,cust_00165,440.38,upi,AXIS,gateway_timeout,0,12,11,0.111,1
pay_002951,cust_02362,12372.15,netbanking,HDFC,network_error,1,3,0,0.203,0
pay_002952,cust_02069,2389.65,card,HDFC,expired_card,2,9,8,0.369,0
pay_002953,cust_01106,902.11,card,HDFC,network_error,2,7,7,0.099,1
pay_002954,cust_01754,1554.16,card,ICICI,gateway_timeout,2,8,8,0.395,0
pay_002955,cust_02353,1063.83,card,AXIS,insufficient_funds,0,13,13,0.261,0
pay_002956,cust_01939,407.14,card,KOTAK,temporary_bank_failure,0,7,7,0.026,1
pay_002957,cust_00371,3396.48,card,KOTAK,expired_card,0,0,0,0.053,1
pay_002958,cust_01881,1857.62,card,KOTAK,bank_timeout,1,10,3,0.109,0
pay_002959,cust_00853,3177.94,netbanking,KOTAK,account_closed,2,15,8,0.205,0
pay_002960,cust_00384,1817.54,netbanking,AXIS,insufficient_funds,2,0,0,0.128,1
pay_002961,cust_01932,2008.2,card,HDFC,insufficient_funds,0,18,18,0.088,1
pay_002962,cust_02493,302.52,card,KOTAK,insufficient_funds,1,19,3,0.509,0
pay_002963,cust_00425,3737.9,card,HDFC,bank_timeout,1,17,11,0.204,0
pay_002964,cust_02209,756.99,upi,KOTAK,invalid_card,2,6,6,0.338,0
pay_002965,cust_00629,929.21,upi,ICICI,card_blocked,0,8,8,0.1,0
pay_002966,cust_00895,1185.24,wallet,HDFC,insufficient_funds,2,5,5,0.075,1
pay_002967,cust_02538,348.3,card,AXIS,gateway_timeout,0,19,10,0.262,1
pay_002968,cust_02375,1134.51,upi,ICICI,invalid_card,0,5,4,0.394,0
pay_002969,cust_00598,1073.04,upi,ICICI,expired_card,2,0,0,0.189,0
pay_002970,cust_02337,1336.4,netbanking,AXIS,expired_card,0,5,5,0.155,0
pay_002971,cust_00593,463.62,upi,ICICI,card_blocked,0,15,4,0.042,0
pay_002972,cust_01688,3797.76,card,HDFC,insufficient_funds,0,3,3,0.137,0
pay_002973,cust_00573,2486.04,upi,SBI,network_error,0,2,2,0.03,0
pay_002974,cust_02076,905.75,netbanking,SBI,bank_timeout,1,8,8,0.144,1
pay_002975,cust_02091,1135.43,card,KOTAK,insufficient_funds,0,7,7,0.102,0
pay_002976,cust_01705,3535.18,card,KOTAK,expired_card,0,6,6,0.147,1
pay_002977,cust_02471,1471.47,card,HDFC,network_error,0,11,11,0.215,0
pay_002978,cust_00177,670.2,card,AXIS,bank_timeout,2,0,0,0.189,0
pay_002979,cust_00529,1691.09,card,HDFC,account_closed,1,11,11,0.327,0
pay_002980,cust_01634,757.27,wallet,KOTAK,temporary_bank_failure,0,15,8,0.055,0
pay_002981,cust_00966,1026.29,upi,ICICI,insufficient_funds,0,13,2,0.312,0
pay_002982,cust_01518,1736.28,upi,HDFC,bank_timeout,2,10,10,0.103,1
pay_002983,cust_00198,4205.59,upi,HDFC,gateway_timeout,1,19,6,0.23,0
pay_002984,cust_02658,9123.97,netbanking,AXIS,gateway_timeout,1,18,6,0.201,1
pay_002985,cust_02890,5378.11,netbanking,KOTAK,account_closed,1,18,18,0.012,0
pay_002986,cust_00853,1707.04,upi,HDFC,account_closed,0,12,0,0.287,0
pay_002987,cust_01538,11002.52,upi,ICICI,network_error,1,11,7,0.059,1
pay_002988,cust_02070,2825.99,card,ICICI,insufficient_funds,2,9,0,0.005,0
pay_002989,cust_01081,825.71,card,SBI,invalid_card,2,14,11,0.145,0
pay_002990,cust_02890,1950.11,card,KOTAK,temporary_bank_failure,0,12,12,0.149,1
pay_002991,cust_00098,1068.99,card,ICICI,gateway_timeout,0,12,9,0.176,0
pay_002992,cust_01904,666.26,upi,AXIS,card_blocked,0,14,14,0.285,0
pay_002993,cust_00435,706.71,upi,KOTAK,invalid_card,0,16,8,0.376,0
pay_002994,cust_00637,1607.14,card,ICICI,gateway_timeout,2,10,9,0.167,1
pay_002995,cust_00588,3305.57,wallet,HDFC,insufficient_funds,0,9,9,0.114,0
pay_002996,cust_00344,4249.53,card,KOTAK,insufficient_funds,0,3,3,0.101,1
pay_002997,cust_01318,667.96,upi,ICICI,insufficient_funds,0,16,16,0.061,1
pay_002998,cust_01980,1418.55,upi,HDFC,gateway_timeout,0,13,6,0.299,1
pay_002999,cust_00571,2668.5,upi,SBI,temporary_bank_failure,2,1,1,0.075,1
pay_003000,cust_00611,2041.6,card,KOTAK,network_error,1,6,6,0.242,0
pay_003001,cust_01728,3151.51,upi,KOTAK,card_blocked,0,15,11,0.205,0
pay_003002,cust_02291,1276.97,card,ICICI,bank_timeout,2,16,4,0.159,1
pay_003003,cust_01855,5005.7,upi,SBI,insufficient_funds,1,3,0,0.332,0
pay_003004,cust_02609,1801.92,card,AXIS,card_blocked,2,2,2,0.04,0
pay_003005,cust_00960,3314.89,upi,ICICI,gateway_timeout,1,4,4,0.196,1
pay_003006,cust_02080,1333.26,card,ICICI,network_error,2,5,5,0.036,0
pay_003007,cust_02439,1894.5,upi,AXIS,card_blocked,0,5,1,0.185,0
pay_003008,cust_02325,504.3,card,AXIS,invalid_card,1,5,5,0.143,0
pay_003009,cust_00532,925.74,netbanking,AXIS,expired_card,2,18,4,0.239,0
pay_003010,cust_01178,1531.54,netbanking,AXIS,insufficient_funds,0,10,4,0.128,0
pay_003011,cust_02431,1958.73,card,AXIS,temporary_bank_failure,0,18,13,0.299,1
pay_003012,cust_01092,15443.77,card,HDFC,expired_card,1,13,13,0.179,0
pay_003013,cust_01902,1332.06,upi,HDFC,expired_card,2,14,14,0.2,1
pay_003014,cust_00884,601.06,card,AXIS,bank_timeout,0,4,4,0.336,1
pay_003015,cust_02262,7058.5,card,SBI,bank_timeout,2,11,2,0.06,1
pay_003016,cust_01679,4285.83,card,SBI,temporary_bank_failure,0,12,12,0.241,1
pay_003017,cust_02424,716.8,upi,AXIS,temporary_bank_failure,0,17,10,0.453,0
pay_003018,cust_02792,2623.36,card,HDFC,account_closed,0,2,2,0.222,0
pay_003019,cust_02261,3526.87,card,SBI,expired_card,1,11,11,0.101,0
pay_003020,cust_02127,2061.23,upi,HDFC,gateway_timeout,2,4,4,0.153,0
pay_003021,cust_01750,2346.45,card,ICICI,invalid_card,1,12,8,0.261,1
pay_003022,cust_02676,1090.29,card,HDFC,temporary_bank_failure,1,12,3,0.348,1
pay_003023,cust_02652,2705.47,netbanking,AXIS,card_blocked,1,5,5,0.1,0
pay_003024,cust_00782,1220.38,upi,KOTAK,invalid_card,1,15,6,0.379,1
pay_003025,cust_02728,217.82,card,AXIS,invalid_card,1,2,2,0.032,0
pay_003026,cust_02106,2115.43,card,ICICI,network_error,0,6,6,0.464,0
pay_003027,cust_00881,473.07,upi,HDFC,bank_timeout,0,9,9,0.038,0
pay_003028,cust_00447,4067.55,card,SBI,gateway_timeout,0,3,3,0.098,0
pay_003029,cust_02114,731.68,wallet,AXIS,temporary_bank_failure,1,11,6,0.275,1
pay_003030,cust_01784,254.07,upi,SBI,invalid_card,0,5,5,0.077,0
pay_003031,cust_01278,439.03,wallet,HDFC,network_error,0,17,10,0.287,1
pay_003032,cust_01992,1749.03,netbanking,ICICI,insufficient_funds,0,6,6,0.203,1
pay_003033,cust_01068,2098.98,upi,AXIS,insufficient_funds,1,1,1,0.295,0
pay_003034,cust_01578,583.99,upi,SBI,gateway_timeout,2,7,7,0.289,1
pay_003035,cust_01012,766.7,netbanking,AXIS,network_error,2,17,2,0.155,0
pay_003036,cust_02275,1796.41,upi,AXIS,account_closed,0,12,12,0.19,0
pay_003037,cust_00774,3935.46,card,SBI,bank_timeout,1,2,2,0.515,1
pay_003038,cust_02727,686.73,upi,ICICI,temporary_bank_failure,2,12,8,0.376,0
pay_003039,cust_01815,2448.77,card,AXIS,invalid_card,0,6,6,0.192,0
pay_003040,cust_02649,449.91,upi,ICICI,insufficient_funds,1,0,0,0.202,0
pay_003041,cust_02427,2327.87,upi,ICICI,invalid_card,2,17,11,0.157,0
pay_003042,cust_01202,3309.77,wallet,HDFC,invalid_card,2,15,6,0.088,0
pay_003043,cust_01451,2750.03,upi,SBI,account_closed,1,10,10,0.2,0
pay_003044,cust_02757,4005.88,netbanking,HDFC,temporary_bank_failure,2,16,13,0.413,0
pay_003045,cust_00307,3797.86,card,KOTAK,insufficient_funds,0,4,4,0.053,0
pay_003046,cust_00779,7923.16,card,HDFC,expired_card,0,5,0,0.2,0
pay_003047,cust_02552,1972.18,netbanking,AXIS,invalid_card,1,13,5,0.134,0
pay_003048,cust_02316,7941.94,upi,AXIS,insufficient_funds,1,13,13,0.049,0
pay_003049,cust_00008,849.56,upi,AXIS,insufficient_funds,0,18,8,0.04,0
pay_003050,cust_02556,1534.14,card,KOTAK,expired_card,1,4,0,0.023,1
pay_003051,cust_00476,1649.12,upi,ICICI,gateway_timeout,2,17,11,0.047,1
pay_003052,cust_01321,785.07,netbanking,AXIS,account_closed,2,10,10,0.226,0
pay_003053,cust_02212,273.55,card,HDFC,network_error,2,11,11,0.362,0
pay_003054,cust_00485,3624.38,upi,ICICI,account_closed,2,18,3,0.061,0
pay_003055,cust_02615,859.24,card,HDFC,expired_card,1,16,7,0.393,0
pay_003056,cust_00905,1312.04,card,HDFC,insufficient_funds,2,16,16,0.33,0
pay_003057,cust_00559,6423.18,upi,AXIS,insufficient_funds,1,1,1,0.11,0
pay_003058,cust_01968,2857.4,card,HDFC,network_error,0,5,4,0.261,0
pay_003059,cust_02286,7274.78,card,KOTAK,account_closed,2,18,10,0.222,0
pay_003060,cust_01128,1991.06,upi,ICICI,bank_timeout,1,5,5,0.351,1
pay_003061,cust_01234,2819.72,upi,AXIS,network_error,0,0,0,0.149,0
pay_003062,cust_02602,1491.39,card,AXIS,bank_timeout,2,13,13,0.155,0
pay_003063,cust_02876,916.94,netbanking,HDFC,bank_timeout,2,1,1,0.115,0
pay_003064,cust_00468,2811.39,card,HDFC,gateway_timeout,2,11,11,0.583,0
pay_003065,cust_02434,1275.74,wallet,SBI,network_error,1,16,5,0.116,0
pay_003066,cust_02823,3027.88,upi,SBI,insufficient_funds,1,3,3,0.112,0
pay_003067,cust_00848,1145.53,card,AXIS,insufficient_funds,0,3,3,0.227,1
pay_003068,cust_02435,1571.35,card,AXIS,account_closed,2,6,6,0.41,0
pay_003069,cust_02925,1675.34,card,HDFC,temporary_bank_failure,0,12,12,0.076,1
pay_003070,cust_00259,4279.42,card,KOTAK,temporary_bank_failure,1,16,16,0.241,0
pay_003071,cust_00283,1287.58,upi,KOTAK,network_error,2,13,9,0.107,0
pay_003072,cust_01650,4673.17,card,HDFC,invalid_card,0,16,15,0.323,1
pay_003073,cust_01899,876.66,card,SBI,gateway_timeout,2,15,4,0.194,0
pay_003074,cust_00040,2243.71,upi,SBI,insufficient_funds,1,15,9,0.08,1
pay_003075,cust_02534,1043.07,card,KOTAK,gateway_timeout,0,5,2,0.142,0
pay_003076,cust_02977,4414.27,upi,AXIS,network_error,2,1,1,0.089,1
pay_003077,cust_02268,939.24,card,HDFC,bank_timeout,2,16,3,0.155,0
pay_003078,cust_01015,1019.04,upi,AXIS,account_closed,2,1,1,0.499,0
pay_003079,cust_00613,661.8,upi,SBI,network_error,0,17,9,0.218,1
pay_003080,cust_02976,1963.4,upi,KOTAK,card_blocked,1,19,10,0.252,0
pay_003081,cust_01916,2901.08,card,AXIS,card_blocked,1,11,7,0.101,0
pay_003082,cust_00688,2661.12,card,SBI,insufficient_funds,0,3,3,0.189,0
pay_003083,cust_00613,1611.0,card,SBI,card_blocked,2,8,8,0.156,0
pay_003084,cust_02308,1065.89,card,SBI,bank_timeout,0,10,2,0.19,1
pay_003085,cust_02414,1446.72,card,AXIS,bank_timeout,0,16,10,0.052,1
pay_003086,cust_01782,1491.56,upi,ICICI,network_error,1,12,6,0.093,0
pay_003087,cust_01811,2212.96,upi,KOTAK,network_error,0,18,14,0.414,1
pay_003088,cust_02592,2094.53,netbanking,SBI,network_error,2,7,7,0.19,1
pay_003089,cust_02697,7271.92,card,AXIS,insufficient_funds,1,4,4,0.567,0
pay_003090,cust_01548,1866.29,upi,HDFC,bank_timeout,1,9,9,0.086,1
pay_003091,cust_01931,2413.04,wallet,KOTAK,insufficient_funds,2,14,14,0.15,0
pay_003092,cust_02862,1914.41,upi,HDFC,temporary_bank_failure,0,18,18,0.325,0
pay_003093,cust_01153,1392.16,upi,HDFC,bank_timeout,1,8,8,0.361,1
pay_003094,cust_00575,2400.09,wallet,AXIS,invalid_card,0,15,15,0.137,0
pay_003095,cust_01911,1291.39,wallet,ICICI,expired_card,2,15,13,0.038,1
pay_003096,cust_01013,1725.77,card,AXIS,invalid_card,1,7,1,0.114,0
pay_003097,cust_00670,4570.67,upi,AXIS,card_blocked,2,2,2,0.219,0
pay_003098,cust_00269,1226.25,upi,KOTAK,insufficient_funds,1,2,2,0.051,1
pay_003099,cust_01284,2464.82,upi,AXIS,invalid_card,2,9,9,0.21,0
pay_003100,cust_00924,248.37,netbanking,KOTAK,network_error,0,11,6,0.209,1
pay_003101,cust_01126,1558.88,card,SBI,gateway_timeout,2,14,14,0.077,0
pay_003102,cust_01530,1219.63,netbanking,KOTAK,insufficient_funds,2,14,9,0.2,0
pay_003103,cust_01759,1990.63,upi,AXIS,insufficient_funds,2,18,18,0.067,1
pay_003104,cust_01595,1496.69,card,SBI,expired_card,2,13,13,0.052,1
pay_003105,cust_00247,2024.78,upi,SBI,invalid_card,2,10,10,0.137,1
pay_003106,cust_01561,1335.51,card,ICICI,expired_card,0,5,5,0.124,0
pay_003107,cust_02179,2462.83,card,AXIS,bank_timeout,0,11,11,0.2,0
pay_003108,cust_02401,458.65,wallet,HDFC,temporary_bank_failure,1,17,16,0.168,0
pay_003109,cust_02244,1976.59,card,AXIS,insufficient_funds,2,1,1,0.099,1
pay_003110,cust_01940,854.35,upi,HDFC,insufficient_funds,0,15,9,0.246,0
pay_003111,cust_00930,4602.22,netbanking,ICICI,bank_timeout,2,3,3,0.126,0
pay_003112,cust_02693,843.39,wallet,AXIS,card_blocked,2,3,3,0.153,0
pay_003113,cust_00227,4008.52,netbanking,ICICI,card_blocked,1,16,4,0.193,0
pay_003114,cust_02749,1791.44,upi,HDFC,invalid_card,2,19,12,0.131,0
pay_003115,cust_00265,418.63,upi,KOTAK,bank_timeout,0,9,1,0.331,1
pay_003116,cust_01396,896.94,card,AXIS,gateway_timeout,1,17,0,0.314,1
pay_003117,cust_01458,3562.58,upi,SBI,gateway_timeout,1,18,7,0.207,1
pay_003118,cust_00646,3404.34,netbanking,SBI,insufficient_funds,1,10,9,0.042,1
pay_003119,cust_02259,639.39,upi,ICICI,bank_timeout,2,13,4,0.103,0
pay_003120,cust_01419,6312.48,card,KOTAK,gateway_timeout,1,3,3,0.109,0
pay_003121,cust_01474,1772.86,card,SBI,invalid_card,0,15,1,0.188,1
pay_003122,cust_02991,3669.74,netbanking,SBI,card_blocked,0,2,2,0.105,0
pay_003123,cust_01388,685.76,netbanking,AXIS,insufficient_funds,1,10,10,0.201,1
pay_003124,cust_01900,1255.44,upi,SBI,card_blocked,1,4,4,0.28,0
pay_003125,cust_02505,2521.79,upi,HDFC,card_blocked,1,1,1,0.373,0
pay_003126,cust_02773,1407.36,card,ICICI,gateway_timeout,2,11,11,0.098,1
pay_003127,cust_01250,174.75,upi,SBI,expired_card,1,12,0,0.106,0
pay_003128,cust_00982,1552.12,upi,AXIS,network_error,1,1,1,0.274,0
pay_003129,cust_01155,375.49,upi,HDFC,insufficient_funds,2,4,4,0.502,0
pay_003130,cust_00588,767.74,card,SBI,bank_timeout,1,18,17,0.481,0
pay_003131,cust_00476,588.58,card,ICICI,bank_timeout,1,4,4,0.147,0
pay_003132,cust_01822,4474.03,card,ICICI,account_closed,0,2,2,0.103,0
pay_003133,cust_00986,5750.74,netbanking,ICICI,account_closed,0,18,17,0.071,0
pay_003134,cust_02204,2376.18,netbanking,SBI,temporary_bank_failure,0,18,10,0.111,0
pay_003135,cust_01242,1504.09,netbanking,HDFC,insufficient_funds,2,10,10,0.256,0
pay_003136,cust_00190,1849.5,netbanking,KOTAK,insufficient_funds,0,11,10,0.21,0
pay_003137,cust_01441,4471.52,upi,ICICI,insufficient_funds,0,18,9,0.111,1
pay_003138,cust_00981,369.91,card,HDFC,bank_timeout,1,19,9,0.302,0
pay_003139,cust_01699,765.03,upi,AXIS,invalid_card,2,9,3,0.092,0
pay_003140,cust_01716,4036.91,card,AXIS,temporary_bank_failure,1,16,8,0.143,1
pay_003141,cust_02594,4768.64,card,HDFC,bank_timeout,1,11,9,0.045,1
pay_003142,cust_00041,2898.0,card,AXIS,expired_card,2,2,2,0.272,0
pay_003143,cust_02355,783.7,card,AXIS,account_closed,2,7,0,0.158,0
pay_003144,cust_00943,3990.37,upi,ICICI,card_blocked,1,7,7,0.138,0
pay_003145,cust_00338,5373.02,card,SBI,expired_card,1,12,12,0.064,0
pay_003146,cust_01338,3211.84,card,SBI,network_error,1,12,11,0.063,0
pay_003147,cust_01099,245.87,upi,SBI,insufficient_funds,2,9,4,0.127,0
pay_003148,cust_02327,1997.55,upi,SBI,card_blocked,1,14,4,0.043,0
pay_003149,cust_00896,2887.63,upi,HDFC,temporary_bank_failure,1,15,6,0.152,0
pay_003150,cust_02321,1196.92,card,ICICI,card_blocked,0,12,11,0.069,0
pay_003151,cust_02885,2099.26,card,HDFC,bank_timeout,0,10,10,0.179,1
pay_003152,cust_02668,1198.99,upi,AXIS,expired_card,0,11,0,0.129,1
pay_003153,cust_01675,907.53,upi,ICICI,bank_timeout,0,13,5,0.276,1
pay_003154,cust_02910,6053.99,card,KOTAK,invalid_card,0,19,17,0.193,1
pay_003155,cust_00931,2147.49,wallet,SBI,bank_timeout,1,2,2,0.031,1
pay_003156,cust_00289,746.37,card,AXIS,temporary_bank_failure,1,14,14,0.074,1
pay_003157,cust_00724,601.08,card,SBI,invalid_card,2,10,10,0.405,0
pay_003158,cust_02941,907.97,upi,SBI,insufficient_funds,2,2,2,0.186,1
pay_003159,cust_02320,911.91,card,SBI,account_closed,2,17,2,0.16,0
pay_003160,cust_01954,2032.91,wallet,KOTAK,gateway_timeout,1,7,7,0.07,0
pay_003161,cust_01090,2666.3,card,AXIS,card_blocked,0,7,3,0.12,0
pay_003162,cust_00483,2664.01,card,SBI,bank_timeout,1,12,12,0.101,0
pay_003163,cust_00936,992.19,card,SBI,expired_card,1,5,0,0.044,0
pay_003164,cust_02296,3776.32,upi,ICICI,card_blocked,2,9,9,0.072,0
pay_003165,cust_00156,4828.42,card,SBI,insufficient_funds,2,14,5,0.17,0
pay_003166,cust_01071,1468.55,card,ICICI,card_blocked,2,4,4,0.318,0
pay_003167,cust_01959,791.83,card,AXIS,expired_card,2,0,0,0.151,0
pay_003168,cust_02502,1959.07,upi,AXIS,gateway_timeout,1,7,7,0.081,1
pay_003169,cust_02249,10178.79,upi,AXIS,insufficient_funds,2,1,1,0.117,0
pay_003170,cust_01684,775.39,upi,ICICI,account_closed,0,0,0,0.243,0
pay_003171,cust_00124,1186.86,upi,KOTAK,card_blocked,1,15,9,0.156,0
pay_003172,cust_02049,1893.06,card,KOTAK,insufficient_funds,0,4,4,0.216,0
pay_003173,cust_00968,2788.7,netbanking,SBI,temporary_bank_failure,1,18,14,0.106,1
pay_003174,cust_00855,369.27,upi,AXIS,network_error,1,10,8,0.222,1
pay_003175,cust_00640,5139.5,card,HDFC,insufficient_funds,2,7,6,0.109,1
pay_003176,cust_02239,5083.9,upi,SBI,temporary_bank_failure,0,3,3,0.058,1
pay_003177,cust_01603,1287.12,upi,KOTAK,gateway_timeout,1,13,1,0.127,0
pay_003178,cust_02564,15761.01,card,KOTAK,account_closed,0,16,2,0.145,0
pay_003179,cust_00442,4827.89,card,AXIS,insufficient_funds,1,8,1,0.049,0
pay_003180,cust_01945,4626.52,card,ICICI,expired_card,1,3,0,0.136,0
pay_003181,cust_01839,4675.27,netbanking,SBI,bank_timeout,1,1,1,0.218,1
pay_003182,cust_01830,4568.65,card,ICICI,invalid_card,0,9,4,0.237,1
pay_003183,cust_02191,1776.63,upi,KOTAK,insufficient_funds,1,18,17,0.031,1
pay_003184,cust_00533,1641.28,card,AXIS,temporary_bank_failure,0,8,8,0.235,1
pay_003185,cust_02275,849.92,card,KOTAK,insufficient_funds,0,15,1,0.16,0
pay_003186,cust_01337,1139.22,card,AXIS,bank_timeout,2,19,15,0.058,1
pay_003187,cust_00949,1409.91,card,HDFC,gateway_timeout,0,16,5,0.307,1
pay_003188,cust_02020,1905.25,card,ICICI,account_closed,1,1,1,0.18,0
pay_003189,cust_00460,6494.02,upi,SBI,network_error,1,18,7,0.378,0
pay_003190,cust_00551,336.3,upi,AXIS,card_blocked,1,1,1,0.496,0
pay_003191,cust_00393,5302.57,upi,HDFC,insufficient_funds,1,15,15,0.149,0
pay_003192,cust_01788,804.72,card,HDFC,insufficient_funds,0,15,15,0.173,1
pay_003193,cust_00845,1663.01,netbanking,ICICI,gateway_timeout,2,13,3,0.222,1
pay_003194,cust_02258,1012.81,wallet,AXIS,invalid_card,0,19,7,0.162,0
pay_003195,cust_01139,7969.85,card,SBI,insufficient_funds,1,0,0,0.131,1
pay_003196,cust_00646,1212.01,wallet,SBI,invalid_card,0,8,8,0.203,0
pay_003197,cust_02267,2743.96,card,SBI,temporary_bank_failure,2,14,14,0.071,1
pay_003198,cust_02455,2860.1,upi,KOTAK,expired_card,2,14,0,0.226,0
pay_003199,cust_01467,714.79,card,KOTAK,card_blocked,2,10,10,0.043,0
pay_003200,cust_01378,1673.35,upi,AXIS,temporary_bank_failure,2,4,1,0.055,0
pay_003201,cust_02936,4738.43,upi,SBI,card_blocked,2,7,7,0.139,0
pay_003202,cust_02606,899.12,card,HDFC,gateway_timeout,0,6,6,0.114,1
pay_003203,cust_02598,3509.3,upi,SBI,bank_timeout,2,5,0,0.082,0
pay_003204,cust_00142,1387.33,upi,AXIS,temporary_bank_failure,2,6,6,0.112,0
pay_003205,cust_02660,4586.73,upi,SBI,bank_timeout,1,18,13,0.173,0
pay_003206,cust_00501,7317.31,wallet,ICICI,temporary_bank_failure,2,13,0,0.178,0
pay_003207,cust_00840,362.76,netbanking,SBI,bank_timeout,0,10,3,0.266,1
pay_003208,cust_02750,619.86,wallet,HDFC,network_error,1,18,10,0.148,0
pay_003209,cust_01683,1273.08,netbanking,AXIS,bank_timeout,0,13,1,0.066,0
pay_003210,cust_01566,5839.14,card,AXIS,bank_timeout,1,18,7,0.196,0
pay_003211,cust_02047,2768.26,card,HDFC,temporary_bank_failure,2,5,5,0.143,1
pay_003212,cust_01531,667.94,card,AXIS,card_blocked,0,0,0,0.126,0
pay_003213,cust_00596,3112.36,wallet,SBI,card_blocked,1,13,13,0.182,0
pay_003214,cust_01905,870.45,card,AXIS,account_closed,0,11,11,0.125,0
pay_003215,cust_00281,3627.96,card,SBI,bank_timeout,1,11,9,0.191,0
pay_003216,cust_00424,2782.69,card,AXIS,bank_timeout,2,8,8,0.106,0
pay_003217,cust_02904,867.41,card,SBI,bank_timeout,0,8,8,0.242,1
pay_003218,cust_00270,1715.12,card,SBI,temporary_bank_failure,0,13,13,0.269,0
pay_003219,cust_00154,4816.23,upi,HDFC,card_blocked,0,19,4,0.67,0
pay_003220,cust_02662,397.97,card,HDFC,account_closed,2,1,1,0.136,0
pay_003221,cust_01751,2300.51,upi,KOTAK,network_error,2,13,9,0.143,0
pay_003222,cust_00662,745.82,netbanking,HDFC,gateway_timeout,1,6,0,0.048,0
pay_003223,cust_01968,1784.78,upi,SBI,account_closed,0,14,14,0.368,0
pay_003224,cust_00083,2607.66,card,SBI,invalid_card,1,7,7,0.32,0
pay_003225,cust_02995,9050.14,netbanking,AXIS,bank_timeout,1,18,16,0.179,0
pay_003226,cust_02947,1770.4,upi,AXIS,bank_timeout,2,1,1,0.165,0
pay_003227,cust_01450,5839.62,card,KOTAK,insufficient_funds,0,0,0,0.342,0
pay_003228,cust_01299,922.97,upi,SBI,bank_timeout,2,18,0,0.204,0
pay_003229,cust_02332,1216.81,upi,KOTAK,account_closed,0,7,7,0.08,0
pay_003230,cust_00980,2891.84,upi,SBI,network_error,1,6,6,0.085,0
pay_003231,cust_02221,2124.75,card,HDFC,network_error,2,17,9,0.273,0
pay_003232,cust_02811,1390.29,upi,AXIS,network_error,2,18,0,0.102,0
pay_003233,cust_01660,1360.47,upi,KOTAK,bank_timeout,0,12,12,0.15,1
pay_003234,cust_01399,5253.43,card,ICICI,expired_card,1,15,6,0.08,1
pay_003235,cust_00633,1435.47,upi,SBI,network_error,2,10,10,0.228,0
pay_003236,cust_01532,798.97,card,HDFC,network_error,1,9,6,0.12,0
pay_003237,cust_00787,912.42,upi,ICICI,invalid_card,2,18,5,0.346,1
pay_003238,cust_02991,3089.98,card,HDFC,bank_timeout,2,4,4,0.22,1
pay_003239,cust_00398,10995.24,card,HDFC,network_error,2,11,7,0.238,1
pay_003240,cust_01144,1188.94,netbanking,SBI,bank_timeout,1,3,3,0.12,0
pay_003241,cust_00934,10085.97,upi,HDFC,bank_timeout,1,15,8,0.079,1
pay_003242,cust_01461,1792.43,card,KOTAK,insufficient_funds,1,1,1,0.116,0
pay_003243,cust_01853,1445.41,card,ICICI,network_error,1,3,1,0.17,0
pay_003244,cust_02724,872.86,upi,HDFC,expired_card,1,15,11,0.245,0
pay_003245,cust_02984,1543.16,netbanking,HDFC,insufficient_funds,1,10,10,0.287,0
pay_003246,cust_02513,987.41,upi,AXIS,expired_card,1,5,5,0.074,0
pay_003247,cust_00286,926.02,upi,AXIS,card_blocked,0,10,10,0.334,0
pay_003248,cust_00265,482.2,wallet,KOTAK,network_error,1,9,9,0.058,1
pay_003249,cust_02368,7427.12,upi,AXIS,expired_card,1,14,13,0.124,0
pay_003250,cust_02721,4236.57,card,HDFC,account_closed,0,6,6,0.048,0
pay_003251,cust_02868,2246.84,upi,HDFC,card_blocked,0,14,9,0.193,0
pay_003252,cust_02137,1611.28,card,ICICI,insufficient_funds,1,0,0,0.24,0
pay_003253,cust_01678,1799.99,upi,AXIS,bank_timeout,1,7,7,0.216,1
pay_003254,cust_01227,971.14,card,SBI,bank_timeout,1,4,4,0.205,1
pay_003255,cust_00821,729.91,card,AXIS,temporary_bank_failure,0,5,5,0.092,1
pay_003256,cust_01763,3209.7,card,HDFC,card_blocked,2,3,3,0.257,0
pay_003257,cust_02382,1465.9,card,ICICI,insufficient_funds,2,14,3,0.108,1
pay_003258,cust_02270,2346.29,card,AXIS,insufficient_funds,2,3,3,0.052,1
pay_003259,cust_00041,478.21,upi,ICICI,insufficient_funds,2,2,2,0.127,1
pay_003260,cust_01732,1404.81,card,AXIS,temporary_bank_failure,2,15,8,0.2,1
pay_003261,cust_00068,718.61,upi,KOTAK,network_error,1,15,15,0.371,1
pay_003262,cust_00988,2663.1,upi,HDFC,card_blocked,2,7,0,0.159,0
pay_003263,cust_01800,4008.7,upi,HDFC,invalid_card,1,5,2,0.129,0
pay_003264,cust_02562,5812.46,upi,SBI,insufficient_funds,0,12,3,0.168,1
pay_003265,cust_01622,1093.15,card,HDFC,gateway_timeout,0,8,8,0.028,0
pay_003266,cust_01656,733.39,card,SBI,insufficient_funds,2,8,8,0.16,0
pay_003267,cust_01279,1293.52,netbanking,HDFC,bank_timeout,0,10,10,0.382,1
pay_003268,cust_00695,1033.34,upi,AXIS,network_error,1,7,7,0.183,0
pay_003269,cust_02525,2552.9,upi,AXIS,network_error,2,12,3,0.068,0
pay_003270,cust_01086,588.62,upi,KOTAK,gateway_timeout,2,18,12,0.206,1
pay_003271,cust_02929,444.29,card,AXIS,network_error,1,0,0,0.247,0
pay_003272,cust_02480,1370.38,upi,ICICI,network_error,1,16,13,0.054,1
pay_003273,cust_01694,3233.13,card,AXIS,invalid_card,1,5,4,0.043,1
pay_003274,cust_02316,794.76,netbanking,SBI,account_closed,2,11,11,0.326,0
pay_003275,cust_01059,3566.32,card,KOTAK,bank_timeout,0,3,3,0.24,1
pay_003276,cust_00779,2421.81,upi,ICICI,network_error,0,15,14,0.118,1
pay_003277,cust_00494,6231.9,card,ICICI,invalid_card,0,2,2,0.331,1
pay_003278,cust_01586,951.65,netbanking,HDFC,account_closed,0,16,2,0.09,0
pay_003279,cust_01493,500.11,wallet,SBI,insufficient_funds,2,17,0,0.137,0
pay_003280,cust_01791,2918.52,card,AXIS,expired_card,1,17,17,0.253,0
pay_003281,cust_00661,2261.76,card,AXIS,bank_timeout,0,17,15,0.194,1
pay_003282,cust_01349,2126.0,card,HDFC,account_closed,2,7,5,0.155,0
pay_003283,cust_01328,781.91,upi,AXIS,account_closed,2,7,7,0.243,0
pay_003284,cust_01300,3361.43,card,ICICI,expired_card,0,12,9,0.342,1
pay_003285,cust_01987,1089.27,upi,AXIS,card_blocked,1,11,11,0.036,0
pay_003286,cust_02045,2125.26,card,AXIS,bank_timeout,1,14,6,0.063,1
pay_003287,cust_01929,1251.81,upi,ICICI,network_error,2,9,9,0.338,0
pay_003288,cust_01348,2400.68,upi,SBI,temporary_bank_failure,1,8,8,0.143,1
pay_003289,cust_01059,694.99,upi,SBI,network_error,2,2,2,0.395,0
pay_003290,cust_00977,2696.59,upi,ICICI,account_closed,1,9,5,0.321,0
pay_003291,cust_00482,3059.7,card,ICICI,invalid_card,0,16,13,0.141,1
pay_003292,cust_00728,1983.83,upi,KOTAK,invalid_card,1,14,7,0.085,0
pay_003293,cust_02528,6735.3,upi,KOTAK,temporary_bank_failure,0,9,9,0.115,1
pay_003294,cust_01032,2133.95,upi,AXIS,invalid_card,0,19,7,0.169,0
pay_003295,cust_00343,3770.65,card,AXIS,bank_timeout,2,13,7,0.162,0
pay_003296,cust_01448,1946.78,upi,KOTAK,bank_timeout,0,15,15,0.375,0
pay_003297,cust_02380,3510.52,wallet,AXIS,insufficient_funds,2,5,5,0.262,0
pay_003298,cust_02486,530.25,wallet,SBI,bank_timeout,0,6,6,0.027,0
pay_003299,cust_02222,1856.33,upi,SBI,card_blocked,0,9,6,0.395,0
pay_003300,cust_02607,733.96,card,HDFC,temporary_bank_failure,0,18,11,0.182,0
pay_003301,cust_00527,2023.01,card,KOTAK,insufficient_funds,1,17,15,0.042,0
pay_003302,cust_01897,2458.62,card,SBI,account_closed,1,8,8,0.192,0
pay_003303,cust_00659,3449.55,card,HDFC,gateway_timeout,0,1,1,0.364,1
pay_003304,cust_02074,2675.6,card,ICICI,gateway_timeout,2,8,8,0.085,1
pay_003305,cust_00820,1380.94,card,SBI,temporary_bank_failure,0,3,2,0.164,1
pay_003306,cust_02653,989.42,netbanking,HDFC,temporary_bank_failure,2,10,10,0.057,0
pay_003307,cust_00406,277.54,wallet,AXIS,insufficient_funds,0,16,7,0.452,0
pay_003308,cust_02280,1910.43,netbanking,HDFC,card_blocked,0,2,2,0.088,0
pay_003309,cust_02581,4493.06,card,SBI,card_blocked,2,14,11,0.126,0
pay_003310,cust_01574,1971.82,netbanking,AXIS,insufficient_funds,2,1,1,0.073,0
pay_003311,cust_01812,1689.52,card,AXIS,insufficient_funds,1,15,15,0.066,0
pay_003312,cust_00505,2027.27,upi,HDFC,invalid_card,2,3,1,0.169,0
pay_003313,cust_00179,1325.88,upi,HDFC,expired_card,0,17,2,0.546,0
pay_003314,cust_00132,2113.23,upi,SBI,account_closed,2,9,9,0.19,0
pay_003315,cust_01847,1307.71,wallet,AXIS,invalid_card,1,5,5,0.096,1
pay_003316,cust_01479,880.86,card,KOTAK,card_blocked,0,10,10,0.337,0
pay_003317,cust_02396,1702.34,upi,HDFC,account_closed,0,9,6,0.125,0
pay_003318,cust_02588,1672.91,card,KOTAK,account_closed,0,0,0,0.128,0
pay_003319,cust_00772,8104.19,netbanking,KOTAK,gateway_timeout,2,15,0,0.344,0
pay_003320,cust_01430,949.04,card,AXIS,gateway_timeout,0,4,4,0.08,1
pay_003321,cust_02124,1591.52,upi,SBI,invalid_card,0,8,8,0.234,1
pay_003322,cust_00579,1472.43,upi,KOTAK,bank_timeout,2,16,0,0.101,0
pay_003323,cust_02902,1263.77,upi,SBI,temporary_bank_failure,0,3,3,0.245,1
pay_003324,cust_01516,2725.71,upi,HDFC,card_blocked,2,1,1,0.247,0
pay_003325,cust_00194,10833.2,card,AXIS,insufficient_funds,2,1,1,0.097,1
pay_003326,cust_02008,1398.76,upi,ICICI,network_error,1,4,4,0.407,1
pay_003327,cust_01186,2731.8,wallet,AXIS,insufficient_funds,0,1,1,0.226,0
pay_003328,cust_02395,391.55,netbanking,ICICI,temporary_bank_failure,2,12,1,0.122,0
pay_003329,cust_02999,1319.72,card,HDFC,invalid_card,1,4,4,0.149,0
pay_003330,cust_01385,6274.15,card,SBI,account_closed,2,0,0,0.008,0
pay_003331,cust_01793,1730.24,upi,HDFC,invalid_card,0,14,11,0.482,1
pay_003332,cust_01111,2702.34,upi,AXIS,bank_timeout,1,18,11,0.247,1
pay_003333,cust_02262,1098.61,card,ICICI,temporary_bank_failure,2,13,13,0.105,0
pay_003334,cust_01937,2221.74,upi,ICICI,network_error,1,11,11,0.118,1
pay_003335,cust_02621,6675.64,netbanking,AXIS,bank_timeout,0,1,1,0.148,0
pay_003336,cust_00780,714.75,upi,AXIS,invalid_card,2,19,12,0.053,0
pay_003337,cust_00262,10396.6,card,HDFC,gateway_timeout,0,0,0,0.099,1
pay_003338,cust_00730,524.92,netbanking,KOTAK,temporary_bank_failure,2,2,2,0.159,0
pay_003339,cust_00283,1226.11,upi,ICICI,temporary_bank_failure,1,10,10,0.123,0
pay_003340,cust_01491,926.36,card,AXIS,bank_timeout,0,16,0,0.248,1
pay_003341,cust_00362,1453.94,card,HDFC,account_closed,1,4,4,0.049,0
pay_003342,cust_00441,916.79,card,KOTAK,bank_timeout,2,16,16,0.221,0
pay_003343,cust_02141,862.84,upi,SBI,temporary_bank_failure,2,17,11,0.055,0
pay_003344,cust_01645,699.67,card,AXIS,bank_timeout,0,2,2,0.261,1
pay_003345,cust_02801,3026.74,card,KOTAK,gateway_timeout,0,14,14,0.246,1
pay_003346,cust_00867,1494.63,upi,SBI,temporary_bank_failure,2,15,14,0.109,1
pay_003347,cust_01448,1212.44,card,SBI,expired_card,1,14,8,0.223,0
pay_003348,cust_00142,2266.08,card,HDFC,expired_card,2,16,5,0.266,0
pay_003349,cust_01315,546.91,upi,ICICI,bank_timeout,1,17,4,0.271,0
pay_003350,cust_01456,2310.22,netbanking,AXIS,bank_timeout,0,7,4,0.171,0
pay_003351,cust_02797,1677.37,card,KOTAK,account_closed,1,13,8,0.422,0
pay_003352,cust_01876,1719.12,card,SBI,invalid_card,2,3,1,0.198,0
pay_003353,cust_01848,2738.96,upi,ICICI,gateway_timeout,1,9,9,0.355,1
pay_003354,cust_01713,6733.29,upi,SBI,network_error,0,19,4,0.267,1
pay_003355,cust_02701,2341.11,card,AXIS,network_error,1,6,6,0.163,1
pay_003356,cust_00701,1540.87,card,AXIS,expired_card,2,19,3,0.242,0
pay_003357,cust_00998,701.97,card,HDFC,card_blocked,2,0,0,0.272,0
pay_003358,cust_02097,267.03,upi,AXIS,insufficient_funds,1,6,6,0.16,0
pay_003359,cust_01326,2002.81,upi,AXIS,bank_timeout,2,11,11,0.187,1
pay_003360,cust_00881,660.04,netbanking,AXIS,expired_card,0,3,3,0.134,0
pay_003361,cust_01214,236.94,upi,ICICI,card_blocked,1,6,5,0.162,0
pay_003362,cust_01160,1365.54,upi,KOTAK,temporary_bank_failure,1,14,14,0.446,0
pay_003363,cust_00555,2189.84,netbanking,KOTAK,card_blocked,1,1,1,0.264,0
pay_003364,cust_00404,3279.49,card,AXIS,expired_card,2,1,1,0.224,1
pay_003365,cust_00892,4225.96,upi,KOTAK,network_error,1,4,4,0.315,0
pay_003366,cust_02913,3643.03,card,AXIS,bank_timeout,1,2,2,0.056,1
pay_003367,cust_00602,3722.16,card,KOTAK,network_error,1,15,15,0.044,0
pay_003368,cust_01831,558.66,card,KOTAK,expired_card,1,3,3,0.207,0
pay_003369,cust_00341,1604.11,card,SBI,insufficient_funds,0,14,9,0.054,1
pay_003370,cust_01969,2875.17,netbanking,ICICI,insufficient_funds,2,16,14,0.252,0
pay_003371,cust_00704,1876.38,upi,SBI,network_error,0,10,10,0.204,1
pay_003372,cust_00318,1597.0,netbanking,SBI,account_closed,1,3,3,0.343,0
pay_003373,cust_02666,1849.13,card,KOTAK,network_error,2,3,3,0.117,1
pay_003374,cust_01387,2200.47,upi,HDFC,temporary_bank_failure,1,3,3,0.122,1
pay_003375,cust_02430,1700.17,card,HDFC,bank_timeout,0,18,7,0.098,0
pay_003376,cust_02281,918.72,upi,ICICI,temporary_bank_failure,1,1,1,0.215,1
pay_003377,cust_01801,463.01,upi,AXIS,card_blocked,0,15,15,0.357,0
pay_003378,cust_01368,1535.76,card,KOTAK,network_error,0,19,9,0.079,0
pay_003379,cust_01573,1893.13,upi,ICICI,network_error,2,12,0,0.331,0
pay_003380,cust_00817,1876.69,card,SBI,insufficient_funds,1,7,7,0.019,0
pay_003381,cust_00553,3875.14,upi,KOTAK,insufficient_funds,1,18,2,0.182,0
pay_003382,cust_00856,4467.06,upi,SBI,network_error,1,1,1,0.138,1
pay_003383,cust_01813,1663.67,wallet,ICICI,network_error,2,16,5,0.074,1
pay_003384,cust_02867,1673.22,card,HDFC,bank_timeout,0,11,11,0.229,1
pay_003385,cust_00183,2859.79,upi,ICICI,account_closed,2,13,4,0.248,0
pay_003386,cust_01575,2543.35,upi,KOTAK,expired_card,2,11,11,0.217,0
pay_003387,cust_00397,1268.96,card,KOTAK,card_blocked,0,12,12,0.163,0
pay_003388,cust_01728,3063.19,upi,AXIS,network_error,1,9,9,0.516,0
pay_003389,cust_02827,1608.25,card,HDFC,insufficient_funds,0,3,3,0.052,1
pay_003390,cust_01518,1635.84,card,KOTAK,invalid_card,0,6,6,0.177,0
pay_003391,cust_00907,2557.77,card,HDFC,network_error,0,1,1,0.392,1
pay_003392,cust_01357,1420.93,netbanking,KOTAK,expired_card,1,14,14,0.27,0
pay_003393,cust_02175,1950.3,card,HDFC,insufficient_funds,0,3,3,0.241,0
pay_003394,cust_00001,2293.96,upi,ICICI,gateway_timeout,2,8,3,0.16,0
pay_003395,cust_00019,3476.37,card,HDFC,expired_card,0,5,5,0.237,1
pay_003396,cust_00584,3289.57,card,SBI,insufficient_funds,0,16,16,0.23,0
pay_003397,cust_00456,2238.67,card,ICICI,account_closed,2,6,1,0.069,0
pay_003398,cust_02037,224.3,upi,KOTAK,card_blocked,1,15,15,0.382,0
pay_003399,cust_01133,2196.63,card,KOTAK,insufficient_funds,2,16,13,0.054,0
pay_003400,cust_02493,2485.7,card,AXIS,temporary_bank_failure,1,7,7,0.311,0
pay_003401,cust_01953,2924.1,netbanking,SBI,invalid_card,1,2,2,0.239,0
pay_003402,cust_02650,841.49,upi,AXIS,network_error,1,19,11,0.052,1
pay_003403,cust_02151,331.07,card,ICICI,bank_timeout,1,5,2,0.2,0
pay_003404,cust_00988,3445.88,upi,AXIS,insufficient_funds,2,17,12,0.374,0
pay_003405,cust_00520,678.84,card,ICICI,expired_card,1,10,5,0.218,0
pay_003406,cust_00859,4806.55,upi,AXIS,account_closed,2,5,1,0.046,0
pay_003407,cust_00174,1138.06,card,HDFC,card_blocked,0,12,6,0.017,0
pay_003408,cust_01367,794.94,card,ICICI,account_closed,2,8,8,0.091,0
pay_003409,cust_02479,2391.55,card,ICICI,card_blocked,0,7,7,0.285,0
pay_003410,cust_00727,2959.99,card,HDFC,insufficient_funds,2,12,5,0.185,0
pay_003411,cust_01711,2822.17,netbanking,HDFC,temporary_bank_failure,0,13,8,0.178,1
pay_003412,cust_01876,2700.76,card,SBI,insufficient_funds,2,0,0,0.082,1
pay_003413,cust_02898,1026.35,card,HDFC,expired_card,2,4,4,0.178,0
pay_003414,cust_01682,532.97,upi,AXIS,insufficient_funds,2,5,5,0.053,1
pay_003415,cust_01348,1323.81,upi,HDFC,expired_card,2,8,8,0.096,1
pay_003416,cust_00990,723.02,card,HDFC,account_closed,0,19,5,0.112,0
pay_003417,cust_02687,2555.59,card,ICICI,network_error,1,12,3,0.24,1
pay_003418,cust_00420,3638.76,card,ICICI,bank_timeout,2,0,0,0.259,1
pay_003419,cust_00594,2075.92,card,HDFC,insufficient_funds,0,5,5,0.453,0
pay_003420,cust_02533,1806.68,card,SBI,card_blocked,2,6,6,0.15,0
pay_003421,cust_01775,1410.44,card,ICICI,bank_timeout,1,9,0,0.266,1
pay_003422,cust_02460,3961.11,upi,AXIS,card_blocked,0,3,3,0.506,0
pay_003423,cust_00936,418.06,wallet,AXIS,card_blocked,0,17,17,0.346,0
pay_003424,cust_01108,688.89,upi,HDFC,temporary_bank_failure,0,15,15,0.386,1
pay_003425,cust_01137,7796.16,card,HDFC,account_closed,2,18,18,0.272,0
pay_003426,cust_00332,662.51,upi,SBI,bank_timeout,2,10,10,0.048,1
pay_003427,cust_02703,2765.09,upi,HDFC,insufficient_funds,1,16,8,0.225,0
pay_003428,cust_02089,3259.84,netbanking,KOTAK,gateway_timeout,1,1,1,0.034,1
pay_003429,cust_01794,387.22,upi,KOTAK,account_closed,2,6,6,0.314,0
pay_003430,cust_00959,451.49,upi,HDFC,insufficient_funds,2,8,8,0.186,0
pay_003431,cust_00105,4972.96,card,KOTAK,gateway_timeout,0,13,13,0.35,1
pay_003432,cust_00202,830.18,card,AXIS,expired_card,2,16,1,0.155,0
pay_003433,cust_02498,848.52,card,HDFC,gateway_timeout,0,14,8,0.117,1
pay_003434,cust_01843,1191.89,card,AXIS,insufficient_funds,1,6,6,0.187,0
pay_003435,cust_01867,831.82,card,AXIS,card_blocked,2,6,6,0.163,0
pay_003436,cust_01997,2754.56,upi,KOTAK,network_error,1,13,13,0.32,0
pay_003437,cust_01290,702.31,upi,SBI,insufficient_funds,2,8,8,0.202,0
pay_003438,cust_00910,375.17,netbanking,AXIS,bank_timeout,2,8,8,0.51,1
pay_003439,cust_00210,4560.03,card,KOTAK,account_closed,0,16,16,0.359,0
pay_003440,cust_00563,730.46,card,SBI,bank_timeout,2,1,1,0.277,1
pay_003441,cust_02761,990.67,netbanking,KOTAK,bank_timeout,1,11,11,0.456,0
pay_003442,cust_01564,3511.81,netbanking,KOTAK,account_closed,2,15,12,0.325,0
pay_003443,cust_00771,1912.55,upi,HDFC,gateway_timeout,1,1,1,0.163,0
pay_003444,cust_02502,4402.26,card,ICICI,expired_card,2,14,14,0.148,0
pay_003445,cust_02715,3555.01,upi,SBI,account_closed,1,5,5,0.391,0
pay_003446,cust_00629,1257.97,card,KOTAK,gateway_timeout,1,10,9,0.079,1
pay_003447,cust_01629,4095.06,netbanking,AXIS,network_error,1,16,16,0.563,1
pay_003448,cust_01702,2067.75,upi,AXIS,network_error,2,3,2,0.334,1
pay_003449,cust_00387,1120.23,card,ICICI,insufficient_funds,0,18,12,0.134,1
pay_003450,cust_01936,2280.89,netbanking,SBI,network_error,1,4,4,0.285,1
pay_003451,cust_02344,634.24,upi,HDFC,expired_card,1,11,3,0.283,0
pay_003452,cust_02306,3523.04,wallet,SBI,temporary_bank_failure,0,18,10,0.231,0
pay_003453,cust_01105,3175.74,wallet,AXIS,temporary_bank_failure,1,0,0,0.17,1
pay_003454,cust_00268,1990.79,card,AXIS,network_error,1,10,0,0.094,1
pay_003455,cust_02467,389.7,card,HDFC,gateway_timeout,2,5,5,0.481,0
pay_003456,cust_02283,4552.92,upi,HDFC,network_error,0,3,2,0.276,0
pay_003457,cust_01857,2564.9,wallet,AXIS,temporary_bank_failure,1,16,16,0.148,1
pay_003458,cust_01999,1775.14,wallet,KOTAK,invalid_card,2,11,8,0.043,0
pay_003459,cust_01381,1564.73,upi,KOTAK,network_error,2,9,9,0.192,0
pay_003460,cust_01237,1176.88,card,HDFC,card_blocked,2,13,13,0.241,0
pay_003461,cust_00574,1372.55,card,KOTAK,insufficient_funds,2,6,6,0.275,1
pay_003462,cust_00049,3345.51,upi,HDFC,bank_timeout,0,10,10,0.327,0
pay_003463,cust_01151,1195.86,upi,SBI,card_blocked,0,2,2,0.125,0
pay_003464,cust_00223,1451.8,upi,SBI,insufficient_funds,2,7,0,0.141,0
pay_003465,cust_02969,1632.59,upi,SBI,insufficient_funds,0,19,11,0.139,0
pay_003466,cust_01432,1668.77,upi,HDFC,network_error,2,4,4,0.147,0
pay_003467,cust_01529,1102.96,netbanking,HDFC,temporary_bank_failure,1,3,3,0.262,0
pay_003468,cust_01820,1577.88,card,KOTAK,expired_card,1,12,10,0.249,0
pay_003469,cust_02325,2379.51,card,KOTAK,bank_timeout,2,3,3,0.143,0
pay_003470,cust_01462,876.69,upi,KOTAK,insufficient_funds,1,5,5,0.099,0
pay_003471,cust_01131,1583.74,netbanking,ICICI,expired_card,2,1,1,0.178,1
pay_003472,cust_01682,8474.25,card,HDFC,bank_timeout,1,4,4,0.146,1
pay_003473,cust_02468,1718.98,card,SBI,account_closed,1,14,4,0.086,0
pay_003474,cust_02659,858.91,card,SBI,bank_timeout,0,7,3,0.218,1
pay_003475,cust_00375,782.17,card,ICICI,network_error,2,1,1,0.452,0
pay_003476,cust_02121,657.11,card,ICICI,card_blocked,0,4,4,0.18,0
pay_003477,cust_02022,6645.49,upi,SBI,bank_timeout,2,8,3,0.276,0
pay_003478,cust_01054,4049.78,card,HDFC,account_closed,1,7,2,0.31,0
pay_003479,cust_01890,644.39,upi,SBI,expired_card,2,13,13,0.258,1
pay_003480,cust_01824,2145.15,card,SBI,insufficient_funds,2,15,3,0.139,0
pay_003481,cust_01475,4816.82,card,ICICI,insufficient_funds,2,1,1,0.237,0
pay_003482,cust_02243,1750.45,upi,ICICI,network_error,2,2,2,0.341,0
pay_003483,cust_01180,1220.13,upi,KOTAK,expired_card,1,3,0,0.254,0
pay_003484,cust_02895,10858.68,card,ICICI,card_blocked,1,14,8,0.047,0
pay_003485,cust_01065,393.75,netbanking,SBI,bank_timeout,0,4,4,0.252,0
pay_003486,cust_02071,14854.6,card,KOTAK,temporary_bank_failure,2,14,14,0.176,1
pay_003487,cust_00360,1896.94,card,SBI,insufficient_funds,0,17,7,0.207,1
pay_003488,cust_02608,5076.33,upi,HDFC,network_error,1,12,12,0.256,1
pay_003489,cust_02720,691.95,netbanking,HDFC,invalid_card,1,10,6,0.38,0
pay_003490,cust_02042,1011.85,card,ICICI,expired_card,2,9,9,0.068,0
pay_003491,cust_01142,762.07,card,KOTAK,bank_timeout,2,3,3,0.038,1
pay_003492,cust_01636,1667.66,upi,AXIS,insufficient_funds,0,19,2,0.011,1
pay_003493,cust_01404,2312.72,card,HDFC,temporary_bank_failure,1,4,4,0.344,1
pay_003494,cust_01944,4244.76,upi,HDFC,network_error,0,0,0,0.088,1
pay_003495,cust_00679,459.82,card,HDFC,account_closed,1,12,5,0.155,0
pay_003496,cust_02488,2049.82,netbanking,HDFC,bank_timeout,1,13,13,0.086,0
pay_003497,cust_02981,3699.4,card,ICICI,insufficient_funds,0,15,13,0.035,1
pay_003498,cust_00007,4297.33,wallet,KOTAK,insufficient_funds,1,12,10,0.286,0
pay_003499,cust_02469,1271.03,card,HDFC,insufficient_funds,1,14,7,0.242,0
pay_003500,cust_01592,1283.75,netbanking,ICICI,network_error,0,8,7,0.4,0
pay_003501,cust_00833,1679.72,card,KOTAK,account_closed,1,2,2,0.082,0
pay_003502,cust_02607,2098.21,card,KOTAK,card_blocked,0,1,1,0.232,0
pay_003503,cust_01811,5125.99,card,AXIS,insufficient_funds,2,11,6,0.096,0
pay_003504,cust_00914,686.72,netbanking,SBI,network_error,1,17,0,0.177,0
pay_003505,cust_02012,963.91,card,HDFC,account_closed,0,3,3,0.031,0
pay_003506,cust_01443,623.2,card,ICICI,card_blocked,1,19,2,0.38,0
pay_003507,cust_01451,2545.81,card,KOTAK,invalid_card,1,14,12,0.173,0
pay_003508,cust_01503,4363.78,wallet,AXIS,temporary_bank_failure,0,0,0,0.099,0
pay_003509,cust_00126,580.12,card,SBI,network_error,2,7,7,0.017,0
pay_003510,cust_02443,1941.01,card,KOTAK,network_error,0,16,0,0.066,1
pay_003511,cust_00817,4118.33,netbanking,KOTAK,network_error,1,4,4,0.188,0
pay_003512,cust_02929,3386.79,netbanking,HDFC,network_error,2,6,3,0.331,1
pay_003513,cust_01830,3354.99,card,SBI,card_blocked,2,2,2,0.317,0
pay_003514,cust_00576,697.92,netbanking,SBI,expired_card,1,5,5,0.093,1
pay_003515,cust_02373,3346.09,card,ICICI,network_error,0,12,12,0.253,0
pay_003516,cust_01416,1558.16,card,AXIS,insufficient_funds,0,15,10,0.028,1
pay_003517,cust_00930,4256.19,netbanking,ICICI,network_error,1,16,8,0.255,0
pay_003518,cust_01464,2589.79,upi,AXIS,insufficient_funds,0,5,2,0.03,0
pay_003519,cust_00833,941.62,card,ICICI,temporary_bank_failure,0,4,4,0.118,1
pay_003520,cust_01055,2259.84,card,AXIS,network_error,0,17,16,0.145,0
pay_003521,cust_01649,3480.09,card,HDFC,network_error,2,3,3,0.323,0
pay_003522,cust_01901,1205.81,upi,AXIS,expired_card,2,11,5,0.117,0
pay_003523,cust_01458,2004.28,wallet,ICICI,gateway_timeout,0,15,6,0.233,1
pay_003524,cust_02885,620.62,card,SBI,insufficient_funds,1,10,8,0.207,0
pay_003525,cust_02974,2805.19,netbanking,KOTAK,account_closed,1,10,4,0.021,0
pay_003526,cust_01400,1728.47,card,AXIS,expired_card,1,5,4,0.192,1
pay_003527,cust_00443,3756.6,upi,AXIS,insufficient_funds,1,15,14,0.555,0
pay_003528,cust_02123,2742.69,card,SBI,card_blocked,0,5,3,0.074,0
pay_003529,cust_00557,1305.4,upi,HDFC,network_error,0,8,8,0.125,1
pay_003530,cust_01179,918.65,card,ICICI,temporary_bank_failure,1,17,8,0.419,1
pay_003531,cust_02038,764.24,netbanking,HDFC,card_blocked,0,0,0,0.067,0
pay_003532,cust_00363,1204.79,card,AXIS,account_closed,1,17,14,0.238,0
pay_003533,cust_02496,3676.36,card,AXIS,bank_timeout,1,18,18,0.139,1
pay_003534,cust_01258,443.63,netbanking,HDFC,card_blocked,2,8,8,0.248,0
pay_003535,cust_01842,789.52,card,ICICI,bank_timeout,1,13,6,0.479,0
pay_003536,cust_02310,3594.64,card,AXIS,account_closed,2,11,2,0.224,0
pay_003537,cust_01851,5235.21,upi,AXIS,temporary_bank_failure,1,9,2,0.193,1
pay_003538,cust_02173,823.43,netbanking,HDFC,network_error,0,8,8,0.324,0
pay_003539,cust_00911,782.55,card,KOTAK,gateway_timeout,2,11,11,0.062,0
pay_003540,cust_00245,5573.22,card,SBI,account_closed,0,4,4,0.364,0
pay_003541,cust_00542,1637.83,card,AXIS,invalid_card,1,18,11,0.047,0
pay_003542,cust_02533,883.92,wallet,ICICI,card_blocked,2,9,9,0.228,0
pay_003543,cust_02170,4170.1,card,KOTAK,insufficient_funds,1,1,1,0.066,0
pay_003544,cust_02173,2704.8,card,HDFC,insufficient_funds,1,5,5,0.212,0
pay_003545,cust_01573,3259.48,upi,HDFC,bank_timeout,0,4,4,0.073,1
pay_003546,cust_02218,921.54,card,ICICI,network_error,2,0,0,0.553,1
pay_003547,cust_00124,2440.26,card,KOTAK,insufficient_funds,0,17,16,0.358,0
pay_003548,cust_02694,4900.19,netbanking,ICICI,invalid_card,0,14,14,0.249,0
pay_003549,cust_01732,3018.86,card,AXIS,account_closed,2,1,1,0.105,0
pay_003550,cust_00786,3774.02,upi,KOTAK,temporary_bank_failure,0,14,14,0.042,0
pay_003551,cust_02044,5555.34,netbanking,SBI,expired_card,1,10,1,0.453,0
pay_003552,cust_02249,2545.64,card,SBI,account_closed,2,12,9,0.139,0
pay_003553,cust_02417,1150.44,card,ICICI,gateway_timeout,2,19,5,0.326,0
pay_003554,cust_00797,3647.1,netbanking,SBI,expired_card,2,14,14,0.37,0
pay_003555,cust_00077,746.53,upi,ICICI,gateway_timeout,2,9,7,0.525,1
pay_003556,cust_00059,1513.45,card,AXIS,card_blocked,2,16,3,0.177,0
pay_003557,cust_02479,2894.2,card,AXIS,bank_timeout,2,4,4,0.239,0
pay_003558,cust_02686,137.84,upi,ICICI,gateway_timeout,1,0,0,0.239,1
pay_003559,cust_01524,2212.7,card,AXIS,network_error,2,18,17,0.082,0
pay_003560,cust_01937,2297.78,upi,SBI,account_closed,0,11,11,0.328,0
pay_003561,cust_02157,728.69,wallet,AXIS,temporary_bank_failure,0,6,6,0.152,1
pay_003562,cust_01302,2346.52,card,SBI,insufficient_funds,0,1,1,0.131,0
pay_003563,cust_00068,2104.76,netbanking,SBI,invalid_card,2,14,14,0.04,0
pay_003564,cust_02353,1857.85,upi,HDFC,insufficient_funds,0,19,1,0.061,1
pay_003565,cust_01933,4682.31,card,AXIS,gateway_timeout,1,12,12,0.094,1
pay_003566,cust_02722,3652.36,upi,AXIS,bank_timeout,0,6,6,0.26,0
pay_003567,cust_00365,3016.9,upi,ICICI,bank_timeout,2,13,13,0.162,1
pay_003568,cust_00821,796.82,card,ICICI,card_blocked,1,19,6,0.137,0
pay_003569,cust_01403,1783.13,card,KOTAK,expired_card,1,15,10,0.191,0
pay_003570,cust_02391,4663.62,upi,SBI,account_closed,1,8,8,0.225,0
pay_003571,cust_00947,1522.75,upi,HDFC,insufficient_funds,0,18,5,0.318,0
pay_003572,cust_02947,6269.23,wallet,SBI,network_error,0,4,4,0.199,1
pay_003573,cust_01578,3088.23,netbanking,AXIS,temporary_bank_failure,2,9,8,0.025,1
pay_003574,cust_01378,7098.57,card,KOTAK,bank_timeout,1,7,7,0.168,1
pay_003575,cust_01440,769.8,upi,SBI,invalid_card,2,13,12,0.135,0
pay_003576,cust_00762,1597.63,card,KOTAK,insufficient_funds,2,10,7,0.236,0
pay_003577,cust_00341,1723.13,card,SBI,insufficient_funds,2,0,0,0.2,0
pay_003578,cust_02990,2936.4,card,AXIS,account_closed,1,9,9,0.035,0
pay_003579,cust_00383,1001.37,upi,AXIS,gateway_timeout,1,1,1,0.252,1
pay_003580,cust_01004,499.65,card,SBI,card_blocked,2,6,5,0.232,0
pay_003581,cust_01557,2446.85,card,HDFC,bank_timeout,1,16,15,0.216,1
pay_003582,cust_00300,1348.6,card,AXIS,card_blocked,0,4,2,0.005,0
pay_003583,cust_00139,1240.71,card,ICICI,account_closed,1,9,1,0.09,0
pay_003584,cust_00359,1038.73,netbanking,HDFC,temporary_bank_failure,0,4,4,0.598,1
pay_003585,cust_00836,1996.42,wallet,SBI,insufficient_funds,1,4,3,0.21,0
pay_003586,cust_01523,763.96,upi,HDFC,account_closed,2,8,8,0.109,0
pay_003587,cust_01628,1547.88,upi,ICICI,insufficient_funds,2,10,0,0.204,0
pay_003588,cust_01983,931.72,upi,AXIS,bank_timeout,0,14,14,0.221,1
pay_003589,cust_01304,1110.6,upi,AXIS,account_closed,0,4,4,0.27,0
pay_003590,cust_02531,2399.58,upi,AXIS,insufficient_funds,1,16,16,0.234,1
pay_003591,cust_00909,3044.61,card,ICICI,insufficient_funds,0,18,15,0.153,1
pay_003592,cust_01135,1415.33,card,HDFC,bank_timeout,2,13,2,0.121,1
pay_003593,cust_02914,3921.64,card,SBI,bank_timeout,1,1,1,0.18,1
pay_003594,cust_02187,830.33,card,SBI,invalid_card,0,13,11,0.318,0
pay_003595,cust_00996,535.97,card,HDFC,gateway_timeout,2,19,6,0.331,1
pay_003596,cust_02483,620.76,upi,AXIS,card_blocked,2,3,3,0.108,0
pay_003597,cust_02557,764.85,upi,SBI,expired_card,1,2,2,0.305,0
pay_003598,cust_02321,632.5,card,AXIS,card_blocked,1,14,5,0.188,0
pay_003599,cust_02152,9108.13,card,KOTAK,temporary_bank_failure,1,15,15,0.126,1
pay_003600,cust_01238,523.13,upi,KOTAK,network_error,1,9,9,0.111,1
pay_003601,cust_01785,3827.41,card,SBI,gateway_timeout,0,17,2,0.155,0
pay_003602,cust_02810,1772.06,card,HDFC,network_error,1,18,18,0.229,0
pay_003603,cust_02835,2163.93,netbanking,HDFC,insufficient_funds,0,1,1,0.134,1
pay_003604,cust_00165,876.04,upi,HDFC,invalid_card,2,9,1,0.275,0
pay_003605,cust_00999,2345.75,netbanking,AXIS,gateway_timeout,1,1,1,0.329,1
pay_003606,cust_02568,870.32,netbanking,KOTAK,bank_timeout,1,15,0,0.351,0
pay_003607,cust_01308,3782.77,netbanking,AXIS,bank_timeout,1,4,4,0.625,0
pay_003608,cust_02565,4041.66,card,ICICI,network_error,1,3,3,0.117,1
pay_003609,cust_00657,1623.13,card,ICICI,invalid_card,1,16,16,0.635,0
pay_003610,cust_02661,1710.44,card,SBI,network_error,1,12,4,0.194,0
pay_003611,cust_02212,2555.95,card,ICICI,card_blocked,1,11,9,0.099,0
pay_003612,cust_01910,2453.54,upi,HDFC,expired_card,0,16,8,0.24,0
pay_003613,cust_02047,4102.36,upi,SBI,account_closed,1,8,8,0.257,0
pay_003614,cust_02112,4010.52,wallet,KOTAK,gateway_timeout,1,19,18,0.445,1
pay_003615,cust_01141,1766.8,netbanking,KOTAK,card_blocked,1,0,0,0.195,0
pay_003616,cust_01890,1234.25,upi,ICICI,expired_card,0,0,0,0.228,0
pay_003617,cust_00267,3460.94,upi,ICICI,temporary_bank_failure,1,1,1,0.078,1
pay_003618,cust_01846,1595.55,card,KOTAK,network_error,1,13,0,0.04,1
pay_003619,cust_01709,1980.28,card,ICICI,account_closed,2,4,4,0.248,0
pay_003620,cust_02294,2763.5,netbanking,ICICI,temporary_bank_failure,1,0,0,0.106,0
pay_003621,cust_02443,3945.95,card,AXIS,bank_timeout,2,0,0,0.224,0
pay_003622,cust_01511,2227.6,upi,KOTAK,temporary_bank_failure,2,14,11,0.114,1
pay_003623,cust_00476,1130.3,netbanking,KOTAK,network_error,1,0,0,0.113,1
pay_003624,cust_00977,7612.97,card,ICICI,temporary_bank_failure,1,15,2,0.369,0
pay_003625,cust_01208,6150.41,wallet,HDFC,insufficient_funds,1,9,9,0.207,1
pay_003626,cust_01044,800.79,card,AXIS,insufficient_funds,2,4,4,0.043,0
pay_003627,cust_01961,871.82,netbanking,HDFC,expired_card,0,1,1,0.182,0
pay_003628,cust_00558,964.09,card,ICICI,temporary_bank_failure,0,13,13,0.19,0
pay_003629,cust_01018,3564.72,card,KOTAK,bank_timeout,1,10,10,0.062,0
pay_003630,cust_01606,7848.79,card,HDFC,network_error,1,18,15,0.217,1
pay_003631,cust_00883,1205.9,upi,SBI,invalid_card,2,18,4,0.472,1
pay_003632,cust_02195,2070.23,netbanking,HDFC,bank_timeout,2,18,17,0.167,0
pay_003633,cust_00666,990.21,upi,KOTAK,invalid_card,0,2,2,0.079,0
pay_003634,cust_02668,7045.57,netbanking,ICICI,network_error,2,10,5,0.418,0
pay_003635,cust_01772,3497.71,netbanking,HDFC,expired_card,0,19,13,0.105,0
pay_003636,cust_02868,934.76,card,ICICI,insufficient_funds,1,15,13,0.216,0
pay_003637,cust_00864,336.34,upi,AXIS,bank_timeout,0,16,8,0.057,0
pay_003638,cust_00582,4146.71,card,SBI,expired_card,0,19,15,0.218,1
pay_003639,cust_00695,1143.69,upi,KOTAK,gateway_timeout,1,3,3,0.081,0
pay_003640,cust_01252,3548.16,card,KOTAK,expired_card,0,14,13,0.022,0
pay_003641,cust_01611,2286.9,card,ICICI,account_closed,2,10,10,0.282,0
pay_003642,cust_01240,416.78,upi,SBI,bank_timeout,2,15,1,0.359,0
pay_003643,cust_02455,948.21,card,KOTAK,expired_card,1,19,19,0.24,0
pay_003644,cust_00399,1361.97,upi,HDFC,bank_timeout,1,3,3,0.232,1
pay_003645,cust_01947,1052.97,netbanking,KOTAK,gateway_timeout,2,4,4,0.183,1
pay_003646,cust_00715,1984.13,card,HDFC,bank_timeout,2,18,11,0.431,0
pay_003647,cust_00704,2492.66,upi,KOTAK,temporary_bank_failure,2,15,15,0.175,0
pay_003648,cust_02809,7566.52,upi,HDFC,network_error,2,18,8,0.123,0
pay_003649,cust_02547,2637.99,card,AXIS,insufficient_funds,0,15,10,0.4,1
pay_003650,cust_01715,5960.33,upi,ICICI,insufficient_funds,2,0,0,0.281,1
pay_003651,cust_01973,1234.65,card,AXIS,invalid_card,1,2,2,0.249,0
pay_003652,cust_00082,4592.46,card,HDFC,expired_card,1,1,1,0.281,0
pay_003653,cust_00604,1332.81,card,ICICI,expired_card,2,9,5,0.089,0
pay_003654,cust_01971,868.17,upi,SBI,bank_timeout,0,5,3,0.293,1
pay_003655,cust_01711,839.31,upi,HDFC,bank_timeout,2,7,7,0.122,1
pay_003656,cust_02047,218.42,card,KOTAK,card_blocked,2,5,5,0.071,0
pay_003657,cust_02820,3580.53,card,KOTAK,gateway_timeout,1,19,9,0.263,1
pay_003658,cust_00903,644.09,netbanking,SBI,gateway_timeout,1,18,18,0.474,1
pay_003659,cust_00365,5577.61,netbanking,AXIS,bank_timeout,0,15,15,0.19,0
pay_003660,cust_00163,1572.82,upi,HDFC,bank_timeout,0,3,3,0.174,0
pay_003661,cust_02559,521.19,card,KOTAK,card_blocked,0,15,15,0.166,0
pay_003662,cust_01864,739.38,card,ICICI,expired_card,1,8,8,0.215,0
pay_003663,cust_00116,2105.92,netbanking,SBI,gateway_timeout,0,8,8,0.172,1
pay_003664,cust_02989,401.83,card,AXIS,account_closed,2,7,7,0.261,0
pay_003665,cust_02385,2898.52,card,AXIS,insufficient_funds,2,4,1,0.153,0
pay_003666,cust_00881,537.5,upi,ICICI,invalid_card,1,16,8,0.028,0
pay_003667,cust_02785,1001.06,upi,ICICI,gateway_timeout,2,15,12,0.16,1
pay_003668,cust_00840,2119.59,upi,SBI,gateway_timeout,0,17,11,0.333,1
pay_003669,cust_02195,2628.29,card,ICICI,bank_timeout,2,5,0,0.085,0
pay_003670,cust_01347,3422.67,upi,KOTAK,invalid_card,0,9,9,0.442,0
pay_003671,cust_02491,635.72,upi,AXIS,bank_timeout,0,19,7,0.457,1
pay_003672,cust_02885,1412.67,upi,ICICI,invalid_card,0,15,3,0.246,0
pay_003673,cust_01037,4334.66,card,HDFC,network_error,2,18,10,0.26,0
pay_003674,cust_00943,1412.94,upi,ICICI,network_error,1,7,5,0.204,0
pay_003675,cust_01725,2287.97,upi,AXIS,card_blocked,0,17,12,0.044,0
pay_003676,cust_02335,2058.95,upi,KOTAK,insufficient_funds,2,4,4,0.224,0
pay_003677,cust_02768,5120.41,upi,ICICI,bank_timeout,1,12,4,0.229,0
pay_003678,cust_01138,1245.48,card,KOTAK,account_closed,2,14,12,0.445,0
pay_003679,cust_02528,594.69,card,HDFC,insufficient_funds,1,5,5,0.257,0
pay_003680,cust_00022,833.56,card,AXIS,bank_timeout,2,1,1,0.333,0
pay_003681,cust_01750,2102.91,card,SBI,gateway_timeout,0,14,14,0.091,1
pay_003682,cust_00683,515.1,upi,AXIS,insufficient_funds,2,10,0,0.215,0
pay_003683,cust_02954,1169.66,upi,SBI,temporary_bank_failure,1,4,3,0.229,1
pay_003684,cust_01834,1920.49,card,SBI,card_blocked,0,9,1,0.433,0
pay_003685,cust_02368,979.19,netbanking,AXIS,network_error,0,19,11,0.115,1
pay_003686,cust_00126,2348.38,card,SBI,network_error,2,19,0,0.201,1
pay_003687,cust_00277,3227.71,card,KOTAK,network_error,0,17,11,0.361,1
pay_003688,cust_02000,2601.72,card,HDFC,bank_timeout,1,11,11,0.146,1
pay_003689,cust_01228,524.26,upi,ICICI,insufficient_funds,0,16,5,0.19,1
pay_003690,cust_02242,1926.28,upi,SBI,account_closed,1,16,6,0.028,0
pay_003691,cust_00696,2050.74,netbanking,SBI,temporary_bank_failure,1,3,3,0.458,0
pay_003692,cust_01310,1333.09,card,AXIS,network_error,1,18,4,0.094,1
pay_003693,cust_00057,2323.08,card,KOTAK,account_closed,0,17,8,0.111,0
pay_003694,cust_00019,2257.33,upi,ICICI,temporary_bank_failure,0,19,12,0.251,1
pay_003695,cust_02312,1681.26,upi,SBI,insufficient_funds,2,9,9,0.187,0
pay_003696,cust_02842,809.63,netbanking,KOTAK,bank_timeout,1,13,7,0.137,1
pay_003697,cust_00113,1769.94,card,ICICI,temporary_bank_failure,1,19,15,0.29,0
pay_003698,cust_00542,8050.94,upi,AXIS,bank_timeout,2,12,12,0.364,1
pay_003699,cust_02695,1321.01,card,SBI,bank_timeout,2,13,13,0.219,1
pay_003700,cust_00579,4179.07,upi,AXIS,gateway_timeout,1,3,3,0.313,1
pay_003701,cust_01089,1865.13,card,AXIS,temporary_bank_failure,1,3,3,0.242,1
pay_003702,cust_00025,952.81,upi,SBI,network_error,2,3,3,0.376,0
pay_003703,cust_01573,1426.13,upi,KOTAK,insufficient_funds,0,10,8,0.095,1
pay_003704,cust_02049,1783.8,card,KOTAK,invalid_card,2,0,0,0.095,0
pay_003705,cust_02959,3053.88,card,AXIS,invalid_card,1,5,5,0.121,0
pay_003706,cust_01573,12137.27,card,AXIS,network_error,1,4,4,0.213,1
pay_003707,cust_00141,1888.87,card,HDFC,network_error,0,4,4,0.109,1
pay_003708,cust_01768,675.41,card,ICICI,invalid_card,1,11,10,0.186,0
pay_003709,cust_00648,481.23,card,AXIS,insufficient_funds,1,14,14,0.152,0
pay_003710,cust_02236,1290.23,upi,AXIS,invalid_card,2,5,5,0.147,0
pay_003711,cust_00201,733.28,card,ICICI,bank_timeout,0,11,9,0.163,1
pay_003712,cust_00257,2825.17,card,SBI,bank_timeout,2,13,13,0.2,0
pay_003713,cust_00547,2841.83,netbanking,KOTAK,invalid_card,0,10,1,0.308,0
pay_003714,cust_02242,1608.76,card,SBI,account_closed,1,7,1,0.012,0
pay_003715,cust_02751,3059.2,upi,ICICI,temporary_bank_failure,2,19,15,0.297,0
pay_003716,cust_00802,1904.18,upi,ICICI,card_blocked,2,6,6,0.47,0
pay_003717,cust_00942,8055.09,netbanking,HDFC,temporary_bank_failure,2,5,5,0.223,1
pay_003718,cust_00414,2983.64,card,HDFC,account_closed,0,12,9,0.114,0
pay_003719,cust_02015,3701.5,upi,KOTAK,gateway_timeout,1,5,5,0.512,1
pay_003720,cust_01382,567.65,card,AXIS,insufficient_funds,1,19,15,0.341,1
pay_003721,cust_01099,708.4,netbanking,ICICI,expired_card,0,1,1,0.151,0
pay_003722,cust_00910,2652.0,card,HDFC,bank_timeout,2,10,4,0.223,1
pay_003723,cust_00188,523.54,upi,SBI,bank_timeout,1,7,7,0.221,0
pay_003724,cust_02016,1097.09,card,HDFC,gateway_timeout,1,3,3,0.216,0
pay_003725,cust_01314,4644.92,netbanking,SBI,network_error,2,6,3,0.203,0
pay_003726,cust_02093,1078.49,upi,HDFC,insufficient_funds,0,14,0,0.156,1
pay_003727,cust_02131,686.92,card,SBI,insufficient_funds,1,18,0,0.231,0
pay_003728,cust_01147,3084.16,card,HDFC,bank_timeout,2,9,6,0.131,1
pay_003729,cust_00358,9497.9,card,HDFC,expired_card,2,2,2,0.042,1
pay_003730,cust_01552,946.8,card,KOTAK,bank_timeout,2,9,9,0.433,0
pay_003731,cust_01090,4813.7,card,AXIS,bank_timeout,0,18,15,0.181,1
pay_003732,cust_02984,857.02,wallet,ICICI,expired_card,1,2,2,0.13,1
pay_003733,cust_01681,1652.47,upi,AXIS,insufficient_funds,0,17,10,0.129,0
pay_003734,cust_02423,1710.76,netbanking,KOTAK,temporary_bank_failure,0,4,4,0.362,0
pay_003735,cust_00162,967.21,card,SBI,network_error,2,0,0,0.291,0
pay_003736,cust_02370,3642.1,upi,AXIS,expired_card,2,5,5,0.178,0
pay_003737,cust_00450,527.54,upi,ICICI,network_error,2,6,5,0.088,0
pay_003738,cust_01498,2113.37,card,ICICI,card_blocked,0,1,1,0.171,0
pay_003739,cust_01037,4269.84,upi,SBI,account_closed,1,16,7,0.207,0
pay_003740,cust_02232,3407.49,card,ICICI,bank_timeout,2,2,2,0.087,0
pay_003741,cust_02159,2678.39,wallet,KOTAK,account_closed,1,1,1,0.058,0
pay_003742,cust_01951,6426.85,upi,AXIS,temporary_bank_failure,1,17,4,0.118,1
pay_003743,cust_02556,1516.72,netbanking,ICICI,insufficient_funds,1,13,2,0.158,1
pay_003744,cust_01314,533.91,upi,AXIS,bank_timeout,2,15,15,0.178,0
pay_003745,cust_02343,2014.58,upi,HDFC,bank_timeout,1,11,6,0.134,1
pay_003746,cust_02952,1634.99,upi,AXIS,account_closed,0,17,11,0.065,0
pay_003747,cust_01239,332.73,card,SBI,insufficient_funds,0,7,0,0.38,0
pay_003748,cust_00974,735.04,card,KOTAK,insufficient_funds,0,0,0,0.206,1
pay_003749,cust_00632,663.75,upi,ICICI,bank_timeout,2,2,2,0.033,0
pay_003750,cust_01591,942.35,netbanking,KOTAK,card_blocked,0,6,5,0.141,0
pay_003751,cust_01051,1365.21,card,AXIS,gateway_timeout,1,1,1,0.335,1
pay_003752,cust_02781,1407.68,netbanking,ICICI,gateway_timeout,2,15,13,0.174,0
pay_003753,cust_01589,969.67,card,KOTAK,temporary_bank_failure,2,8,7,0.029,0
pay_003754,cust_02369,663.05,upi,SBI,account_closed,1,2,2,0.148,0
pay_003755,cust_02961,2445.39,card,HDFC,temporary_bank_failure,0,18,10,0.135,1
pay_003756,cust_01694,1984.77,card,HDFC,network_error,1,13,3,0.44,0
pay_003757,cust_00437,2033.14,card,SBI,insufficient_funds,1,14,7,0.047,0
pay_003758,cust_02829,7504.13,card,HDFC,invalid_card,2,15,4,0.17,0
pay_003759,cust_01557,2059.67,card,SBI,gateway_timeout,0,18,9,0.103,1
pay_003760,cust_01077,1348.4,card,AXIS,expired_card,0,14,11,0.141,1
pay_003761,cust_01305,1661.3,card,SBI,temporary_bank_failure,0,13,13,0.153,1
pay_003762,cust_02774,1956.78,card,HDFC,expired_card,1,4,4,0.257,0
pay_003763,cust_02079,2959.08,card,AXIS,expired_card,2,6,6,0.241,0
pay_003764,cust_02385,1744.5,upi,SBI,expired_card,2,2,2,0.184,0
pay_003765,cust_00183,382.09,netbanking,SBI,expired_card,2,1,1,0.074,0
pay_003766,cust_02592,1274.87,card,AXIS,network_error,0,15,11,0.121,1
pay_003767,cust_01470,1810.2,card,ICICI,account_closed,0,1,1,0.234,0
pay_003768,cust_01480,5132.57,upi,HDFC,insufficient_funds,2,2,2,0.381,0
pay_003769,cust_01590,964.19,card,ICICI,gateway_timeout,1,11,4,0.089,1
pay_003770,cust_01588,488.72,upi,AXIS,network_error,2,0,0,0.632,0
pay_003771,cust_00660,1903.6,card,AXIS,invalid_card,1,14,4,0.113,0
pay_003772,cust_00160,3615.51,card,KOTAK,insufficient_funds,2,0,0,0.207,0
pay_003773,cust_02460,1319.83,card,KOTAK,bank_timeout,1,0,0,0.36,0
pay_003774,cust_01012,12166.48,card,AXIS,card_blocked,2,14,7,0.307,0
pay_003775,cust_00053,10076.87,upi,KOTAK,bank_timeout,0,2,2,0.128,1
pay_003776,cust_02456,1706.2,card,SBI,insufficient_funds,0,13,5,0.157,1
pay_003777,cust_02895,2099.32,wallet,ICICI,insufficient_funds,0,9,6,0.073,1
pay_003778,cust_01046,5404.49,card,AXIS,card_blocked,0,2,2,0.227,0
pay_003779,cust_01054,1682.66,netbanking,SBI,bank_timeout,2,19,16,0.547,1
pay_003780,cust_02751,950.25,card,HDFC,insufficient_funds,0,17,5,0.156,0
pay_003781,cust_02308,3681.76,card,HDFC,insufficient_funds,1,3,2,0.133,1
pay_003782,cust_01229,2621.57,upi,KOTAK,network_error,1,16,16,0.106,1
pay_003783,cust_01495,947.78,card,KOTAK,card_blocked,0,19,18,0.396,0
pay_003784,cust_02824,2260.48,netbanking,SBI,invalid_card,0,3,2,0.152,0
pay_003785,cust_01490,1590.74,card,HDFC,invalid_card,0,14,2,0.341,1
pay_003786,cust_01036,1328.66,upi,AXIS,account_closed,2,10,4,0.194,0
pay_003787,cust_01951,964.23,card,ICICI,expired_card,1,2,2,0.355,0
pay_003788,cust_00850,1992.45,upi,KOTAK,insufficient_funds,1,6,5,0.347,0
pay_003789,cust_00354,1461.64,upi,SBI,gateway_timeout,1,9,9,0.33,0
pay_003790,cust_01099,2270.52,upi,KOTAK,expired_card,2,18,18,0.101,0
pay_003791,cust_02921,3483.77,card,SBI,insufficient_funds,2,19,4,0.236,0
pay_003792,cust_01740,2176.02,netbanking,HDFC,insufficient_funds,1,7,0,0.173,0
pay_003793,cust_01465,2206.03,wallet,KOTAK,insufficient_funds,1,14,14,0.315,1
pay_003794,cust_00991,1172.69,netbanking,SBI,expired_card,1,12,1,0.242,0
pay_003795,cust_01265,4626.17,upi,SBI,card_blocked,0,2,2,0.329,0
pay_003796,cust_01885,917.06,card,KOTAK,invalid_card,2,14,14,0.154,0
pay_003797,cust_01810,497.9,card,ICICI,network_error,1,9,6,0.021,1
pay_003798,cust_02342,767.56,netbanking,AXIS,insufficient_funds,0,14,4,0.259,1
pay_003799,cust_02257,4135.7,wallet,HDFC,expired_card,1,13,13,0.261,1
pay_003800,cust_01112,2610.03,card,KOTAK,network_error,1,8,8,0.312,1
pay_003801,cust_00818,5164.45,card,KOTAK,card_blocked,2,14,11,0.224,0
pay_003802,cust_01800,627.38,netbanking,ICICI,bank_timeout,1,13,13,0.216,0
pay_003803,cust_01961,11570.04,card,HDFC,insufficient_funds,2,14,14,0.166,1
pay_003804,cust_02438,1440.94,card,KOTAK,card_blocked,2,13,13,0.357,0
pay_003805,cust_02373,442.18,wallet,ICICI,expired_card,1,9,9,0.069,0
pay_003806,cust_02988,10473.74,netbanking,AXIS,expired_card,0,11,8,0.32,1
pay_003807,cust_00889,633.92,netbanking,SBI,card_blocked,1,19,7,0.157,0
pay_003808,cust_01856,1315.12,card,AXIS,invalid_card,1,13,13,0.206,1
pay_003809,cust_01181,1533.64,card,AXIS,card_blocked,1,14,6,0.116,0
pay_003810,cust_00668,2579.28,upi,AXIS,expired_card,0,11,11,0.343,0
pay_003811,cust_00633,960.02,upi,AXIS,expired_card,2,1,1,0.209,0
pay_003812,cust_02625,4152.44,card,SBI,invalid_card,0,18,2,0.176,0
pay_003813,cust_01643,3304.07,netbanking,HDFC,network_error,0,16,3,0.354,0
pay_003814,cust_00137,1835.83,netbanking,HDFC,invalid_card,1,14,1,0.197,0
pay_003815,cust_01947,5215.88,card,ICICI,card_blocked,1,9,6,0.275,0
pay_003816,cust_01698,1712.51,card,ICICI,insufficient_funds,0,10,2,0.054,0
pay_003817,cust_00428,1450.24,card,KOTAK,bank_timeout,2,13,0,0.019,1
pay_003818,cust_01476,8941.71,upi,AXIS,bank_timeout,2,8,8,0.229,0
pay_003819,cust_02660,2290.65,card,AXIS,network_error,1,2,2,0.237,1
pay_003820,cust_02959,821.79,upi,SBI,insufficient_funds,2,0,0,0.405,0
pay_003821,cust_00819,915.79,upi,AXIS,gateway_timeout,2,5,5,0.144,1
pay_003822,cust_02189,1835.67,netbanking,SBI,card_blocked,2,5,5,0.21,0
pay_003823,cust_01107,265.5,card,KOTAK,card_blocked,0,4,2,0.06,0
pay_003824,cust_02225,1089.65,upi,ICICI,gateway_timeout,0,3,3,0.36,1
pay_003825,cust_00198,1668.51,upi,ICICI,invalid_card,1,2,2,0.101,0
pay_003826,cust_02672,1581.68,upi,KOTAK,expired_card,2,12,12,0.488,1
pay_003827,cust_01996,661.19,wallet,KOTAK,network_error,1,3,3,0.357,0
pay_003828,cust_02739,1262.93,upi,AXIS,card_blocked,0,6,6,0.312,0
pay_003829,cust_02449,4646.38,netbanking,ICICI,network_error,1,18,18,0.533,1
pay_003830,cust_00471,3938.36,card,HDFC,account_closed,0,10,10,0.135,0
pay_003831,cust_02266,1951.77,upi,KOTAK,expired_card,0,9,4,0.106,1
pay_003832,cust_01949,1711.07,upi,ICICI,insufficient_funds,1,18,3,0.243,0
pay_003833,cust_00929,1588.74,wallet,ICICI,account_closed,2,18,15,0.222,0
pay_003834,cust_02011,2184.29,card,SBI,insufficient_funds,1,4,4,0.107,1
pay_003835,cust_02680,1962.66,card,ICICI,account_closed,2,0,0,0.146,0
pay_003836,cust_02999,2343.29,upi,KOTAK,insufficient_funds,1,10,10,0.137,0
pay_003837,cust_00906,2701.16,card,AXIS,card_blocked,1,12,7,0.163,0
pay_003838,cust_02223,686.16,upi,ICICI,expired_card,1,7,7,0.087,1
pay_003839,cust_00023,1410.62,wallet,HDFC,gateway_timeout,0,15,4,0.149,0
pay_003840,cust_00235,2118.22,netbanking,KOTAK,invalid_card,1,8,5,0.296,0
pay_003841,cust_01125,834.92,card,AXIS,insufficient_funds,0,3,3,0.135,1
pay_003842,cust_00929,1054.63,card,AXIS,invalid_card,0,18,18,0.068,0
pay_003843,cust_00523,1518.81,upi,KOTAK,account_closed,0,6,6,0.101,0
pay_003844,cust_01809,1579.61,upi,AXIS,insufficient_funds,1,11,11,0.232,0
pay_003845,cust_00431,2150.13,upi,HDFC,account_closed,1,8,4,0.295,0
pay_003846,cust_00793,917.43,upi,ICICI,gateway_timeout,1,12,12,0.137,0
pay_003847,cust_01630,3922.23,upi,KOTAK,bank_timeout,1,11,2,0.104,1
pay_003848,cust_01737,1569.23,card,ICICI,expired_card,0,8,0,0.174,1
pay_003849,cust_00533,2030.75,upi,ICICI,invalid_card,2,11,4,0.259,0
pay_003850,cust_01747,1344.98,card,AXIS,bank_timeout,2,15,2,0.361,0
pay_003851,cust_01676,2183.14,card,KOTAK,invalid_card,0,12,12,0.132,0
pay_003852,cust_01317,6884.15,upi,ICICI,expired_card,0,2,2,0.293,1
pay_003853,cust_02858,1335.02,upi,SBI,bank_timeout,2,5,3,0.045,1
pay_003854,cust_00913,1169.58,upi,HDFC,insufficient_funds,2,13,2,0.216,0
pay_003855,cust_01125,930.64,card,AXIS,bank_timeout,2,1,1,0.196,0
pay_003856,cust_01526,1723.83,card,KOTAK,temporary_bank_failure,2,19,16,0.263,0
pay_003857,cust_01328,1707.93,card,KOTAK,invalid_card,2,2,2,0.321,0
pay_003858,cust_02919,1884.0,upi,AXIS,bank_timeout,1,15,9,0.207,0
pay_003859,cust_02588,2629.65,card,ICICI,insufficient_funds,2,7,1,0.289,0
pay_003860,cust_01024,2377.33,upi,AXIS,insufficient_funds,1,5,5,0.459,0
pay_003861,cust_01577,1775.76,upi,KOTAK,card_blocked,1,2,1,0.058,0
pay_003862,cust_01379,8630.36,upi,SBI,invalid_card,0,4,4,0.043,0
pay_003863,cust_01520,3141.78,netbanking,ICICI,bank_timeout,0,3,3,0.252,1
pay_003864,cust_01682,756.42,netbanking,AXIS,card_blocked,2,5,1,0.274,0
pay_003865,cust_01998,525.23,netbanking,KOTAK,insufficient_funds,0,1,1,0.351,1
pay_003866,cust_00227,1036.37,upi,KOTAK,temporary_bank_failure,2,2,2,0.319,0
pay_003867,cust_01260,2042.9,card,KOTAK,bank_timeout,0,7,7,0.257,1
pay_003868,cust_00873,969.13,upi,SBI,card_blocked,0,14,4,0.04,0
pay_003869,cust_00892,1094.33,upi,ICICI,insufficient_funds,2,9,9,0.121,1
pay_003870,cust_01479,1846.14,card,AXIS,card_blocked,0,14,14,0.05,0
pay_003871,cust_01037,1375.29,upi,ICICI,network_error,2,5,5,0.008,0
pay_003872,cust_02258,351.37,upi,KOTAK,insufficient_funds,0,11,11,0.062,1
pay_003873,cust_02789,4280.14,card,SBI,bank_timeout,2,7,2,0.276,1
pay_003874,cust_00397,3554.49,upi,SBI,insufficient_funds,1,5,3,0.227,0
pay_003875,cust_01124,646.71,card,KOTAK,account_closed,2,15,4,0.091,0
pay_003876,cust_02079,1892.23,card,ICICI,bank_timeout,0,14,9,0.104,1
pay_003877,cust_02946,740.08,netbanking,ICICI,network_error,1,19,1,0.223,0
pay_003878,cust_00649,1110.94,upi,SBI,expired_card,1,14,8,0.2,1
pay_003879,cust_00329,2667.57,upi,HDFC,bank_timeout,2,7,7,0.262,0
pay_003880,cust_01483,3456.59,card,SBI,insufficient_funds,2,18,9,0.212,0
pay_003881,cust_00952,3392.47,upi,SBI,temporary_bank_failure,1,13,11,0.295,1
pay_003882,cust_02006,2199.25,card,AXIS,account_closed,2,15,14,0.24,0
pay_003883,cust_02017,5014.88,upi,SBI,bank_timeout,2,11,2,0.313,0
pay_003884,cust_02669,1109.37,netbanking,HDFC,account_closed,2,2,2,0.441,0
pay_003885,cust_01879,1324.91,netbanking,SBI,expired_card,0,19,6,0.266,1
pay_003886,cust_01197,226.85,card,ICICI,temporary_bank_failure,0,4,4,0.224,0
pay_003887,cust_01773,1678.33,upi,AXIS,network_error,1,12,3,0.148,1
pay_003888,cust_00162,2874.85,netbanking,AXIS,card_blocked,1,14,13,0.14,0
pay_003889,cust_01752,2271.53,card,SBI,insufficient_funds,1,7,4,0.051,1
pay_003890,cust_00776,1097.49,card,AXIS,temporary_bank_failure,2,13,13,0.241,1
pay_003891,cust_01828,3553.26,netbanking,AXIS,bank_timeout,2,14,14,0.159,0
pay_003892,cust_02322,1704.34,upi,SBI,network_error,2,18,13,0.041,1
pay_003893,cust_01052,3338.05,card,HDFC,insufficient_funds,1,7,7,0.27,0
pay_003894,cust_02374,2667.56,card,SBI,insufficient_funds,1,9,9,0.575,0
pay_003895,cust_00940,5651.11,upi,ICICI,invalid_card,0,12,4,0.251,1
pay_003896,cust_00540,2372.0,card,KOTAK,account_closed,2,3,3,0.334,0
pay_003897,cust_02536,2945.27,upi,HDFC,gateway_timeout,2,10,10,0.227,1
pay_003898,cust_00822,1700.41,card,SBI,bank_timeout,0,1,0,0.19,0
pay_003899,cust_01462,1209.17,upi,HDFC,invalid_card,1,18,18,0.168,1
pay_003900,cust_01089,2677.36,upi,KOTAK,insufficient_funds,1,17,10,0.136,0
pay_003901,cust_00356,6016.04,upi,AXIS,card_blocked,1,5,5,0.061,0
pay_003902,cust_00235,1104.66,upi,AXIS,invalid_card,2,13,3,0.234,0
pay_003903,cust_02275,1482.51,card,KOTAK,temporary_bank_failure,0,17,16,0.487,1
pay_003904,cust_01549,1847.0,card,AXIS,gateway_timeout,0,10,10,0.328,1
pay_003905,cust_02097,3127.27,card,HDFC,network_error,1,6,6,0.289,1
pay_003906,cust_00118,2383.6,upi,AXIS,insufficient_funds,2,14,14,0.252,1
pay_003907,cust_02102,3753.52,wallet,KOTAK,expired_card,0,0,0,0.441,1
pay_003908,cust_01674,8770.31,upi,KOTAK,insufficient_funds,2,9,9,0.131,0
pay_003909,cust_02613,1084.51,card,KOTAK,temporary_bank_failure,1,8,8,0.066,0
pay_003910,cust_01068,2944.76,card,ICICI,account_closed,1,15,1,0.049,0
pay_003911,cust_02101,2336.74,card,HDFC,bank_timeout,0,15,7,0.207,1
pay_003912,cust_00558,1835.79,card,KOTAK,bank_timeout,1,16,5,0.052,0
pay_003913,cust_01816,2936.19,upi,HDFC,gateway_timeout,0,11,9,0.431,1
pay_003914,cust_02006,1460.53,card,ICICI,expired_card,1,6,1,0.303,0
pay_003915,cust_02916,2341.24,card,HDFC,expired_card,0,1,1,0.177,0
pay_003916,cust_00398,636.36,card,SBI,temporary_bank_failure,1,2,2,0.2,1
pay_003917,cust_00675,1174.91,upi,ICICI,expired_card,1,5,5,0.244,0
pay_003918,cust_00387,4179.79,upi,ICICI,bank_timeout,2,18,12,0.27,0
pay_003919,cust_02159,4053.22,netbanking,AXIS,temporary_bank_failure,2,7,0,0.103,0
pay_003920,cust_02662,2225.08,card,KOTAK,expired_card,1,3,3,0.011,0
pay_003921,cust_02065,1258.35,netbanking,ICICI,network_error,0,6,6,0.158,1
pay_003922,cust_00884,3498.93,upi,HDFC,network_error,1,3,3,0.418,0
pay_003923,cust_00541,4861.93,card,SBI,bank_timeout,2,17,17,0.121,0
pay_003924,cust_00171,1299.98,card,HDFC,temporary_bank_failure,0,6,6,0.22,0
pay_003925,cust_02457,564.52,card,HDFC,account_closed,1,0,0,0.419,0
pay_003926,cust_00740,2589.73,upi,SBI,account_closed,1,4,4,0.127,0
pay_003927,cust_01402,3755.64,card,AXIS,account_closed,2,9,5,0.069,0
pay_003928,cust_02906,2892.82,netbanking,KOTAK,bank_timeout,0,13,5,0.205,1
pay_003929,cust_02278,6323.72,card,ICICI,card_blocked,0,0,0,0.164,0
pay_003930,cust_00119,6345.12,upi,KOTAK,insufficient_funds,0,11,11,0.099,1
pay_003931,cust_02832,1416.13,card,AXIS,account_closed,1,18,18,0.052,0
pay_003932,cust_02513,2120.05,upi,SBI,account_closed,2,1,1,0.092,0
pay_003933,cust_02152,1215.33,netbanking,KOTAK,insufficient_funds,1,13,6,0.297,0
pay_003934,cust_02746,798.19,wallet,HDFC,bank_timeout,2,2,2,0.044,1
pay_003935,cust_01996,836.52,card,ICICI,insufficient_funds,2,18,16,0.09,0
pay_003936,cust_01706,3208.69,card,ICICI,temporary_bank_failure,0,2,2,0.345,1
pay_003937,cust_01723,2303.79,netbanking,AXIS,network_error,1,12,11,0.074,1
pay_003938,cust_02223,3684.79,card,AXIS,network_error,0,16,6,0.167,0
pay_003939,cust_02793,13702.0,upi,SBI,insufficient_funds,2,2,2,0.039,0
pay_003940,cust_01698,2697.0,wallet,AXIS,bank_timeout,2,13,13,0.11,0
pay_003941,cust_01445,962.62,upi,KOTAK,account_closed,0,1,1,0.041,0
pay_003942,cust_01760,4138.55,card,ICICI,network_error,0,12,12,0.249,1
pay_003943,cust_01525,948.41,netbanking,SBI,insufficient_funds,2,8,0,0.219,0
pay_003944,cust_00665,7322.22,wallet,AXIS,bank_timeout,1,9,9,0.293,1
pay_003945,cust_00033,373.47,upi,HDFC,account_closed,0,7,0,0.164,0
pay_003946,cust_02103,1167.66,card,ICICI,expired_card,1,6,6,0.188,1
pay_003947,cust_02567,2974.14,netbanking,SBI,network_error,2,0,0,0.248,0
pay_003948,cust_02804,4637.9,wallet,ICICI,expired_card,0,7,7,0.286,0
pay_003949,cust_02060,1051.96,netbanking,KOTAK,bank_timeout,0,7,7,0.123,1
pay_003950,cust_01552,909.95,card,AXIS,invalid_card,2,5,5,0.095,1
pay_003951,cust_00720,2035.9,upi,AXIS,insufficient_funds,0,17,13,0.128,1
pay_003952,cust_02603,8326.47,upi,AXIS,bank_timeout,0,3,3,0.318,1
pay_003953,cust_02421,528.11,card,HDFC,insufficient_funds,1,10,10,0.112,0
pay_003954,cust_00484,1406.28,upi,KOTAK,network_error,0,19,17,0.303,1
pay_003955,cust_00973,2226.42,upi,HDFC,expired_card,1,15,6,0.157,0
pay_003956,cust_02671,956.46,netbanking,KOTAK,expired_card,0,11,11,0.37,1
pay_003957,cust_00307,953.84,netbanking,KOTAK,invalid_card,0,3,3,0.126,0
pay_003958,cust_00457,1500.1,card,KOTAK,account_closed,2,8,8,0.133,0
pay_003959,cust_02208,2285.11,upi,AXIS,expired_card,2,0,0,0.112,0
pay_003960,cust_00331,1546.81,upi,AXIS,insufficient_funds,0,5,5,0.295,0
pay_003961,cust_02824,5839.8,netbanking,AXIS,account_closed,1,0,0,0.097,0
pay_003962,cust_00225,2904.69,card,HDFC,account_closed,2,19,17,0.17,0
pay_003963,cust_02777,2456.59,upi,SBI,invalid_card,2,7,7,0.268,0
pay_003964,cust_01480,4113.88,upi,KOTAK,card_blocked,2,12,0,0.296,0
pay_003965,cust_01083,2491.51,netbanking,HDFC,card_blocked,0,18,0,0.31,0
pay_003966,cust_00644,1268.32,upi,AXIS,network_error,1,19,14,0.126,1
pay_003967,cust_00616,1464.81,upi,AXIS,network_error,1,3,3,0.049,1
pay_003968,cust_00195,732.49,wallet,SBI,gateway_timeout,0,6,6,0.206,0
pay_003969,cust_00489,8990.31,upi,AXIS,card_blocked,2,17,9,0.307,0
pay_003970,cust_02205,3806.93,card,KOTAK,bank_timeout,1,9,3,0.279,0
pay_003971,cust_02658,233.3,card,ICICI,expired_card,1,14,13,0.208,0
pay_003972,cust_01250,5252.73,netbanking,AXIS,account_closed,0,12,7,0.172,0
pay_003973,cust_02460,559.62,card,SBI,card_blocked,1,19,0,0.141,0
pay_003974,cust_01103,2742.25,upi,ICICI,insufficient_funds,1,17,1,0.104,0
pay_003975,cust_01148,310.06,upi,KOTAK,gateway_timeout,2,11,11,0.361,0
pay_003976,cust_02519,1283.69,wallet,KOTAK,network_error,2,14,9,0.213,0
pay_003977,cust_01242,5285.63,upi,KOTAK,card_blocked,2,7,3,0.343,0
pay_003978,cust_00516,5526.48,upi,SBI,card_blocked,1,10,10,0.239,0
pay_003979,cust_01626,2310.96,card,ICICI,invalid_card,2,2,2,0.092,1
pay_003980,cust_01128,3394.7,upi,KOTAK,card_blocked,0,13,4,0.416,0
pay_003981,cust_00393,583.56,card,AXIS,bank_timeout,2,7,7,0.471,0
pay_003982,cust_00631,2781.28,netbanking,ICICI,expired_card,2,5,5,0.497,0
pay_003983,cust_01848,3571.63,netbanking,KOTAK,temporary_bank_failure,1,0,0,0.132,0
pay_003984,cust_02656,14126.34,card,ICICI,invalid_card,2,9,9,0.22,0
pay_003985,cust_00980,1098.2,card,AXIS,bank_timeout,0,1,1,0.092,1
pay_003986,cust_00434,1831.78,upi,HDFC,network_error,2,7,1,0.072,0
pay_003987,cust_02588,1924.64,upi,KOTAK,account_closed,2,13,0,0.35,0
pay_003988,cust_00278,3161.71,upi,AXIS,invalid_card,0,0,0,0.045,0
pay_003989,cust_00233,3657.04,wallet,SBI,card_blocked,0,6,6,0.13,0
pay_003990,cust_01553,4224.82,netbanking,KOTAK,expired_card,2,0,0,0.056,1
pay_003991,cust_01595,3985.31,card,HDFC,temporary_bank_failure,1,4,0,0.229,1
pay_003992,cust_01114,552.86,card,AXIS,insufficient_funds,0,17,13,0.168,0
pay_003993,cust_02410,223.51,upi,AXIS,card_blocked,0,16,7,0.159,0
pay_003994,cust_00026,1198.11,netbanking,ICICI,expired_card,1,16,16,0.095,0
pay_003995,cust_01418,1757.53,upi,KOTAK,account_closed,0,12,4,0.329,0
pay_003996,cust_02555,1106.97,upi,HDFC,bank_timeout,0,3,2,0.085,0
pay_003997,cust_02315,1251.68,card,SBI,temporary_bank_failure,1,15,5,0.178,0
pay_003998,cust_00461,1381.6,netbanking,ICICI,card_blocked,2,16,4,0.302,0
pay_003999,cust_02504,2869.67,upi,KOTAK,bank_timeout,1,17,1,0.239,0
pay_004000,cust_01092,790.8,card,HDFC,insufficient_funds,2,1,1,0.101,1
pay_004001,cust_01007,1698.9,card,ICICI,temporary_bank_failure,0,11,3,0.317,1
pay_004002,cust_02911,1709.34,card,HDFC,expired_card,0,9,0,0.203,0
pay_004003,cust_01995,2817.93,netbanking,HDFC,network_error,2,8,8,0.219,1
pay_004004,cust_00491,4580.32,upi,ICICI,expired_card,1,3,3,0.046,0
pay_004005,cust_01073,6955.49,upi,ICICI,card_blocked,0,14,7,0.32,0
pay_004006,cust_02612,995.46,card,KOTAK,temporary_bank_failure,1,9,1,0.252,0
pay_004007,cust_00216,365.04,card,ICICI,insufficient_funds,2,8,2,0.372,0
pay_004008,cust_01724,1489.89,upi,KOTAK,bank_timeout,2,6,6,0.413,1
pay_004009,cust_01593,507.3,card,HDFC,gateway_timeout,2,10,6,0.097,1
pay_004010,cust_02607,16117.51,card,ICICI,gateway_timeout,1,1,1,0.114,0
pay_004011,cust_00159,899.37,card,KOTAK,insufficient_funds,1,19,6,0.067,1
pay_004012,cust_02537,2838.6,card,KOTAK,network_error,2,19,15,0.108,0
pay_004013,cust_00686,3817.13,upi,SBI,temporary_bank_failure,0,15,2,0.152,1
pay_004014,cust_02842,2374.39,netbanking,KOTAK,insufficient_funds,2,5,4,0.114,0
pay_004015,cust_01777,9522.15,card,KOTAK,account_closed,0,7,2,0.281,0
pay_004016,cust_02053,1537.66,upi,SBI,network_error,0,17,14,0.213,1
pay_004017,cust_01844,927.13,card,AXIS,expired_card,0,10,10,0.239,0
pay_004018,cust_02409,889.54,upi,ICICI,insufficient_funds,1,3,3,0.368,0
pay_004019,cust_02507,3294.48,netbanking,SBI,bank_timeout,0,3,3,0.115,1
pay_004020,cust_02296,1553.34,card,KOTAK,insufficient_funds,0,9,4,0.31,0
pay_004021,cust_01590,889.63,card,KOTAK,expired_card,2,15,12,0.195,0
pay_004022,cust_01697,2573.56,card,ICICI,insufficient_funds,0,2,0,0.12,0
pay_004023,cust_02994,3188.8,upi,HDFC,bank_timeout,0,11,11,0.264,1
pay_004024,cust_02470,2246.31,upi,SBI,account_closed,2,16,8,0.139,0
pay_004025,cust_01947,3713.3,card,AXIS,bank_timeout,1,4,4,0.039,0
pay_004026,cust_02063,1940.07,card,ICICI,network_error,0,2,2,0.147,0
pay_004027,cust_02784,1124.51,netbanking,ICICI,insufficient_funds,1,15,1,0.337,0
pay_004028,cust_01146,3460.33,upi,SBI,network_error,2,18,15,0.098,1
pay_004029,cust_02325,887.07,upi,KOTAK,bank_timeout,1,3,3,0.384,1
pay_004030,cust_01582,732.81,netbanking,KOTAK,insufficient_funds,0,8,8,0.215,1
pay_004031,cust_02501,4558.55,card,AXIS,expired_card,1,3,3,0.048,0
pay_004032,cust_02646,1368.84,netbanking,SBI,gateway_timeout,1,9,1,0.181,0
pay_004033,cust_02494,6853.72,wallet,ICICI,expired_card,2,16,13,0.109,0
pay_004034,cust_02258,3587.73,card,SBI,account_closed,2,15,14,0.192,0
pay_004035,cust_02762,1288.11,upi,HDFC,card_blocked,2,6,6,0.169,0
pay_004036,cust_02350,2667.71,upi,ICICI,network_error,2,14,14,0.093,1
pay_004037,cust_01933,13666.52,netbanking,AXIS,insufficient_funds,2,17,7,0.275,0
pay_004038,cust_01758,3305.75,card,AXIS,network_error,2,5,5,0.13,0
pay_004039,cust_02051,2879.46,upi,ICICI,account_closed,2,14,14,0.306,0
pay_004040,cust_00990,1123.52,wallet,KOTAK,account_closed,2,10,9,0.132,0
pay_004041,cust_01542,7908.11,netbanking,ICICI,temporary_bank_failure,1,19,12,0.209,0
pay_004042,cust_01117,5189.28,netbanking,ICICI,expired_card,2,4,4,0.236,0
pay_004043,cust_02568,1131.78,upi,HDFC,account_closed,1,15,1,0.516,0
pay_004044,cust_00493,8138.25,netbanking,ICICI,insufficient_funds,0,11,4,0.188,1
pay_004045,cust_00620,2062.76,card,SBI,expired_card,2,3,3,0.196,0
pay_004046,cust_02379,923.06,upi,SBI,invalid_card,0,1,1,0.199,0
pay_004047,cust_02381,1120.11,upi,AXIS,account_closed,2,15,0,0.213,0
pay_004048,cust_02098,3648.83,card,KOTAK,insufficient_funds,0,7,4,0.167,1
pay_004049,cust_01547,928.16,card,AXIS,card_blocked,1,16,10,0.334,0
pay_004050,cust_00863,748.08,upi,HDFC,insufficient_funds,2,8,7,0.368,0
pay_004051,cust_01692,1272.71,card,ICICI,network_error,1,5,5,0.018,1
pay_004052,cust_01606,1434.24,card,AXIS,insufficient_funds,0,3,3,0.37,0
pay_004053,cust_02320,1055.05,card,ICICI,temporary_bank_failure,1,12,12,0.074,1
pay_004054,cust_00580,1257.45,wallet,AXIS,gateway_timeout,2,13,0,0.094,1
pay_004055,cust_01891,3765.16,card,ICICI,invalid_card,1,11,4,0.24,0
pay_004056,cust_01276,2219.87,netbanking,AXIS,card_blocked,1,2,2,0.375,0
pay_004057,cust_02608,1196.9,card,SBI,account_closed,0,14,9,0.243,0
pay_004058,cust_02744,1283.98,upi,HDFC,temporary_bank_failure,0,14,14,0.004,1
pay_004059,cust_01856,1627.3,upi,AXIS,insufficient_funds,2,14,0,0.382,0
pay_004060,cust_02494,1703.55,upi,SBI,card_blocked,0,14,10,0.255,0
pay_004061,cust_01356,1709.32,netbanking,KOTAK,card_blocked,1,7,7,0.164,0
pay_004062,cust_01163,3656.27,upi,AXIS,card_blocked,0,16,5,0.104,0
pay_004063,cust_00357,2116.74,upi,ICICI,gateway_timeout,2,13,1,0.016,0
pay_004064,cust_01625,2167.15,card,HDFC,invalid_card,0,5,1,0.049,0
pay_004065,cust_02322,5661.41,upi,SBI,account_closed,2,16,16,0.368,0
pay_004066,cust_02007,8113.8,upi,SBI,bank_timeout,2,1,1,0.083,0
pay_004067,cust_02359,675.34,card,HDFC,network_error,1,10,10,0.059,0
pay_004068,cust_00870,511.26,netbanking,AXIS,account_closed,1,15,13,0.219,0
pay_004069,cust_00886,1367.14,netbanking,ICICI,gateway_timeout,1,18,11,0.074,0
pay_004070,cust_02002,3382.95,card,KOTAK,temporary_bank_failure,2,16,3,0.337,0
pay_004071,cust_02202,2442.53,netbanking,AXIS,temporary_bank_failure,0,5,5,0.51,1
pay_004072,cust_01414,4201.85,upi,HDFC,gateway_timeout,0,13,13,0.118,1
pay_004073,cust_01284,1320.95,card,AXIS,network_error,2,12,9,0.157,0
pay_004074,cust_00620,377.9,card,AXIS,bank_timeout,2,6,6,0.031,0
pay_004075,cust_00883,605.81,wallet,HDFC,network_error,0,12,4,0.196,1
pay_004076,cust_00797,2840.65,upi,HDFC,account_closed,0,5,5,0.104,0
pay_004077,cust_02173,4227.66,card,KOTAK,bank_timeout,2,1,1,0.152,0
pay_004078,cust_01297,393.3,upi,HDFC,gateway_timeout,0,4,4,0.166,1
pay_004079,cust_00619,5588.83,upi,HDFC,insufficient_funds,0,11,3,0.156,1
pay_004080,cust_01835,2622.03,upi,HDFC,invalid_card,2,14,5,0.044,0
pay_004081,cust_00245,1709.0,upi,SBI,network_error,2,5,5,0.049,0
pay_004082,cust_02896,1095.03,upi,HDFC,temporary_bank_failure,1,0,0,0.471,0
pay_004083,cust_02498,6457.06,upi,HDFC,bank_timeout,1,10,10,0.464,0
pay_004084,cust_00930,3705.62,netbanking,HDFC,account_closed,0,11,11,0.181,0
pay_004085,cust_01271,2677.55,wallet,KOTAK,expired_card,2,2,2,0.291,1
pay_004086,cust_00520,1007.15,upi,AXIS,network_error,0,18,0,0.054,0
pay_004087,cust_02410,6577.07,netbanking,HDFC,account_closed,2,12,3,0.13,0
pay_004088,cust_00008,1852.48,netbanking,HDFC,bank_timeout,0,10,10,0.222,1
pay_004089,cust_02526,2296.67,card,KOTAK,temporary_bank_failure,0,6,6,0.225,0
pay_004090,cust_02020,1916.87,netbanking,AXIS,insufficient_funds,2,11,11,0.312,0
pay_004091,cust_00495,980.01,card,KOTAK,insufficient_funds,1,17,15,0.506,0
pay_004092,cust_01630,2335.02,card,ICICI,expired_card,1,15,15,0.51,1
pay_004093,cust_02881,3157.55,upi,ICICI,temporary_bank_failure,2,7,7,0.112,0
pay_004094,cust_01063,1269.93,upi,ICICI,invalid_card,0,12,11,0.036,0
pay_004095,cust_02641,2180.39,upi,HDFC,gateway_timeout,0,16,7,0.255,1
pay_004096,cust_00187,1894.67,upi,KOTAK,bank_timeout,0,3,0,0.029,0
pay_004097,cust_02802,3759.74,card,HDFC,invalid_card,2,8,7,0.132,0
pay_004098,cust_01878,1423.46,wallet,ICICI,card_blocked,1,8,4,0.144,0
pay_004099,cust_02141,2167.34,card,AXIS,temporary_bank_failure,2,9,0,0.197,0
pay_004100,cust_00086,2565.06,netbanking,AXIS,insufficient_funds,1,10,10,0.311,0
pay_004101,cust_00137,1397.93,card,KOTAK,expired_card,1,0,0,0.154,1
pay_004102,cust_02469,934.22,upi,AXIS,account_closed,2,16,14,0.16,0
pay_004103,cust_02122,1064.13,upi,ICICI,network_error,1,6,6,0.238,1
pay_004104,cust_01637,2508.28,upi,KOTAK,insufficient_funds,1,10,9,0.264,0
pay_004105,cust_02219,1497.79,card,KOTAK,invalid_card,1,12,12,0.073,1
pay_004106,cust_01752,1481.97,card,ICICI,network_error,0,5,5,0.203,0
pay_004107,cust_02218,2931.64,card,ICICI,insufficient_funds,2,7,7,0.216,0
pay_004108,cust_01788,4087.11,upi,ICICI,insufficient_funds,0,9,9,0.286,0
pay_004109,cust_00872,4690.87,wallet,ICICI,account_closed,2,13,13,0.344,0
pay_004110,cust_02370,1107.65,card,KOTAK,invalid_card,0,11,11,0.203,1
pay_004111,cust_02504,3782.71,upi,AXIS,network_error,1,10,0,0.216,1
pay_004112,cust_00944,9585.3,upi,ICICI,network_error,0,6,6,0.317,0
pay_004113,cust_01627,1999.91,card,SBI,expired_card,0,12,12,0.07,0
pay_004114,cust_02838,1705.05,card,KOTAK,invalid_card,2,1,1,0.108,0
pay_004115,cust_02661,1443.16,card,HDFC,network_error,2,2,0,0.23,1
pay_004116,cust_02937,772.01,card,AXIS,gateway_timeout,0,0,0,0.325,0
pay_004117,cust_00349,3546.81,card,KOTAK,account_closed,2,5,4,0.07,0
pay_004118,cust_01677,1711.13,card,ICICI,bank_timeout,1,0,0,0.166,1
pay_004119,cust_01197,1603.96,card,SBI,gateway_timeout,1,1,1,0.07,1
pay_004120,cust_00010,3133.4,netbanking,HDFC,expired_card,1,9,1,0.066,0
pay_004121,cust_02788,3373.1,netbanking,AXIS,invalid_card,2,11,11,0.181,0
pay_004122,cust_01462,1118.03,upi,ICICI,expired_card,2,4,4,0.298,0
pay_004123,cust_00667,1139.6,upi,KOTAK,gateway_timeout,0,8,2,0.354,1
pay_004124,cust_02594,1099.84,card,KOTAK,card_blocked,2,11,8,0.3,0
pay_004125,cust_01523,9806.61,card,AXIS,bank_timeout,0,7,7,0.375,1
pay_004126,cust_02177,5894.16,card,SBI,insufficient_funds,2,9,5,0.042,1
pay_004127,cust_00601,3183.17,upi,ICICI,insufficient_funds,2,13,13,0.044,0
pay_004128,cust_02653,1338.99,netbanking,AXIS,network_error,0,19,7,0.026,1
pay_004129,cust_00327,1472.12,card,AXIS,insufficient_funds,1,14,14,0.294,1
pay_004130,cust_00980,2418.13,upi,KOTAK,network_error,2,7,2,0.232,1
pay_004131,cust_02452,10586.18,upi,AXIS,gateway_timeout,0,8,7,0.06,0
pay_004132,cust_00629,2278.11,netbanking,HDFC,gateway_timeout,2,4,4,0.074,1
pay_004133,cust_01630,2716.39,card,HDFC,invalid_card,2,0,0,0.145,0
pay_004134,cust_02766,235.29,card,ICICI,card_blocked,2,10,6,0.12,0
pay_004135,cust_00274,2221.78,netbanking,AXIS,network_error,2,3,3,0.181,0
pay_004136,cust_00685,592.83,card,KOTAK,card_blocked,2,5,5,0.067,0
pay_004137,cust_00116,1224.64,upi,ICICI,card_blocked,0,16,8,0.363,0
pay_004138,cust_00861,1877.15,netbanking,SBI,bank_timeout,2,3,3,0.386,1
pay_004139,cust_02004,1419.87,netbanking,KOTAK,card_blocked,0,4,4,0.415,0
pay_004140,cust_00693,1087.06,card,SBI,insufficient_funds,0,13,13,0.272,1
pay_004141,cust_01106,1094.84,card,ICICI,account_closed,1,17,6,0.092,0
pay_004142,cust_02372,1527.15,card,HDFC,card_blocked,0,2,2,0.202,0
pay_004143,cust_02162,1474.73,upi,KOTAK,account_closed,0,10,4,0.142,0
pay_004144,cust_01793,1837.6,upi,KOTAK,gateway_timeout,1,14,1,0.074,1
pay_004145,cust_00154,1730.94,wallet,ICICI,expired_card,2,6,1,0.287,0
pay_004146,cust_01901,5029.63,upi,KOTAK,insufficient_funds,1,3,3,0.38,1
pay_004147,cust_01428,350.84,upi,KOTAK,temporary_bank_failure,2,5,4,0.054,0
pay_004148,cust_01290,2199.49,card,ICICI,network_error,2,9,9,0.077,0
pay_004149,cust_00315,1913.73,card,AXIS,gateway_timeout,0,6,3,0.14,0
pay_004150,cust_01065,1624.0,card,ICICI,invalid_card,2,2,2,0.318,0
pay_004151,cust_00105,1027.98,card,KOTAK,account_closed,1,14,14,0.118,0
pay_004152,cust_01925,1603.96,netbanking,ICICI,card_blocked,1,15,10,0.217,0
pay_004153,cust_01914,489.41,upi,KOTAK,temporary_bank_failure,2,2,2,0.243,0
pay_004154,cust_01217,2133.19,card,SBI,expired_card,1,11,5,0.312,0
pay_004155,cust_01425,2466.23,upi,SBI,expired_card,1,4,4,0.295,0
pay_004156,cust_02402,1029.41,card,HDFC,network_error,0,4,4,0.338,1
pay_004157,cust_01773,8540.31,card,ICICI,temporary_bank_failure,0,0,0,0.284,1
pay_004158,cust_01961,1641.96,netbanking,ICICI,temporary_bank_failure,0,5,5,0.224,1
pay_004159,cust_02781,1872.93,netbanking,SBI,card_blocked,2,14,1,0.31,0
pay_004160,cust_01604,5263.89,card,SBI,card_blocked,0,12,7,0.077,0
pay_004161,cust_00709,10033.64,upi,SBI,account_closed,1,6,6,0.063,0
pay_004162,cust_00651,736.07,upi,HDFC,insufficient_funds,0,17,17,0.542,0
pay_004163,cust_02872,1139.41,card,HDFC,network_error,1,18,2,0.322,1
pay_004164,cust_00947,1665.46,upi,AXIS,card_blocked,0,5,5,0.089,0
pay_004165,cust_00661,997.95,card,ICICI,network_error,1,7,7,0.188,1
pay_004166,cust_02147,3557.77,card,HDFC,insufficient_funds,0,2,1,0.071,0
pay_004167,cust_02636,913.8,card,KOTAK,network_error,0,16,16,0.113,1
pay_004168,cust_02330,4980.48,card,ICICI,card_blocked,0,13,0,0.142,0
pay_004169,cust_02451,2977.73,card,AXIS,bank_timeout,0,19,16,0.13,0
pay_004170,cust_01133,4588.16,card,SBI,network_error,1,13,4,0.241,1
pay_004171,cust_00700,917.08,upi,AXIS,invalid_card,0,1,1,0.267,0
pay_004172,cust_02247,1330.36,upi,ICICI,network_error,2,3,3,0.468,0
pay_004173,cust_02039,3708.52,card,SBI,card_blocked,0,8,6,0.35,0
pay_004174,cust_02375,3207.59,card,AXIS,temporary_bank_failure,0,15,13,0.451,1
pay_004175,cust_02202,1437.29,card,AXIS,card_blocked,2,0,0,0.332,0
pay_004176,cust_00552,1610.62,netbanking,ICICI,expired_card,1,1,1,0.15,1
pay_004177,cust_00405,1277.32,card,HDFC,expired_card,2,11,2,0.122,0
pay_004178,cust_00462,1576.31,netbanking,KOTAK,card_blocked,1,15,4,0.152,0
pay_004179,cust_02180,835.25,card,AXIS,insufficient_funds,2,14,14,0.274,0
pay_004180,cust_02839,730.28,netbanking,KOTAK,gateway_timeout,2,18,4,0.144,0
pay_004181,cust_00874,4041.39,card,ICICI,network_error,2,19,12,0.159,0
pay_004182,cust_00084,1534.07,card,ICICI,bank_timeout,1,5,4,0.197,0
pay_004183,cust_01423,4541.73,upi,HDFC,invalid_card,0,19,1,0.135,1
pay_004184,cust_02802,2912.56,upi,SBI,bank_timeout,0,18,12,0.271,1
pay_004185,cust_02676,2320.66,upi,KOTAK,gateway_timeout,2,14,5,0.366,0
pay_004186,cust_00221,1024.36,card,AXIS,gateway_timeout,1,3,3,0.248,1
pay_004187,cust_02601,686.34,card,SBI,expired_card,1,15,7,0.093,1
pay_004188,cust_01392,1254.48,upi,KOTAK,temporary_bank_failure,0,10,10,0.175,0
pay_004189,cust_00112,6158.16,netbanking,KOTAK,account_closed,1,6,6,0.334,0
pay_004190,cust_00615,3681.83,wallet,SBI,network_error,1,1,1,0.261,0
pay_004191,cust_01582,1164.06,upi,SBI,invalid_card,2,6,0,0.136,0
pay_004192,cust_02972,1265.92,card,HDFC,account_closed,1,11,11,0.19,0
pay_004193,cust_00475,859.82,card,AXIS,network_error,1,13,6,0.178,1
pay_004194,cust_02884,524.44,netbanking,AXIS,invalid_card,2,14,6,0.156,0
pay_004195,cust_01914,1961.14,netbanking,AXIS,expired_card,0,19,15,0.172,1
pay_004196,cust_00271,7187.24,netbanking,SBI,account_closed,0,6,6,0.157,0
pay_004197,cust_02469,7259.79,upi,HDFC,insufficient_funds,1,17,4,0.145,0
pay_004198,cust_01921,2940.47,netbanking,ICICI,network_error,2,10,10,0.203,1
pay_004199,cust_02755,1116.4,netbanking,HDFC,card_blocked,0,9,9,0.299,0
pay_004200,cust_01391,567.03,upi,SBI,invalid_card,1,13,4,0.154,1
pay_004201,cust_00040,4178.26,upi,HDFC,bank_timeout,0,2,2,0.377,1
pay_004202,cust_01983,2585.76,card,SBI,card_blocked,1,17,17,0.186,0
pay_004203,cust_02237,1403.91,upi,KOTAK,card_blocked,0,11,3,0.088,0
pay_004204,cust_00994,1228.28,wallet,KOTAK,temporary_bank_failure,2,0,0,0.101,0
pay_004205,cust_02013,2922.95,card,ICICI,bank_timeout,2,12,12,0.019,0
pay_004206,cust_02584,933.28,upi,KOTAK,insufficient_funds,0,1,1,0.197,0
pay_004207,cust_00290,2189.41,card,ICICI,card_blocked,2,14,2,0.264,0
pay_004208,cust_02481,681.4,netbanking,AXIS,bank_timeout,0,10,10,0.085,1
pay_004209,cust_02519,10751.59,upi,SBI,insufficient_funds,0,5,5,0.327,1
pay_004210,cust_02676,1043.53,netbanking,AXIS,invalid_card,2,5,5,0.222,0
pay_004211,cust_00279,3037.28,upi,AXIS,bank_timeout,1,11,11,0.033,1
pay_004212,cust_02925,693.38,card,ICICI,insufficient_funds,2,15,14,0.216,0
pay_004213,cust_00581,1586.68,card,SBI,bank_timeout,1,15,15,0.161,0
pay_004214,cust_00863,3669.07,upi,ICICI,insufficient_funds,1,9,9,0.397,0
pay_004215,cust_00254,4362.34,card,HDFC,gateway_timeout,1,16,9,0.258,0
pay_004216,cust_00181,3329.68,upi,AXIS,network_error,0,19,14,0.197,1
pay_004217,cust_00681,1618.74,card,SBI,account_closed,1,1,1,0.175,0
pay_004218,cust_00825,1061.29,netbanking,AXIS,gateway_timeout,1,12,12,0.223,0
pay_004219,cust_00700,763.46,card,HDFC,expired_card,2,16,8,0.147,1
pay_004220,cust_02614,6021.18,netbanking,HDFC,invalid_card,0,8,8,0.089,1
pay_004221,cust_01350,1963.92,upi,SBI,network_error,0,14,0,0.674,1
pay_004222,cust_01381,2276.95,card,SBI,bank_timeout,1,6,1,0.177,1
pay_004223,cust_01674,4593.03,upi,HDFC,bank_timeout,2,12,5,0.389,0
pay_004224,cust_02728,2891.08,netbanking,AXIS,temporary_bank_failure,1,9,8,0.224,0
pay_004225,cust_02439,1632.82,upi,KOTAK,account_closed,0,17,17,0.094,0
pay_004226,cust_01639,3279.75,card,AXIS,invalid_card,2,9,0,0.026,0
pay_004227,cust_01958,1098.79,wallet,KOTAK,account_closed,0,17,9,0.28,0
pay_004228,cust_00212,522.74,card,ICICI,invalid_card,0,13,3,0.287,1
pay_004229,cust_01539,5594.13,card,SBI,bank_timeout,0,18,13,0.18,1
pay_004230,cust_00384,1174.55,upi,HDFC,gateway_timeout,0,0,0,0.064,1
pay_004231,cust_01715,1417.38,card,ICICI,bank_timeout,0,3,3,0.167,1
pay_004232,cust_00342,1521.02,upi,AXIS,bank_timeout,2,13,4,0.364,1
pay_004233,cust_01839,1116.81,upi,KOTAK,insufficient_funds,2,4,4,0.291,0
pay_004234,cust_01988,4363.66,upi,SBI,temporary_bank_failure,0,4,4,0.265,1
pay_004235,cust_00844,2439.54,card,KOTAK,insufficient_funds,1,19,2,0.099,0
pay_004236,cust_01535,1417.95,upi,AXIS,bank_timeout,1,13,13,0.214,1
pay_004237,cust_00420,651.62,upi,AXIS,insufficient_funds,0,7,7,0.425,0
pay_004238,cust_02799,2305.47,upi,HDFC,bank_timeout,2,11,8,0.059,0
pay_004239,cust_01989,254.55,netbanking,ICICI,gateway_timeout,1,16,14,0.377,1
pay_004240,cust_01933,2178.08,card,SBI,temporary_bank_failure,2,2,2,0.359,1
pay_004241,cust_01850,5295.14,upi,HDFC,network_error,2,3,2,0.082,0
pay_004242,cust_00306,1903.88,upi,KOTAK,temporary_bank_failure,1,4,4,0.046,0
pay_004243,cust_02750,4746.02,upi,ICICI,bank_timeout,1,0,0,0.171,1
pay_004244,cust_00869,676.31,upi,SBI,temporary_bank_failure,2,1,1,0.107,0
pay_004245,cust_02585,9235.71,card,KOTAK,bank_timeout,1,4,4,0.19,0
pay_004246,cust_01136,4349.55,card,SBI,card_blocked,0,18,15,0.317,0
pay_004247,cust_01435,2645.92,upi,SBI,bank_timeout,1,4,4,0.289,1
pay_004248,cust_00206,1120.22,upi,ICICI,card_blocked,2,12,12,0.238,0
pay_004249,cust_00496,980.81,card,KOTAK,insufficient_funds,2,4,4,0.229,0
pay_004250,cust_01910,1708.33,upi,HDFC,insufficient_funds,2,7,7,0.105,1
pay_004251,cust_02552,4732.56,netbanking,HDFC,invalid_card,2,8,1,0.086,0
pay_004252,cust_01046,631.18,card,HDFC,expired_card,2,14,2,0.204,0
pay_004253,cust_00213,1823.16,wallet,SBI,network_error,2,2,2,0.199,1
pay_004254,cust_00310,3253.14,card,AXIS,bank_timeout,0,0,0,0.05,1
pay_004255,cust_02709,3802.75,upi,ICICI,invalid_card,2,19,15,0.364,1
pay_004256,cust_01992,3245.38,upi,HDFC,bank_timeout,2,6,6,0.1,1
pay_004257,cust_02801,581.68,card,ICICI,insufficient_funds,0,12,12,0.25,1
pay_004258,cust_00272,4471.25,netbanking,SBI,card_blocked,2,2,2,0.122,0
pay_004259,cust_01823,1907.89,upi,ICICI,insufficient_funds,2,9,9,0.25,0
pay_004260,cust_02986,758.64,card,HDFC,temporary_bank_failure,0,17,16,0.314,1
pay_004261,cust_02080,1773.42,upi,HDFC,network_error,1,15,4,0.027,0
pay_004262,cust_00443,377.31,upi,SBI,bank_timeout,1,8,8,0.09,0
pay_004263,cust_02210,2871.64,wallet,SBI,insufficient_funds,2,14,11,0.152,0
pay_004264,cust_02815,1632.44,card,KOTAK,insufficient_funds,1,13,6,0.231,1
pay_004265,cust_00254,654.52,card,SBI,insufficient_funds,1,18,6,0.051,0
pay_004266,cust_00521,1433.59,card,AXIS,network_error,0,5,3,0.042,1
pay_004267,cust_00977,1026.62,upi,AXIS,network_error,1,6,5,0.145,1
pay_004268,cust_00010,1080.45,upi,HDFC,card_blocked,2,4,4,0.059,0
pay_004269,cust_02774,296.24,wallet,SBI,bank_timeout,0,12,7,0.069,1
pay_004270,cust_02553,474.5,upi,AXIS,temporary_bank_failure,1,4,4,0.187,1
pay_004271,cust_02833,1504.54,netbanking,AXIS,bank_timeout,2,13,13,0.128,1
pay_004272,cust_01584,1311.07,wallet,KOTAK,network_error,0,0,0,0.089,1
pay_004273,cust_02484,3940.97,card,SBI,card_blocked,2,19,15,0.253,0
pay_004274,cust_01135,1090.7,card,KOTAK,bank_timeout,1,0,0,0.219,0
pay_004275,cust_00153,1186.09,card,ICICI,insufficient_funds,2,8,8,0.2,0
pay_004276,cust_01659,1231.28,card,KOTAK,temporary_bank_failure,1,8,8,0.155,1
pay_004277,cust_02965,1544.38,upi,ICICI,expired_card,1,14,1,0.015,0
pay_004278,cust_02917,1945.3,card,ICICI,account_closed,1,4,2,0.098,0
pay_004279,cust_02801,1306.28,card,SBI,temporary_bank_failure,1,6,6,0.382,0
pay_004280,cust_01857,2855.43,card,ICICI,bank_timeout,1,1,1,0.204,1
pay_004281,cust_01215,11386.42,card,ICICI,network_error,0,10,10,0.181,1
pay_004282,cust_01753,934.16,card,KOTAK,gateway_timeout,1,9,4,0.077,0
pay_004283,cust_02611,2473.68,card,SBI,insufficient_funds,0,18,2,0.163,1
pay_004284,cust_01105,1851.26,card,SBI,card_blocked,2,4,4,0.527,0
pay_004285,cust_02537,4178.17,card,ICICI,bank_timeout,2,14,9,0.242,0
pay_004286,cust_00895,2126.86,netbanking,KOTAK,invalid_card,0,1,1,0.056,0
pay_004287,cust_01112,1011.15,card,KOTAK,bank_timeout,0,10,7,0.136,1
pay_004288,cust_00104,711.91,netbanking,KOTAK,bank_timeout,2,3,3,0.31,1
pay_004289,cust_01915,2946.55,upi,KOTAK,expired_card,0,16,1,0.01,1
pay_004290,cust_01007,759.73,upi,HDFC,account_closed,0,1,1,0.269,0
pay_004291,cust_00407,4661.03,upi,ICICI,temporary_bank_failure,1,9,9,0.178,1
pay_004292,cust_01402,2814.54,card,ICICI,network_error,2,10,10,0.279,0
pay_004293,cust_00167,1937.91,card,ICICI,insufficient_funds,0,0,0,0.262,1
pay_004294,cust_00509,632.83,upi,SBI,invalid_card,0,17,4,0.346,0
pay_004295,cust_01662,3103.42,netbanking,SBI,account_closed,0,4,4,0.062,0
pay_004296,cust_02361,6590.69,wallet,KOTAK,network_error,1,4,4,0.301,1
pay_004297,cust_00763,1286.81,upi,SBI,invalid_card,2,3,3,0.174,1
pay_004298,cust_00681,998.72,card,AXIS,temporary_bank_failure,2,8,8,0.048,0
pay_004299,cust_02525,1679.71,upi,ICICI,insufficient_funds,0,18,14,0.407,0
pay_004300,cust_02121,2626.88,upi,ICICI,network_error,0,2,0,0.303,0
pay_004301,cust_01165,1182.07,netbanking,HDFC,bank_timeout,1,14,14,0.06,1
pay_004302,cust_00582,3712.12,card,HDFC,card_blocked,0,13,13,0.144,0
pay_004303,cust_00262,8337.96,netbanking,AXIS,insufficient_funds,0,0,0,0.245,1
pay_004304,cust_01364,2354.77,card,HDFC,bank_timeout,1,9,6,0.12,0
pay_004305,cust_01332,1394.11,upi,KOTAK,invalid_card,0,12,11,0.073,1
pay_004306,cust_02293,2570.88,wallet,KOTAK,expired_card,2,11,8,0.164,0
pay_004307,cust_01539,4637.08,netbanking,ICICI,temporary_bank_failure,2,0,0,0.122,1
pay_004308,cust_00561,2054.34,upi,KOTAK,insufficient_funds,2,1,1,0.455,0
pay_004309,cust_01100,2665.31,card,HDFC,gateway_timeout,1,10,2,0.106,0
pay_004310,cust_01904,3177.38,card,AXIS,temporary_bank_failure,1,11,11,0.354,1
pay_004311,cust_00175,897.53,card,KOTAK,card_blocked,2,0,0,0.132,0
pay_004312,cust_02157,2610.5,upi,ICICI,insufficient_funds,2,9,9,0.264,0
pay_004313,cust_02231,617.97,upi,ICICI,account_closed,1,2,2,0.125,0
pay_004314,cust_00192,1067.69,upi,HDFC,insufficient_funds,0,8,2,0.425,1
pay_004315,cust_00065,4521.19,upi,KOTAK,expired_card,0,16,8,0.15,0
pay_004316,cust_01498,3629.42,upi,HDFC,bank_timeout,1,18,7,0.189,0
pay_004317,cust_01568,1456.59,upi,ICICI,insufficient_funds,2,17,7,0.271,0
pay_004318,cust_02912,7077.21,netbanking,AXIS,expired_card,1,4,4,0.261,0
pay_004319,cust_01152,633.87,card,KOTAK,bank_timeout,2,6,6,0.105,1
pay_004320,cust_01938,1534.45,netbanking,AXIS,expired_card,1,14,5,0.106,1
pay_004321,cust_00369,2253.15,card,KOTAK,bank_timeout,1,5,5,0.172,1
pay_004322,cust_00851,191.22,upi,ICICI,invalid_card,1,4,4,0.107,0
pay_004323,cust_00043,1593.79,netbanking,KOTAK,card_blocked,1,18,13,0.353,0
pay_004324,cust_01908,735.39,card,ICICI,insufficient_funds,1,12,12,0.288,0
pay_004325,cust_02536,748.9,card,SBI,bank_timeout,1,6,6,0.151,0
pay_004326,cust_00078,1454.21,card,ICICI,insufficient_funds,2,1,1,0.013,0
pay_004327,cust_02874,419.67,card,ICICI,invalid_card,2,5,5,0.117,0
pay_004328,cust_01825,947.32,upi,KOTAK,card_blocked,0,14,12,0.222,0
pay_004329,cust_01294,427.59,card,AXIS,bank_timeout,1,4,4,0.201,1
pay_004330,cust_00674,1996.26,card,ICICI,invalid_card,0,4,4,0.153,1
pay_004331,cust_00701,1965.45,upi,KOTAK,bank_timeout,0,3,3,0.348,1
pay_004332,cust_00759,1368.08,upi,ICICI,invalid_card,1,12,12,0.076,0
pay_004333,cust_01924,4012.45,card,HDFC,account_closed,1,17,13,0.223,0
pay_004334,cust_02776,1426.63,upi,HDFC,account_closed,0,0,0,0.051,0
pay_004335,cust_02973,1774.96,upi,HDFC,expired_card,0,2,2,0.361,1
pay_004336,cust_00902,875.85,card,HDFC,insufficient_funds,1,6,5,0.02,0
pay_004337,cust_02937,286.4,upi,AXIS,account_closed,1,0,0,0.166,0
pay_004338,cust_00993,1609.58,netbanking,ICICI,insufficient_funds,1,13,0,0.09,0
pay_004339,cust_01192,1449.89,card,HDFC,network_error,2,14,14,0.046,0
pay_004340,cust_02387,7100.55,upi,KOTAK,card_blocked,0,15,13,0.395,0
pay_004341,cust_02241,3083.92,netbanking,HDFC,gateway_timeout,0,4,1,0.283,1
pay_004342,cust_01477,1299.2,netbanking,SBI,insufficient_funds,0,2,2,0.134,0
pay_004343,cust_02331,2025.01,upi,SBI,network_error,2,16,0,0.09,1
pay_004344,cust_00390,3735.42,upi,AXIS,bank_timeout,0,4,1,0.127,1
pay_004345,cust_01000,2733.68,upi,SBI,insufficient_funds,1,0,0,0.345,0
pay_004346,cust_00525,6871.41,upi,KOTAK,insufficient_funds,2,12,0,0.108,0
pay_004347,cust_01856,961.49,upi,HDFC,temporary_bank_failure,0,17,17,0.109,0
pay_004348,cust_01507,3944.3,card,SBI,temporary_bank_failure,2,0,0,0.256,1
pay_004349,cust_00659,1289.1,card,SBI,gateway_timeout,2,18,13,0.132,1
pay_004350,cust_02764,2110.95,card,AXIS,invalid_card,1,5,5,0.151,1
pay_004351,cust_00891,1157.32,card,SBI,temporary_bank_failure,2,8,8,0.27,0
pay_004352,cust_01482,1613.88,upi,HDFC,card_blocked,1,13,13,0.252,0
pay_004353,cust_00452,2141.47,wallet,ICICI,bank_timeout,1,10,10,0.074,1
pay_004354,cust_02476,2906.2,wallet,HDFC,card_blocked,0,3,2,0.238,0
pay_004355,cust_01538,1899.01,upi,SBI,expired_card,1,6,6,0.094,0
pay_004356,cust_00883,247.42,wallet,SBI,temporary_bank_failure,0,17,14,0.464,1
pay_004357,cust_00313,1700.1,wallet,SBI,bank_timeout,0,17,4,0.175,0
pay_004358,cust_00840,5862.44,netbanking,AXIS,invalid_card,0,5,5,0.277,1
pay_004359,cust_02567,1689.36,card,KOTAK,card_blocked,1,4,4,0.107,0
pay_004360,cust_00375,5995.63,card,HDFC,card_blocked,0,5,5,0.154,0
pay_004361,cust_00451,1642.28,upi,SBI,gateway_timeout,1,1,1,0.227,0
pay_004362,cust_00595,514.1,card,ICICI,bank_timeout,1,1,1,0.177,1
pay_004363,cust_01234,1278.75,netbanking,AXIS,temporary_bank_failure,0,0,0,0.035,1
pay_004364,cust_00500,1156.62,card,KOTAK,temporary_bank_failure,1,17,8,0.059,0
pay_004365,cust_00464,1504.74,card,SBI,bank_timeout,0,9,9,0.107,0
pay_004366,cust_00113,700.47,card,HDFC,insufficient_funds,0,6,6,0.22,0
pay_004367,cust_01036,1795.33,upi,ICICI,insufficient_funds,0,1,1,0.445,1
pay_004368,cust_02379,1390.46,upi,AXIS,expired_card,2,18,14,0.144,0
pay_004369,cust_01925,5065.91,upi,HDFC,bank_timeout,1,9,9,0.126,1
pay_004370,cust_00140,686.64,card,HDFC,temporary_bank_failure,2,11,11,0.199,1
pay_004371,cust_01425,2200.71,upi,AXIS,temporary_bank_failure,2,11,6,0.114,0
pay_004372,cust_02950,2511.97,upi,HDFC,account_closed,1,14,14,0.102,0
pay_004373,cust_00517,3360.97,upi,ICICI,account_closed,1,17,8,0.147,0
pay_004374,cust_02617,1351.72,card,ICICI,network_error,0,0,0,0.131,1
pay_004375,cust_01948,2157.36,card,HDFC,insufficient_funds,2,5,5,0.047,0
pay_004376,cust_02894,2398.56,card,SBI,gateway_timeout,1,8,8,0.493,0
pay_004377,cust_02166,483.62,upi,HDFC,insufficient_funds,0,5,5,0.333,1
pay_004378,cust_00888,1391.09,card,SBI,temporary_bank_failure,1,5,5,0.562,0
pay_004379,cust_01342,1761.41,card,HDFC,insufficient_funds,1,5,5,0.206,1
pay_004380,cust_00050,1934.61,card,KOTAK,bank_timeout,0,15,3,0.134,1
pay_004381,cust_00019,1915.76,upi,ICICI,expired_card,1,14,14,0.349,0
pay_004382,cust_00726,2565.78,upi,HDFC,temporary_bank_failure,0,7,7,0.094,1
pay_004383,cust_02245,8519.25,upi,ICICI,insufficient_funds,2,1,1,0.085,0
pay_004384,cust_01474,1122.89,upi,AXIS,insufficient_funds,0,10,5,0.177,0
pay_004385,cust_02607,2452.68,card,KOTAK,account_closed,1,8,6,0.115,0
pay_004386,cust_00452,5120.68,card,SBI,bank_timeout,2,15,7,0.134,0
pay_004387,cust_02337,428.84,card,AXIS,insufficient_funds,2,1,1,0.043,0
pay_004388,cust_01165,2240.61,card,KOTAK,account_closed,0,10,6,0.14,0
pay_004389,cust_01108,471.4,netbanking,AXIS,temporary_bank_failure,0,16,8,0.156,0
pay_004390,cust_02439,10388.58,upi,ICICI,gateway_timeout,0,5,5,0.079,1
pay_004391,cust_00215,2745.29,upi,KOTAK,bank_timeout,2,5,5,0.219,1
pay_004392,cust_01550,2464.32,card,AXIS,invalid_card,0,8,8,0.142,1
pay_004393,cust_02263,403.95,card,SBI,bank_timeout,1,0,0,0.103,1
pay_004394,cust_00128,1207.62,card,KOTAK,expired_card,2,11,3,0.279,0
pay_004395,cust_01846,1212.16,upi,KOTAK,gateway_timeout,0,10,4,0.207,0
pay_004396,cust_00760,7429.13,card,AXIS,temporary_bank_failure,2,16,7,0.311,0
pay_004397,cust_02452,3240.1,card,HDFC,insufficient_funds,1,6,3,0.184,0
pay_004398,cust_01816,481.86,upi,SBI,insufficient_funds,1,3,3,0.177,1
pay_004399,cust_02386,2632.27,wallet,SBI,gateway_timeout,1,8,8,0.108,0
pay_004400,cust_02879,543.31,card,AXIS,temporary_bank_failure,0,18,1,0.178,0
pay_004401,cust_02762,491.04,card,ICICI,insufficient_funds,0,14,14,0.202,1
pay_004402,cust_00361,2598.62,card,ICICI,network_error,2,5,5,0.111,1
pay_004403,cust_00569,3280.71,upi,HDFC,bank_timeout,0,3,3,0.177,1
pay_004404,cust_01416,2609.73,card,HDFC,invalid_card,2,4,4,0.141,0
pay_004405,cust_02266,8132.84,upi,AXIS,expired_card,0,12,0,0.071,1
pay_004406,cust_01598,2428.43,upi,ICICI,bank_timeout,1,4,4,0.184,1
pay_004407,cust_01693,2071.6,card,SBI,network_error,0,1,1,0.196,1
pay_004408,cust_00202,683.48,card,ICICI,bank_timeout,0,10,10,0.416,1
pay_004409,cust_02065,3590.66,card,AXIS,invalid_card,0,17,2,0.428,1
pay_004410,cust_02370,482.43,card,ICICI,invalid_card,1,14,8,0.189,0
pay_004411,cust_00518,9102.42,card,KOTAK,gateway_timeout,2,16,16,0.255,0
pay_004412,cust_01349,3628.73,upi,AXIS,account_closed,0,16,1,0.092,0
pay_004413,cust_01436,16845.48,upi,KOTAK,card_blocked,1,19,14,0.426,0
pay_004414,cust_01342,2468.74,card,AXIS,card_blocked,0,18,8,0.33,0
pay_004415,cust_00681,3774.91,upi,SBI,card_blocked,0,19,6,0.145,0
pay_004416,cust_01989,1448.47,card,AXIS,account_closed,1,15,15,0.035,0
pay_004417,cust_01492,1746.51,upi,AXIS,network_error,0,10,10,0.201,1
pay_004418,cust_00425,779.59,netbanking,AXIS,bank_timeout,0,16,16,0.076,0
pay_004419,cust_01969,567.84,netbanking,AXIS,account_closed,0,7,7,0.196,0
pay_004420,cust_01713,2104.01,card,HDFC,temporary_bank_failure,0,7,3,0.159,0
pay_004421,cust_02435,1738.28,upi,KOTAK,temporary_bank_failure,0,11,1,0.153,0
pay_004422,cust_00778,764.5,upi,AXIS,bank_timeout,1,14,14,0.059,0
pay_004423,cust_02146,880.96,card,AXIS,expired_card,1,3,3,0.236,1
pay_004424,cust_01827,1855.62,upi,HDFC,gateway_timeout,0,7,0,0.255,1
pay_004425,cust_00208,754.08,netbanking,ICICI,network_error,0,14,12,0.376,1
pay_004426,cust_01538,2405.03,card,HDFC,expired_card,2,4,4,0.19,0
pay_004427,cust_01660,773.04,upi,HDFC,card_blocked,1,9,9,0.349,0
pay_004428,cust_02634,2218.72,upi,HDFC,insufficient_funds,0,19,16,0.147,1
pay_004429,cust_02214,720.13,card,AXIS,insufficient_funds,2,18,10,0.159,0
pay_004430,cust_00022,722.55,card,HDFC,network_error,1,14,8,0.325,1
pay_004431,cust_00154,273.2,card,HDFC,network_error,2,5,2,0.152,0
pay_004432,cust_01963,1590.46,card,HDFC,insufficient_funds,2,8,8,0.267,0
pay_004433,cust_00219,5786.32,card,AXIS,account_closed,0,5,5,0.354,0
pay_004434,cust_00669,5529.57,card,SBI,account_closed,0,8,8,0.331,0
pay_004435,cust_01519,2343.16,card,SBI,expired_card,1,7,7,0.246,0
pay_004436,cust_02278,364.74,upi,ICICI,temporary_bank_failure,2,15,14,0.169,0
pay_004437,cust_02068,3551.41,card,AXIS,invalid_card,2,9,9,0.092,1
pay_004438,cust_02601,2165.77,card,HDFC,temporary_bank_failure,0,8,1,0.088,1
pay_004439,cust_00950,1306.1,card,HDFC,network_error,1,7,5,0.134,1
pay_004440,cust_02196,4749.97,card,HDFC,invalid_card,0,13,2,0.242,1
pay_004441,cust_00403,2958.26,card,SBI,invalid_card,1,6,0,0.3,0
pay_004442,cust_00596,8684.01,card,HDFC,account_closed,2,10,10,0.154,0
pay_004443,cust_02415,587.27,upi,HDFC,insufficient_funds,1,19,0,0.258,1
pay_004444,cust_01438,625.19,card,SBI,account_closed,2,15,10,0.2,0
pay_004445,cust_02850,715.38,card,HDFC,bank_timeout,1,16,3,0.331,0
pay_004446,cust_02966,1439.4,upi,ICICI,network_error,0,7,7,0.159,0
pay_004447,cust_01158,6441.64,upi,KOTAK,invalid_card,0,11,11,0.102,1
pay_004448,cust_01743,1097.87,upi,ICICI,gateway_timeout,0,16,16,0.079,1
pay_004449,cust_01307,1116.82,netbanking,AXIS,network_error,1,14,14,0.178,1
pay_004450,cust_00073,2524.59,card,ICICI,invalid_card,2,6,6,0.162,0
pay_004451,cust_00481,3549.37,wallet,ICICI,account_closed,0,18,16,0.144,0
pay_004452,cust_00560,302.04,netbanking,SBI,insufficient_funds,1,16,1,0.109,0
pay_004453,cust_00745,4153.77,card,AXIS,insufficient_funds,1,12,1,0.192,0
pay_004454,cust_01467,1070.44,netbanking,ICICI,invalid_card,0,7,7,0.314,0
pay_004455,cust_00100,1665.8,upi,KOTAK,invalid_card,0,13,5,0.283,0
pay_004456,cust_01083,5622.95,netbanking,ICICI,account_closed,0,7,1,0.25,0
pay_004457,cust_02556,1520.58,upi,HDFC,expired_card,0,13,10,0.344,0
pay_004458,cust_02306,530.86,upi,SBI,network_error,1,4,4,0.266,1
pay_004459,cust_00413,556.06,card,HDFC,insufficient_funds,2,11,8,0.095,1
pay_004460,cust_01089,1766.42,upi,AXIS,gateway_timeout,2,19,19,0.063,0
pay_004461,cust_02643,1383.69,card,AXIS,bank_timeout,1,10,4,0.377,1
pay_004462,cust_01178,1896.15,card,SBI,network_error,2,3,3,0.321,1
pay_004463,cust_02009,1311.57,wallet,ICICI,network_error,1,19,14,0.189,1
pay_004464,cust_02314,4881.18,card,AXIS,bank_timeout,1,1,1,0.129,1
pay_004465,cust_00821,1844.22,upi,KOTAK,insufficient_funds,1,9,9,0.303,0
pay_004466,cust_00662,441.25,card,SBI,insufficient_funds,2,9,5,0.048,0
pay_004467,cust_02995,3474.57,card,HDFC,temporary_bank_failure,1,6,6,0.253,1
pay_004468,cust_00560,8308.35,upi,KOTAK,gateway_timeout,1,11,11,0.04,1
pay_004469,cust_02965,2046.62,card,SBI,insufficient_funds,0,15,1,0.418,0
pay_004470,cust_02939,2177.73,wallet,KOTAK,bank_timeout,0,9,9,0.248,1
pay_004471,cust_01272,968.83,card,SBI,insufficient_funds,2,7,4,0.272,0
pay_004472,cust_01814,1489.27,card,HDFC,expired_card,0,7,7,0.176,1
pay_004473,cust_02916,2703.48,card,ICICI,account_closed,0,4,4,0.077,0
pay_004474,cust_00610,4471.29,card,SBI,temporary_bank_failure,0,3,3,0.248,0
pay_004475,cust_02462,2583.24,card,AXIS,invalid_card,1,11,4,0.199,0
pay_004476,cust_00025,7742.13,upi,HDFC,insufficient_funds,0,10,5,0.403,0
pay_004477,cust_02029,1956.23,upi,HDFC,insufficient_funds,2,14,9,0.133,1
pay_004478,cust_00284,737.04,card,KOTAK,card_blocked,1,12,4,0.279,0
pay_004479,cust_01473,754.12,card,AXIS,insufficient_funds,2,0,0,0.019,0
pay_004480,cust_02929,4853.86,netbanking,KOTAK,temporary_bank_failure,2,4,4,0.145,1
pay_004481,cust_00301,4046.8,upi,HDFC,expired_card,2,5,5,0.115,0
pay_004482,cust_01092,485.08,card,SBI,card_blocked,2,12,1,0.196,0
pay_004483,cust_01031,1529.04,upi,AXIS,card_blocked,2,9,8,0.154,0
pay_004484,cust_00817,1574.11,upi,HDFC,card_blocked,0,11,11,0.227,0
pay_004485,cust_00083,991.06,upi,AXIS,bank_timeout,0,2,2,0.215,1
pay_004486,cust_01921,585.05,netbanking,SBI,gateway_timeout,2,10,8,0.07,1
pay_004487,cust_02094,973.71,card,ICICI,gateway_timeout,2,14,4,0.344,1
pay_004488,cust_00618,843.3,card,KOTAK,gateway_timeout,0,16,16,0.026,1
pay_004489,cust_02976,596.35,card,KOTAK,network_error,2,4,4,0.115,0
pay_004490,cust_02310,3509.58,netbanking,HDFC,account_closed,0,4,4,0.249,0
pay_004491,cust_00176,2267.33,card,HDFC,expired_card,2,10,10,0.086,0
pay_004492,cust_01190,1247.26,upi,SBI,insufficient_funds,2,7,7,0.118,0
pay_004493,cust_02705,345.0,upi,HDFC,gateway_timeout,1,10,9,0.134,0
pay_004494,cust_00842,1423.31,upi,HDFC,gateway_timeout,2,19,18,0.169,1
pay_004495,cust_00370,2743.1,card,HDFC,invalid_card,1,14,2,0.087,0
pay_004496,cust_01819,1003.42,card,AXIS,insufficient_funds,2,8,8,0.251,0
pay_004497,cust_02102,720.56,card,AXIS,insufficient_funds,1,17,13,0.264,1
pay_004498,cust_00690,1638.58,card,ICICI,bank_timeout,0,5,5,0.286,1
pay_004499,cust_01780,2363.87,card,AXIS,insufficient_funds,2,5,5,0.363,0
pay_004500,cust_01365,365.06,upi,KOTAK,bank_timeout,0,10,5,0.217,1
pay_004501,cust_01433,5341.21,netbanking,ICICI,bank_timeout,1,19,13,0.144,1
pay_004502,cust_00367,665.61,upi,HDFC,expired_card,1,2,2,0.199,1
pay_004503,cust_00644,1289.2,upi,KOTAK,temporary_bank_failure,1,10,10,0.372,0
pay_004504,cust_02427,4651.83,upi,ICICI,card_blocked,1,2,2,0.075,0
pay_004505,cust_00073,1998.77,card,ICICI,insufficient_funds,0,17,8,0.097,0
pay_004506,cust_02963,4345.4,card,KOTAK,expired_card,1,2,2,0.426,1
pay_004507,cust_01272,6266.31,card,ICICI,network_error,2,19,4,0.122,0
pay_004508,cust_00860,562.43,upi,KOTAK,bank_timeout,1,9,4,0.212,0
pay_004509,cust_00043,3720.58,wallet,ICICI,insufficient_funds,0,3,3,0.056,1
pay_004510,cust_02425,5220.71,card,ICICI,card_blocked,0,3,3,0.203,0
pay_004511,cust_01065,1338.57,card,ICICI,bank_timeout,2,0,0,0.141,0
pay_004512,cust_02218,1426.57,card,KOTAK,insufficient_funds,0,16,8,0.093,0
pay_004513,cust_02260,391.34,card,ICICI,network_error,1,5,5,0.066,1
pay_004514,cust_01517,3377.41,upi,AXIS,invalid_card,2,3,3,0.073,0
pay_004515,cust_02087,237.96,upi,AXIS,expired_card,2,8,8,0.087,1
pay_004516,cust_00369,3924.7,upi,AXIS,bank_timeout,0,9,9,0.525,1
pay_004517,cust_02805,581.65,upi,AXIS,insufficient_funds,2,4,4,0.29,1
pay_004518,cust_00151,5500.26,card,AXIS,card_blocked,1,7,4,0.268,0
pay_004519,cust_01135,2482.49,wallet,HDFC,insufficient_funds,1,17,10,0.235,1
pay_004520,cust_01504,4052.84,upi,ICICI,temporary_bank_failure,0,7,7,0.171,1
pay_004521,cust_01460,943.67,card,SBI,network_error,1,17,12,0.332,0
pay_004522,cust_01071,622.18,card,HDFC,card_blocked,1,6,6,0.031,0
pay_004523,cust_01024,441.03,netbanking,KOTAK,insufficient_funds,0,7,7,0.056,1
pay_004524,cust_01599,4328.44,card,HDFC,gateway_timeout,1,6,3,0.268,0
pay_004525,cust_02785,3072.82,upi,SBI,network_error,0,18,11,0.162,0
pay_004526,cust_02041,3161.27,card,HDFC,card_blocked,0,10,6,0.184,0
pay_004527,cust_01390,2282.79,netbanking,ICICI,insufficient_funds,0,10,7,0.27,1
pay_004528,cust_00069,2793.63,upi,AXIS,bank_timeout,2,2,2,0.027,1
pay_004529,cust_02347,1431.77,upi,ICICI,bank_timeout,1,19,7,0.255,0
pay_004530,cust_00944,2431.44,netbanking,HDFC,card_blocked,1,12,12,0.258,0
pay_004531,cust_00802,910.99,netbanking,SBI,expired_card,1,9,3,0.2,1
pay_004532,cust_02344,1374.46,netbanking,KOTAK,bank_timeout,0,5,5,0.032,1
pay_004533,cust_02251,20633.34,card,ICICI,insufficient_funds,0,2,2,0.24,0
pay_004534,cust_00061,1865.23,card,SBI,gateway_timeout,1,9,7,0.24,1
pay_004535,cust_00946,373.42,card,KOTAK,invalid_card,1,1,1,0.199,1
pay_004536,cust_01338,1303.92,card,AXIS,temporary_bank_failure,1,0,0,0.289,0
pay_004537,cust_01185,775.87,netbanking,ICICI,gateway_timeout,1,11,6,0.317,1
pay_004538,cust_00331,2053.65,netbanking,ICICI,network_error,2,3,3,0.15,0
pay_004539,cust_01552,887.59,upi,AXIS,network_error,0,19,12,0.375,0
pay_004540,cust_00338,1526.2,card,AXIS,network_error,2,10,10,0.361,0
pay_004541,cust_01630,1000.37,card,HDFC,bank_timeout,1,0,0,0.053,0
pay_004542,cust_01328,2116.98,card,KOTAK,bank_timeout,0,15,15,0.06,1
pay_004543,cust_01527,1094.53,card,SBI,account_closed,2,5,5,0.133,0
pay_004544,cust_01674,2405.48,upi,AXIS,invalid_card,2,14,5,0.108,0
pay_004545,cust_01362,8594.39,upi,HDFC,bank_timeout,0,9,9,0.169,0
pay_004546,cust_01574,718.0,netbanking,KOTAK,expired_card,2,7,6,0.109,0
pay_004547,cust_02687,3226.28,card,KOTAK,invalid_card,1,16,1,0.146,0
pay_004548,cust_00275,254.1,card,ICICI,bank_timeout,2,12,1,0.105,1
pay_004549,cust_01188,1500.84,netbanking,HDFC,bank_timeout,2,8,0,0.34,1
pay_004550,cust_02367,2171.39,upi,HDFC,insufficient_funds,1,5,5,0.361,1
pay_004551,cust_02637,993.85,card,ICICI,gateway_timeout,1,16,1,0.253,1
pay_004552,cust_02552,432.72,card,SBI,expired_card,2,1,1,0.156,0
pay_004553,cust_02435,1753.85,netbanking,AXIS,insufficient_funds,1,17,3,0.078,0
pay_004554,cust_01994,6159.14,upi,ICICI,bank_timeout,0,15,3,0.062,1
pay_004555,cust_00870,1608.15,netbanking,AXIS,expired_card,0,5,5,0.067,0
pay_004556,cust_02881,2826.68,card,HDFC,network_error,1,2,2,0.186,1
pay_004557,cust_01015,4453.76,upi,ICICI,temporary_bank_failure,1,2,2,0.146,0
pay_004558,cust_01912,13058.31,upi,SBI,invalid_card,0,13,11,0.138,0
pay_004559,cust_00603,779.12,card,AXIS,invalid_card,0,9,9,0.197,0
pay_004560,cust_01800,846.16,wallet,AXIS,temporary_bank_failure,2,9,5,0.09,0
pay_004561,cust_00691,1431.12,upi,AXIS,bank_timeout,2,1,1,0.021,0
pay_004562,cust_00494,2958.24,netbanking,HDFC,invalid_card,2,6,1,0.174,0
pay_004563,cust_00490,282.43,netbanking,AXIS,account_closed,2,13,13,0.412,0
pay_004564,cust_02769,3050.34,card,KOTAK,card_blocked,0,16,15,0.355,0
pay_004565,cust_02557,2035.73,upi,AXIS,temporary_bank_failure,0,16,1,0.051,1
pay_004566,cust_00390,1179.5,card,HDFC,bank_timeout,0,9,9,0.071,1
pay_004567,cust_00295,2541.24,upi,ICICI,card_blocked,1,2,2,0.119,0
pay_004568,cust_01393,3683.87,upi,AXIS,gateway_timeout,0,16,6,0.414,1
pay_004569,cust_02844,4115.1,upi,AXIS,bank_timeout,1,12,6,0.2,0
pay_004570,cust_02913,1829.52,card,ICICI,insufficient_funds,1,15,11,0.57,0
pay_004571,cust_01718,2346.84,upi,KOTAK,network_error,1,2,2,0.108,1
pay_004572,cust_02597,2277.1,card,HDFC,temporary_bank_failure,2,14,14,0.284,1
pay_004573,cust_00649,4841.39,card,ICICI,temporary_bank_failure,1,6,6,0.087,0
pay_004574,cust_01874,2452.77,netbanking,HDFC,card_blocked,0,12,7,0.228,0
pay_004575,cust_00568,3029.58,card,ICICI,expired_card,0,6,5,0.189,0
pay_004576,cust_02901,3692.76,card,SBI,insufficient_funds,0,10,5,0.118,0
pay_004577,cust_02818,8663.3,card,KOTAK,insufficient_funds,0,13,13,0.315,0
pay_004578,cust_00445,1131.56,card,SBI,insufficient_funds,0,10,10,0.296,0
pay_004579,cust_00363,6638.01,card,ICICI,account_closed,0,18,11,0.074,0
pay_004580,cust_02171,13054.39,upi,ICICI,bank_timeout,1,6,6,0.194,1
pay_004581,cust_01212,1190.78,upi,HDFC,insufficient_funds,0,1,1,0.096,1
pay_004582,cust_00742,1520.16,card,ICICI,temporary_bank_failure,1,2,2,0.146,1
pay_004583,cust_02042,1283.36,card,HDFC,insufficient_funds,2,1,1,0.579,0
pay_004584,cust_00680,3057.98,card,HDFC,insufficient_funds,0,4,4,0.111,1
pay_004585,cust_02468,407.75,upi,ICICI,bank_timeout,2,17,8,0.314,0
pay_004586,cust_01643,1212.45,card,HDFC,insufficient_funds,2,15,10,0.467,0
pay_004587,cust_01573,1452.57,card,KOTAK,expired_card,2,2,2,0.309,0
pay_004588,cust_01359,1354.41,card,SBI,network_error,0,14,8,0.258,1
pay_004589,cust_02140,1343.55,card,ICICI,bank_timeout,1,19,16,0.306,1
pay_004590,cust_00063,1222.43,upi,HDFC,network_error,2,19,5,0.179,0
pay_004591,cust_02560,3367.44,card,HDFC,expired_card,0,12,4,0.151,1
pay_004592,cust_01163,2781.08,card,HDFC,insufficient_funds,1,5,2,0.091,0
pay_004593,cust_01229,7063.68,card,HDFC,account_closed,2,15,5,0.146,0
pay_004594,cust_02820,3374.31,wallet,KOTAK,temporary_bank_failure,0,10,10,0.293,1
pay_004595,cust_00256,751.39,upi,ICICI,temporary_bank_failure,1,13,10,0.055,1
pay_004596,cust_00135,1578.09,card,ICICI,insufficient_funds,1,14,3,0.461,0
pay_004597,cust_00875,1449.56,card,KOTAK,insufficient_funds,0,4,4,0.347,1
pay_004598,cust_00822,2217.62,netbanking,KOTAK,insufficient_funds,2,5,5,0.02,0
pay_004599,cust_02136,4335.53,card,KOTAK,temporary_bank_failure,0,14,14,0.139,1
pay_004600,cust_00823,2097.85,wallet,ICICI,network_error,2,18,5,0.032,0
pay_004601,cust_00974,2102.31,card,AXIS,invalid_card,0,10,10,0.107,1
pay_004602,cust_02982,1822.63,card,SBI,bank_timeout,1,19,18,0.261,1
pay_004603,cust_01778,3458.07,upi,KOTAK,temporary_bank_failure,1,5,5,0.163,0
pay_004604,cust_00121,1146.97,upi,KOTAK,bank_timeout,1,10,10,0.541,0
pay_004605,cust_01638,563.63,wallet,ICICI,invalid_card,1,7,7,0.138,1
pay_004606,cust_01365,3028.02,netbanking,ICICI,temporary_bank_failure,1,11,4,0.066,0
pay_004607,cust_01008,2440.93,card,SBI,bank_timeout,0,16,16,0.157,1
pay_004608,cust_00925,5212.08,upi,HDFC,bank_timeout,0,0,0,0.081,0
pay_004609,cust_00645,259.22,netbanking,ICICI,network_error,0,9,9,0.114,1
pay_004610,cust_02033,1668.57,upi,SBI,invalid_card,2,13,9,0.046,0
pay_004611,cust_02762,1969.18,card,ICICI,invalid_card,2,6,6,0.208,0
pay_004612,cust_02908,539.85,card,ICICI,card_blocked,1,17,8,0.345,0
pay_004613,cust_02069,1687.03,card,ICICI,network_error,1,8,5,0.154,1
pay_004614,cust_00242,4672.91,netbanking,AXIS,bank_timeout,1,15,13,0.224,1
pay_004615,cust_02503,9593.99,card,AXIS,temporary_bank_failure,2,9,0,0.683,0
pay_004616,cust_02669,3967.64,card,KOTAK,network_error,2,11,0,0.171,0
pay_004617,cust_02351,1394.68,netbanking,AXIS,expired_card,0,8,8,0.084,0
pay_004618,cust_01620,4960.25,card,SBI,card_blocked,2,13,2,0.137,0
pay_004619,cust_00803,3748.54,upi,ICICI,temporary_bank_failure,1,1,1,0.142,0
pay_004620,cust_00964,1227.2,netbanking,AXIS,temporary_bank_failure,0,9,7,0.418,1
pay_004621,cust_00069,1135.2,card,ICICI,temporary_bank_failure,2,9,9,0.054,0
pay_004622,cust_01153,1580.03,card,HDFC,account_closed,0,1,1,0.205,0
pay_004623,cust_00196,780.02,upi,KOTAK,insufficient_funds,2,5,5,0.236,1
pay_004624,cust_02188,1410.03,upi,AXIS,card_blocked,2,10,10,0.033,0
pay_004625,cust_02331,2668.85,upi,ICICI,insufficient_funds,2,8,8,0.232,0
pay_004626,cust_02360,4149.76,card,HDFC,expired_card,1,2,2,0.335,0
pay_004627,cust_00746,1335.31,card,KOTAK,bank_timeout,2,18,8,0.466,0
pay_004628,cust_01689,5490.29,upi,KOTAK,card_blocked,1,10,10,0.308,0
pay_004629,cust_00277,3041.43,card,HDFC,insufficient_funds,0,3,2,0.218,0
pay_004630,cust_00061,3154.3,upi,AXIS,insufficient_funds,2,14,14,0.116,0
pay_004631,cust_01914,866.78,upi,AXIS,gateway_timeout,1,11,3,0.04,1
pay_004632,cust_02100,7678.72,upi,ICICI,bank_timeout,1,3,3,0.232,1
pay_004633,cust_02201,2814.93,netbanking,SBI,bank_timeout,0,14,14,0.156,0
pay_004634,cust_01773,1385.57,card,ICICI,bank_timeout,0,16,16,0.531,1
pay_004635,cust_01335,1203.16,card,ICICI,card_blocked,0,17,15,0.237,0
pay_004636,cust_01838,1410.41,upi,ICICI,invalid_card,2,4,4,0.182,0
pay_004637,cust_02592,800.57,card,HDFC,invalid_card,2,9,9,0.073,1
pay_004638,cust_00567,3986.39,upi,KOTAK,invalid_card,0,19,3,0.261,0
pay_004639,cust_01572,868.93,wallet,KOTAK,insufficient_funds,2,8,8,0.237,0
pay_004640,cust_00622,2279.84,netbanking,SBI,bank_timeout,1,17,17,0.058,0
pay_004641,cust_02026,1261.51,upi,AXIS,bank_timeout,1,11,11,0.221,1
pay_004642,cust_01201,3092.2,netbanking,ICICI,card_blocked,2,7,7,0.335,0
pay_004643,cust_00314,3447.36,card,HDFC,bank_timeout,2,10,10,0.016,0
pay_004644,cust_02855,1080.17,upi,HDFC,expired_card,1,3,3,0.113,0
pay_004645,cust_02896,1759.7,card,ICICI,insufficient_funds,1,8,8,0.187,0
pay_004646,cust_02145,569.8,card,HDFC,insufficient_funds,2,3,3,0.184,0
pay_004647,cust_02929,7047.54,card,HDFC,card_blocked,2,17,12,0.251,0
pay_004648,cust_01237,4248.85,netbanking,ICICI,network_error,0,13,6,0.427,1
pay_004649,cust_02877,592.04,upi,SBI,invalid_card,0,13,13,0.276,0
pay_004650,cust_00137,903.68,upi,HDFC,expired_card,2,0,0,0.161,0
pay_004651,cust_01030,1623.18,card,KOTAK,card_blocked,1,8,8,0.091,0
pay_004652,cust_02157,1864.99,card,KOTAK,card_blocked,2,5,3,0.108,0
pay_004653,cust_02595,1044.36,netbanking,KOTAK,bank_timeout,1,17,0,0.315,0
pay_004654,cust_00662,723.47,upi,ICICI,temporary_bank_failure,2,10,10,0.419,1
pay_004655,cust_02473,2480.03,upi,KOTAK,account_closed,2,6,3,0.279,0
pay_004656,cust_02678,7270.55,netbanking,AXIS,network_error,1,7,0,0.268,1
pay_004657,cust_02309,1888.87,upi,HDFC,gateway_timeout,1,2,2,0.32,0
pay_004658,cust_00087,1431.72,upi,SBI,insufficient_funds,2,10,10,0.193,0
pay_004659,cust_02513,1316.23,card,KOTAK,insufficient_funds,1,10,10,0.204,1
pay_004660,cust_02124,751.91,card,ICICI,expired_card,1,1,1,0.109,1
pay_004661,cust_02519,1056.18,upi,SBI,expired_card,2,14,14,0.172,1
pay_004662,cust_02462,4486.77,card,ICICI,expired_card,0,14,5,0.041,0
pay_004663,cust_02873,344.92,upi,SBI,invalid_card,0,4,4,0.287,1
pay_004664,cust_02943,1912.34,card,SBI,card_blocked,1,19,5,0.047,0
pay_004665,cust_02774,1848.93,card,HDFC,temporary_bank_failure,2,7,7,0.047,1
pay_004666,cust_02505,1987.67,upi,SBI,bank_timeout,1,15,0,0.135,0
pay_004667,cust_01309,3235.49,card,AXIS,temporary_bank_failure,2,11,11,0.089,0
pay_004668,cust_01701,1898.71,netbanking,AXIS,card_blocked,0,13,11,0.237,0
pay_004669,cust_02701,1257.44,card,AXIS,bank_timeout,0,12,2,0.126,1
pay_004670,cust_02720,1069.24,upi,ICICI,expired_card,0,8,1,0.235,1
pay_004671,cust_00495,5108.57,card,HDFC,gateway_timeout,1,6,5,0.185,1
pay_004672,cust_01648,4158.22,card,ICICI,card_blocked,0,16,4,0.267,0
pay_004673,cust_01943,18071.84,card,KOTAK,card_blocked,0,1,1,0.337,0
pay_004674,cust_01069,1444.05,netbanking,AXIS,invalid_card,1,7,1,0.41,0
pay_004675,cust_01425,1085.1,card,HDFC,bank_timeout,2,12,11,0.45,1
pay_004676,cust_00597,2598.09,netbanking,AXIS,bank_timeout,0,7,6,0.334,0
pay_004677,cust_00450,2548.38,card,HDFC,bank_timeout,2,17,13,0.338,1
pay_004678,cust_00485,3008.16,card,ICICI,temporary_bank_failure,2,12,9,0.336,1
pay_004679,cust_00646,3560.67,upi,ICICI,network_error,1,7,7,0.082,0
pay_004680,cust_02668,2984.95,upi,AXIS,temporary_bank_failure,2,15,13,0.147,1
pay_004681,cust_01630,4272.8,upi,SBI,bank_timeout,2,19,10,0.187,1
pay_004682,cust_00662,4752.4,card,HDFC,invalid_card,1,2,2,0.171,1
pay_004683,cust_00758,4820.71,card,KOTAK,account_closed,2,14,0,0.198,0
pay_004684,cust_00289,296.17,upi,SBI,insufficient_funds,0,9,1,0.128,1
pay_004685,cust_00721,2177.44,netbanking,ICICI,card_blocked,1,17,2,0.143,0
pay_004686,cust_00638,863.88,card,HDFC,bank_timeout,1,18,4,0.305,1
pay_004687,cust_02283,4206.38,netbanking,SBI,bank_timeout,1,1,1,0.041,0
pay_004688,cust_02464,291.24,card,KOTAK,network_error,0,9,9,0.288,0
pay_004689,cust_02986,5856.93,upi,SBI,card_blocked,2,15,6,0.315,0
pay_004690,cust_00499,905.28,card,KOTAK,gateway_timeout,2,7,7,0.091,0
pay_004691,cust_00634,753.64,card,ICICI,card_blocked,2,6,6,0.228,0
pay_004692,cust_01674,2404.26,card,HDFC,network_error,0,3,3,0.066,1
pay_004693,cust_02031,1341.29,card,ICICI,account_closed,2,8,3,0.355,0
pay_004694,cust_00115,7506.4,wallet,HDFC,temporary_bank_failure,2,1,1,0.395,0
pay_004695,cust_02980,5379.91,upi,SBI,invalid_card,0,15,15,0.071,1
pay_004696,cust_00674,1201.51,upi,ICICI,card_blocked,0,6,6,0.167,0
pay_004697,cust_01737,4162.99,card,HDFC,card_blocked,2,14,14,0.178,0
pay_004698,cust_01258,1168.84,netbanking,KOTAK,account_closed,0,4,4,0.573,0
pay_004699,cust_02254,1160.8,upi,HDFC,bank_timeout,0,0,0,0.161,1
pay_004700,cust_02295,3201.41,netbanking,ICICI,insufficient_funds,0,19,15,0.126,1
pay_004701,cust_02806,5794.55,card,ICICI,account_closed,1,4,4,0.051,0
pay_004702,cust_00147,1270.47,card,SBI,gateway_timeout,1,12,12,0.295,1
pay_004703,cust_02166,1350.27,wallet,KOTAK,invalid_card,2,19,19,0.039,0
pay_004704,cust_00412,2300.69,card,HDFC,bank_timeout,2,12,10,0.203,0
pay_004705,cust_01688,884.31,netbanking,ICICI,network_error,0,17,8,0.06,1
pay_004706,cust_02411,6325.4,card,HDFC,expired_card,2,1,0,0.152,0
pay_004707,cust_01533,877.57,upi,AXIS,gateway_timeout,1,17,15,0.083,1
pay_004708,cust_00137,1089.47,netbanking,KOTAK,network_error,2,9,3,0.235,0
pay_004709,cust_00019,7433.79,upi,KOTAK,temporary_bank_failure,2,2,2,0.112,0
pay_004710,cust_02243,2146.66,upi,AXIS,insufficient_funds,1,9,1,0.268,1
pay_004711,cust_02378,8560.1,card,KOTAK,expired_card,1,8,8,0.214,0
pay_004712,cust_01960,1517.13,card,AXIS,network_error,0,2,2,0.14,1
pay_004713,cust_02223,13569.98,card,HDFC,card_blocked,0,5,5,0.038,0
pay_004714,cust_01002,2958.74,upi,AXIS,bank_timeout,0,10,10,0.112,0
pay_004715,cust_00449,990.34,netbanking,SBI,expired_card,2,5,5,0.179,0
pay_004716,cust_01949,978.22,card,AXIS,temporary_bank_failure,2,4,4,0.021,0
pay_004717,cust_00946,563.54,upi,HDFC,insufficient_funds,2,13,0,0.241,0
pay_004718,cust_01378,615.08,netbanking,KOTAK,insufficient_funds,1,1,0,0.053,0
pay_004719,cust_01523,1066.75,card,SBI,insufficient_funds,2,0,0,0.045,1
pay_004720,cust_00141,817.88,netbanking,AXIS,invalid_card,1,4,4,0.243,1
pay_004721,cust_02806,229.9,wallet,HDFC,account_closed,2,7,7,0.209,0
pay_004722,cust_01921,3544.73,card,SBI,bank_timeout,2,9,8,0.307,1
pay_004723,cust_02978,3361.93,card,SBI,expired_card,1,18,18,0.261,0
pay_004724,cust_00093,2313.93,card,SBI,gateway_timeout,1,2,2,0.335,1
pay_004725,cust_00239,729.26,upi,AXIS,account_closed,1,17,9,0.039,0
pay_004726,cust_00205,6750.92,card,HDFC,insufficient_funds,0,6,6,0.207,1
pay_004727,cust_02608,1567.86,upi,HDFC,bank_timeout,0,12,11,0.14,1
pay_004728,cust_01457,928.35,card,HDFC,expired_card,2,13,4,0.333,0
pay_004729,cust_00245,2177.8,netbanking,ICICI,card_blocked,2,17,13,0.1,0
pay_004730,cust_00832,2080.14,netbanking,KOTAK,bank_timeout,2,11,9,0.341,0
pay_004731,cust_02973,244.15,wallet,HDFC,insufficient_funds,0,7,7,0.131,0
pay_004732,cust_00295,1763.83,card,ICICI,insufficient_funds,2,17,0,0.035,0
pay_004733,cust_02688,1991.08,card,ICICI,network_error,1,5,5,0.16,0
pay_004734,cust_00856,1335.43,card,SBI,expired_card,1,11,3,0.116,1
pay_004735,cust_02065,628.19,card,KOTAK,bank_timeout,0,2,2,0.408,0
pay_004736,cust_00071,643.17,upi,SBI,account_closed,1,2,2,0.364,0
pay_004737,cust_01293,2727.8,wallet,KOTAK,invalid_card,1,15,15,0.102,1
pay_004738,cust_01349,3325.19,netbanking,SBI,card_blocked,2,16,5,0.178,0
pay_004739,cust_00305,1263.44,card,AXIS,gateway_timeout,1,15,4,0.102,1
pay_004740,cust_01031,2454.93,upi,KOTAK,bank_timeout,1,12,12,0.172,0
pay_004741,cust_01338,1253.46,card,ICICI,temporary_bank_failure,0,12,12,0.233,0
pay_004742,cust_00817,913.61,card,ICICI,insufficient_funds,1,11,10,0.346,0
pay_004743,cust_01127,2146.51,netbanking,KOTAK,card_blocked,1,1,1,0.173,0
pay_004744,cust_00821,721.06,wallet,SBI,account_closed,2,13,5,0.43,0
pay_004745,cust_00193,8225.77,card,AXIS,insufficient_funds,2,9,8,0.151,0
pay_004746,cust_01777,572.49,netbanking,AXIS,expired_card,2,18,12,0.271,0
pay_004747,cust_00529,2268.93,netbanking,HDFC,card_blocked,0,4,0,0.242,0
pay_004748,cust_02219,2038.95,card,KOTAK,account_closed,2,15,14,0.152,0
pay_004749,cust_00251,1899.19,card,AXIS,expired_card,1,4,4,0.181,0
pay_004750,cust_01789,5923.69,upi,SBI,insufficient_funds,0,1,1,0.328,1
pay_004751,cust_02589,210.83,netbanking,SBI,insufficient_funds,1,5,1,0.155,0
pay_004752,cust_02027,2513.38,card,ICICI,invalid_card,1,11,11,0.086,0
pay_004753,cust_02464,1452.87,card,AXIS,invalid_card,2,12,5,0.195,0
pay_004754,cust_02842,2884.71,upi,AXIS,network_error,0,12,12,0.131,0
pay_004755,cust_01404,1888.89,upi,SBI,insufficient_funds,0,13,13,0.247,0
pay_004756,cust_01168,1702.72,upi,ICICI,invalid_card,2,18,18,0.138,1
pay_004757,cust_02073,688.25,card,AXIS,expired_card,0,14,6,0.208,1
pay_004758,cust_02716,1055.2,netbanking,SBI,insufficient_funds,1,2,2,0.128,0
pay_004759,cust_01097,22141.48,upi,ICICI,temporary_bank_failure,0,8,8,0.114,1
pay_004760,cust_02680,2905.85,netbanking,ICICI,insufficient_funds,1,9,7,0.09,1
pay_004761,cust_01848,4196.79,netbanking,SBI,insufficient_funds,0,6,1,0.264,1
pay_004762,cust_00505,1364.42,netbanking,ICICI,gateway_timeout,0,13,11,0.301,0
pay_004763,cust_01622,911.88,wallet,ICICI,card_blocked,2,16,7,0.068,0
pay_004764,cust_02384,3364.86,wallet,HDFC,expired_card,2,13,0,0.027,0
pay_004765,cust_02473,394.27,upi,ICICI,account_closed,0,9,6,0.118,0
pay_004766,cust_02547,1074.28,upi,AXIS,bank_timeout,1,4,4,0.214,0
pay_004767,cust_01388,1361.5,upi,ICICI,invalid_card,2,17,8,0.136,0
pay_004768,cust_02995,3850.63,upi,AXIS,insufficient_funds,2,16,1,0.026,0
pay_004769,cust_02678,2517.37,card,SBI,temporary_bank_failure,2,17,3,0.24,0
pay_004770,cust_01223,1238.53,card,ICICI,bank_timeout,0,3,3,0.316,0
pay_004771,cust_00718,2428.86,card,SBI,gateway_timeout,1,19,13,0.27,0
pay_004772,cust_00339,1418.67,card,KOTAK,gateway_timeout,1,0,0,0.266,1
pay_004773,cust_00659,4255.77,card,ICICI,bank_timeout,0,12,8,0.051,1
pay_004774,cust_00962,2184.03,netbanking,SBI,expired_card,1,9,2,0.065,1
pay_004775,cust_00429,7252.88,upi,KOTAK,temporary_bank_failure,2,14,14,0.23,1
pay_004776,cust_00899,1447.75,card,AXIS,invalid_card,1,4,4,0.144,1
pay_004777,cust_00139,4818.97,upi,AXIS,expired_card,2,17,0,0.085,0
pay_004778,cust_02990,1943.67,card,AXIS,temporary_bank_failure,2,3,3,0.227,0
pay_004779,cust_00542,1035.05,netbanking,AXIS,temporary_bank_failure,0,0,0,0.138,1
pay_004780,cust_02105,14490.66,card,AXIS,card_blocked,2,9,6,0.155,0
pay_004781,cust_01256,5155.23,card,HDFC,card_blocked,1,16,6,0.342,0
pay_004782,cust_02706,2180.83,netbanking,SBI,gateway_timeout,1,2,2,0.053,1
pay_004783,cust_02483,3336.9,upi,KOTAK,expired_card,1,3,3,0.242,0
pay_004784,cust_00384,760.81,netbanking,KOTAK,card_blocked,1,11,11,0.185,0
pay_004785,cust_02608,782.54,card,ICICI,card_blocked,1,10,10,0.184,0
pay_004786,cust_00194,4408.42,card,SBI,bank_timeout,2,2,2,0.358,1
pay_004787,cust_02582,1814.99,upi,HDFC,insufficient_funds,0,10,10,0.367,0
pay_004788,cust_02566,1596.14,card,HDFC,expired_card,0,2,2,0.129,0
pay_004789,cust_02764,1436.05,card,SBI,network_error,1,3,2,0.193,1
pay_004790,cust_02799,2041.94,card,AXIS,account_closed,2,2,2,0.062,0
pay_004791,cust_02233,1475.28,netbanking,AXIS,insufficient_funds,0,11,0,0.092,0
pay_004792,cust_01896,355.77,upi,SBI,insufficient_funds,1,11,7,0.072,0
pay_004793,cust_02340,5612.21,card,KOTAK,temporary_bank_failure,2,16,16,0.113,0
pay_004794,cust_00732,1654.99,card,AXIS,temporary_bank_failure,0,7,3,0.034,0
pay_004795,cust_02164,7826.13,netbanking,ICICI,bank_timeout,2,9,1,0.163,0
pay_004796,cust_02873,441.53,card,HDFC,card_blocked,1,15,15,0.135,0
pay_004797,cust_00685,440.15,upi,AXIS,gateway_timeout,2,18,1,0.345,0
pay_004798,cust_00082,1450.51,upi,KOTAK,network_error,0,14,0,0.185,1
pay_004799,cust_02882,3952.18,upi,AXIS,bank_timeout,0,10,4,0.192,1
pay_004800,cust_02381,681.48,card,AXIS,gateway_timeout,2,6,5,0.247,1
pay_004801,cust_02605,660.65,netbanking,HDFC,expired_card,0,6,6,0.226,0
pay_004802,cust_02383,2434.66,card,ICICI,invalid_card,2,17,9,0.072,0
pay_004803,cust_00532,1407.68,card,ICICI,card_blocked,2,18,7,0.081,0
pay_004804,cust_01984,2794.1,card,KOTAK,expired_card,1,15,13,0.131,0
pay_004805,cust_00221,1428.01,card,SBI,gateway_timeout,1,2,2,0.317,0
pay_004806,cust_00635,2460.48,card,SBI,gateway_timeout,2,5,5,0.076,0
pay_004807,cust_01770,5393.27,netbanking,SBI,insufficient_funds,0,0,0,0.05,0
pay_004808,cust_02371,682.64,card,KOTAK,insufficient_funds,1,0,0,0.11,0
pay_004809,cust_01875,4664.94,netbanking,AXIS,expired_card,0,14,14,0.131,1
pay_004810,cust_00003,462.52,card,ICICI,insufficient_funds,2,19,1,0.154,0
pay_004811,cust_01718,2943.84,card,ICICI,bank_timeout,0,10,10,0.032,1
pay_004812,cust_00206,5627.47,card,AXIS,insufficient_funds,0,9,9,0.535,1
pay_004813,cust_01856,1188.85,upi,ICICI,bank_timeout,2,2,2,0.094,0
pay_004814,cust_00040,3027.96,upi,ICICI,network_error,1,3,1,0.041,1
pay_004815,cust_02107,1224.55,netbanking,SBI,gateway_timeout,1,11,11,0.174,0
pay_004816,cust_02999,2887.96,upi,SBI,insufficient_funds,0,5,5,0.124,0
pay_004817,cust_02622,296.84,upi,HDFC,network_error,2,19,5,0.147,0
pay_004818,cust_00644,2058.48,card,HDFC,temporary_bank_failure,2,18,2,0.387,0
pay_004819,cust_01531,2480.74,netbanking,ICICI,gateway_timeout,1,15,15,0.156,1
pay_004820,cust_01908,5301.5,netbanking,SBI,network_error,2,9,7,0.065,1
pay_004821,cust_02891,3790.32,card,HDFC,card_blocked,2,5,5,0.243,0
pay_004822,cust_02667,1589.24,card,HDFC,invalid_card,0,19,10,0.327,1
pay_004823,cust_02144,2240.49,upi,SBI,account_closed,0,4,4,0.036,0
pay_004824,cust_00898,568.56,upi,HDFC,insufficient_funds,1,9,1,0.189,0
pay_004825,cust_01086,6736.26,upi,AXIS,card_blocked,1,11,4,0.314,0
pay_004826,cust_01280,3142.98,card,AXIS,invalid_card,0,17,0,0.155,1
pay_004827,cust_02609,408.0,netbanking,SBI,temporary_bank_failure,2,2,2,0.054,0
pay_004828,cust_02953,2201.27,card,SBI,insufficient_funds,2,4,4,0.422,1
pay_004829,cust_02396,2339.92,card,HDFC,insufficient_funds,0,2,2,0.58,0
pay_004830,cust_00671,973.45,card,ICICI,insufficient_funds,0,2,2,0.08,1
pay_004831,cust_01506,1953.72,card,KOTAK,account_closed,0,8,8,0.237,0
pay_004832,cust_02365,898.22,netbanking,AXIS,insufficient_funds,0,3,3,0.067,1
pay_004833,cust_00719,587.76,upi,AXIS,expired_card,2,19,2,0.164,0
pay_004834,cust_01072,1106.9,netbanking,SBI,network_error,2,16,16,0.333,0
pay_004835,cust_01956,2074.08,upi,ICICI,card_blocked,1,6,4,0.135,0
pay_004836,cust_01160,3799.65,netbanking,SBI,bank_timeout,0,12,12,0.192,0
pay_004837,cust_00250,1911.9,upi,HDFC,card_blocked,1,11,11,0.108,0
pay_004838,cust_02362,3829.44,card,ICICI,expired_card,2,17,15,0.502,0
pay_004839,cust_01893,3038.02,netbanking,HDFC,insufficient_funds,1,14,14,0.196,0
pay_004840,cust_01854,789.72,card,AXIS,temporary_bank_failure,2,4,4,0.114,0
pay_004841,cust_02855,3019.61,upi,SBI,gateway_timeout,2,0,0,0.37,0
pay_004842,cust_01504,3087.12,upi,SBI,invalid_card,1,8,4,0.118,0
pay_004843,cust_02533,7284.04,card,KOTAK,bank_timeout,1,8,7,0.12,1
pay_004844,cust_01235,2511.22,card,ICICI,network_error,0,12,11,0.365,0
pay_004845,cust_00044,673.35,upi,AXIS,bank_timeout,2,10,4,0.297,1
pay_004846,cust_02619,1160.65,card,KOTAK,gateway_timeout,0,8,8,0.3,1
pay_004847,cust_00583,410.74,card,KOTAK,gateway_timeout,0,4,4,0.211,1
pay_004848,cust_01289,2719.99,upi,SBI,expired_card,2,13,9,0.219,0
pay_004849,cust_02943,6789.78,card,ICICI,card_blocked,1,15,15,0.132,0
pay_004850,cust_00220,266.96,upi,SBI,account_closed,0,1,1,0.423,0
pay_004851,cust_01926,7023.27,netbanking,ICICI,account_closed,0,14,8,0.113,0
pay_004852,cust_02973,2691.33,card,KOTAK,expired_card,2,16,9,0.145,1
pay_004853,cust_02449,764.13,upi,HDFC,temporary_bank_failure,1,4,4,0.351,0
pay_004854,cust_02775,2220.21,card,AXIS,gateway_timeout,1,9,9,0.063,0
pay_004855,cust_00991,784.1,upi,KOTAK,network_error,0,14,14,0.049,1
pay_004856,cust_02947,2571.73,upi,SBI,bank_timeout,2,19,5,0.304,0
pay_004857,cust_01813,1902.05,card,AXIS,gateway_timeout,0,3,3,0.266,1
pay_004858,cust_00858,2353.07,card,KOTAK,account_closed,1,3,3,0.284,0
pay_004859,cust_00804,866.83,upi,ICICI,invalid_card,0,6,6,0.089,1
pay_004860,cust_00490,973.93,card,SBI,card_blocked,2,0,0,0.053,0
pay_004861,cust_01781,2701.22,card,KOTAK,network_error,0,19,7,0.25,1
pay_004862,cust_01494,1209.33,wallet,ICICI,insufficient_funds,1,1,1,0.189,1
pay_004863,cust_02986,2036.96,card,ICICI,invalid_card,2,18,4,0.241,0
pay_004864,cust_02892,2597.71,upi,ICICI,insufficient_funds,2,3,3,0.16,0
pay_004865,cust_01706,1513.4,card,AXIS,temporary_bank_failure,2,0,0,0.083,1
pay_004866,cust_02315,4555.46,netbanking,SBI,account_closed,2,0,0,0.551,0
pay_004867,cust_00054,1558.63,card,ICICI,gateway_timeout,2,2,2,0.234,0
pay_004868,cust_02576,1521.63,card,KOTAK,card_blocked,0,17,17,0.037,0
pay_004869,cust_00616,1090.77,upi,ICICI,network_error,2,2,2,0.112,1
pay_004870,cust_01083,4154.66,netbanking,SBI,account_closed,1,2,0,0.114,0
pay_004871,cust_01849,1026.83,netbanking,AXIS,temporary_bank_failure,2,12,10,0.374,0
pay_004872,cust_00955,4932.46,card,ICICI,temporary_bank_failure,1,0,0,0.128,0
pay_004873,cust_02434,2060.06,netbanking,KOTAK,gateway_timeout,1,12,4,0.139,1
pay_004874,cust_01630,15454.81,upi,SBI,insufficient_funds,1,4,4,0.195,0
pay_004875,cust_02782,1065.96,wallet,ICICI,gateway_timeout,1,16,0,0.169,1
pay_004876,cust_02764,5014.83,netbanking,AXIS,account_closed,1,10,10,0.12,0
pay_004877,cust_00650,2719.47,upi,HDFC,invalid_card,0,9,9,0.132,0
pay_004878,cust_02348,1198.7,upi,KOTAK,temporary_bank_failure,1,14,14,0.015,1
pay_004879,cust_00395,2748.87,upi,ICICI,insufficient_funds,1,12,12,0.1,0
pay_004880,cust_01360,2643.78,upi,ICICI,gateway_timeout,1,9,9,0.387,1
pay_004881,cust_02641,1386.38,card,HDFC,bank_timeout,0,8,0,0.336,0
pay_004882,cust_02562,2546.88,card,SBI,invalid_card,2,6,6,0.214,0
pay_004883,cust_02444,4585.95,card,HDFC,network_error,1,9,9,0.361,1
pay_004884,cust_00371,2721.89,wallet,SBI,card_blocked,0,8,5,0.431,0
pay_004885,cust_00858,1292.91,card,ICICI,gateway_timeout,0,12,6,0.287,1
pay_004886,cust_00791,1235.95,card,HDFC,insufficient_funds,0,15,0,0.393,0
pay_004887,cust_00658,1685.93,card,ICICI,account_closed,2,1,1,0.059,0
pay_004888,cust_02784,4402.68,upi,HDFC,network_error,0,7,2,0.159,0
pay_004889,cust_01393,989.27,netbanking,ICICI,insufficient_funds,1,6,6,0.17,0
pay_004890,cust_00384,2474.28,upi,ICICI,network_error,1,1,1,0.369,1
pay_004891,cust_02110,518.03,card,ICICI,insufficient_funds,1,0,0,0.15,0
pay_004892,cust_02553,2909.36,netbanking,AXIS,insufficient_funds,2,3,3,0.141,0
pay_004893,cust_00239,3299.14,card,HDFC,network_error,0,5,5,0.16,1
pay_004894,cust_00195,9155.38,wallet,AXIS,insufficient_funds,1,1,1,0.106,0
pay_004895,cust_02726,3790.43,card,ICICI,insufficient_funds,1,6,6,0.151,0
pay_004896,cust_02109,1311.65,upi,KOTAK,insufficient_funds,1,9,9,0.481,1
pay_004897,cust_01153,529.71,card,SBI,account_closed,2,8,3,0.259,0
pay_004898,cust_02733,2728.09,netbanking,HDFC,insufficient_funds,1,1,1,0.026,0
pay_004899,cust_02016,1391.62,card,HDFC,insufficient_funds,0,14,1,0.266,0
pay_004900,cust_00156,2362.04,card,SBI,insufficient_funds,0,14,10,0.073,1
pay_004901,cust_00923,1016.23,netbanking,AXIS,insufficient_funds,2,15,8,0.05,0
pay_004902,cust_02916,1574.11,card,SBI,temporary_bank_failure,2,1,1,0.392,0
pay_004903,cust_02951,464.06,upi,KOTAK,invalid_card,2,16,6,0.229,0
pay_004904,cust_01610,782.92,upi,ICICI,temporary_bank_failure,0,10,10,0.069,1
pay_004905,cust_00975,699.37,upi,SBI,temporary_bank_failure,2,17,12,0.098,1
pay_004906,cust_01231,3634.52,card,SBI,insufficient_funds,2,0,0,0.15,0
pay_004907,cust_02436,932.8,netbanking,ICICI,network_error,0,11,10,0.181,1
pay_004908,cust_01815,5444.41,netbanking,HDFC,bank_timeout,1,5,4,0.234,1
pay_004909,cust_02935,940.16,card,KOTAK,network_error,2,17,15,0.2,1
pay_004910,cust_00838,9669.68,card,SBI,card_blocked,1,16,1,0.324,0
pay_004911,cust_02008,380.29,card,SBI,bank_timeout,1,16,9,0.387,1
pay_004912,cust_01364,2538.79,card,HDFC,bank_timeout,1,1,1,0.187,0
pay_004913,cust_02388,1864.74,upi,KOTAK,invalid_card,1,17,17,0.094,1
pay_004914,cust_00204,685.98,netbanking,ICICI,card_blocked,2,14,14,0.301,0
pay_004915,cust_00161,1163.58,upi,ICICI,expired_card,2,0,0,0.326,0
pay_004916,cust_00392,1467.0,upi,AXIS,card_blocked,2,19,15,0.051,0
pay_004917,cust_00769,2208.01,card,KOTAK,account_closed,0,13,12,0.047,0
pay_004918,cust_02623,854.8,card,KOTAK,insufficient_funds,0,12,12,0.273,1
pay_004919,cust_02582,2540.86,upi,SBI,temporary_bank_failure,1,11,2,0.471,0
pay_004920,cust_01094,1989.78,upi,AXIS,expired_card,0,7,7,0.212,1
pay_004921,cust_02941,3372.29,upi,ICICI,insufficient_funds,1,6,6,0.113,0
pay_004922,cust_00405,906.97,card,KOTAK,bank_timeout,1,7,7,0.247,0
pay_004923,cust_00608,1303.14,upi,KOTAK,card_blocked,2,17,17,0.066,0
pay_004924,cust_01615,5731.28,card,HDFC,insufficient_funds,2,14,3,0.329,0
pay_004925,cust_01541,875.83,card,ICICI,account_closed,0,6,6,0.311,0
pay_004926,cust_02876,593.49,upi,HDFC,invalid_card,2,0,0,0.145,0
pay_004927,cust_01838,1091.42,card,AXIS,temporary_bank_failure,0,5,5,0.229,0
pay_004928,cust_00690,436.7,netbanking,KOTAK,account_closed,2,15,0,0.172,0
pay_004929,cust_02950,6893.37,card,AXIS,invalid_card,2,13,9,0.326,0
pay_004930,cust_01241,1442.0,upi,HDFC,gateway_timeout,0,7,7,0.066,1
pay_004931,cust_02104,1453.19,netbanking,ICICI,account_closed,1,9,9,0.346,0
pay_004932,cust_00366,3274.83,card,KOTAK,temporary_bank_failure,0,16,15,0.405,1
pay_004933,cust_01723,1011.87,netbanking,ICICI,expired_card,2,14,5,0.143,0
pay_004934,cust_00455,1521.2,upi,AXIS,bank_timeout,1,13,7,0.259,1
pay_004935,cust_00104,990.73,netbanking,SBI,account_closed,2,19,15,0.067,0
pay_004936,cust_00077,444.07,card,ICICI,expired_card,2,10,10,0.213,1
pay_004937,cust_00230,1882.97,card,ICICI,network_error,2,5,5,0.234,1
pay_004938,cust_01938,4107.55,card,ICICI,bank_timeout,1,3,3,0.561,0
pay_004939,cust_02379,1926.45,upi,KOTAK,gateway_timeout,2,4,4,0.144,1
pay_004940,cust_01206,3773.78,upi,AXIS,expired_card,0,10,7,0.235,0
pay_004941,cust_00893,752.47,card,AXIS,temporary_bank_failure,0,11,11,0.144,0
pay_004942,cust_01574,989.07,card,KOTAK,card_blocked,0,10,4,0.419,0
pay_004943,cust_02736,641.98,card,ICICI,card_blocked,1,17,8,0.06,0
pay_004944,cust_02075,2424.17,upi,ICICI,insufficient_funds,0,6,6,0.124,1
pay_004945,cust_01676,1402.36,card,SBI,temporary_bank_failure,2,0,0,0.069,1
pay_004946,cust_00299,1360.97,card,ICICI,account_closed,1,15,15,0.191,0
pay_004947,cust_00957,3087.72,card,HDFC,invalid_card,2,17,10,0.423,0
pay_004948,cust_02847,1238.45,upi,ICICI,bank_timeout,2,11,0,0.373,1
pay_004949,cust_01115,4288.69,netbanking,SBI,insufficient_funds,2,10,10,0.095,1
pay_004950,cust_02528,2183.15,upi,HDFC,card_blocked,0,7,7,0.215,0
pay_004951,cust_02621,1348.95,card,SBI,insufficient_funds,0,0,0,0.143,0
pay_004952,cust_02506,522.55,card,SBI,card_blocked,1,15,13,0.149,0
pay_004953,cust_01475,3073.64,card,AXIS,card_blocked,1,1,1,0.112,0
pay_004954,cust_00365,2267.31,upi,KOTAK,gateway_timeout,0,5,5,0.016,0
pay_004955,cust_02907,2356.32,upi,SBI,card_blocked,0,16,3,0.453,0
pay_004956,cust_01699,2417.21,netbanking,ICICI,bank_timeout,2,16,14,0.205,1
pay_004957,cust_00351,1184.09,netbanking,AXIS,network_error,0,1,1,0.345,0
pay_004958,cust_02301,1601.83,card,HDFC,temporary_bank_failure,2,18,8,0.18,0
pay_004959,cust_02829,1252.83,card,KOTAK,insufficient_funds,0,8,0,0.125,0
pay_004960,cust_01905,4915.02,card,AXIS,network_error,2,2,1,0.362,0
pay_004961,cust_02851,1450.85,card,SBI,temporary_bank_failure,0,9,7,0.272,1
pay_004962,cust_01012,1101.7,upi,AXIS,bank_timeout,0,4,4,0.23,1
pay_004963,cust_02507,5192.71,upi,ICICI,gateway_timeout,1,8,2,0.094,1
pay_004964,cust_02965,4759.88,card,ICICI,account_closed,1,13,6,0.022,0
pay_004965,cust_00499,2184.41,netbanking,ICICI,insufficient_funds,2,10,10,0.134,0
pay_004966,cust_00950,1629.63,upi,KOTAK,account_closed,1,18,15,0.115,0
pay_004967,cust_01995,1334.56,wallet,AXIS,bank_timeout,1,15,1,0.135,1
pay_004968,cust_02047,1745.54,upi,AXIS,gateway_timeout,0,13,0,0.059,1
pay_004969,cust_00508,898.05,upi,SBI,bank_timeout,2,13,7,0.06,1
pay_004970,cust_01328,2661.63,card,HDFC,temporary_bank_failure,1,3,3,0.285,1
pay_004971,cust_02549,6781.83,upi,ICICI,insufficient_funds,1,7,7,0.175,0
pay_004972,cust_02851,2835.85,card,HDFC,insufficient_funds,0,6,3,0.182,0
pay_004973,cust_02646,748.01,upi,HDFC,bank_timeout,0,2,2,0.204,1
pay_004974,cust_00166,2602.12,card,ICICI,bank_timeout,0,13,13,0.298,1
pay_004975,cust_02510,2112.51,card,ICICI,temporary_bank_failure,2,10,9,0.242,0
pay_004976,cust_00920,2583.85,card,SBI,invalid_card,0,18,17,0.085,0
pay_004977,cust_00114,938.56,card,KOTAK,bank_timeout,2,3,3,0.075,1
pay_004978,cust_00992,1812.91,card,ICICI,insufficient_funds,0,3,3,0.126,1
pay_004979,cust_01952,3664.62,wallet,HDFC,network_error,1,7,7,0.137,0
pay_004980,cust_02255,768.16,card,SBI,card_blocked,2,14,11,0.292,0
pay_004981,cust_01259,1262.31,upi,AXIS,gateway_timeout,0,15,15,0.195,1
pay_004982,cust_00515,1436.14,card,SBI,bank_timeout,0,3,3,0.154,1
pay_004983,cust_01232,4018.62,upi,ICICI,expired_card,1,9,9,0.106,0
pay_004984,cust_00709,4527.84,card,ICICI,insufficient_funds,1,4,4,0.104,1
pay_004985,cust_02186,390.68,card,KOTAK,account_closed,1,3,3,0.218,0
pay_004986,cust_00339,4015.86,card,SBI,expired_card,0,1,1,0.212,0
pay_004987,cust_02585,4643.22,card,ICICI,expired_card,1,17,17,0.245,0
pay_004988,cust_00068,4410.53,card,HDFC,invalid_card,1,7,7,0.084,0
pay_004989,cust_01597,1183.58,netbanking,HDFC,gateway_timeout,2,14,7,0.309,0
pay_004990,cust_01565,1504.41,card,SBI,invalid_card,2,3,3,0.379,0
pay_004991,cust_00383,515.98,netbanking,KOTAK,bank_timeout,2,12,12,0.061,0
pay_004992,cust_00019,338.34,wallet,SBI,invalid_card,0,13,13,0.084,1
pay_004993,cust_02731,1353.96,upi,KOTAK,expired_card,2,8,1,0.285,0
pay_004994,cust_02122,1922.1,netbanking,HDFC,insufficient_funds,0,5,5,0.085,0
pay_004995,cust_00573,2082.69,card,ICICI,temporary_bank_failure,1,11,2,0.18,1
pay_004996,cust_02987,3487.4,netbanking,AXIS,bank_timeout,0,12,0,0.106,1
pay_004997,cust_01300,20929.37,card,ICICI,expired_card,0,5,5,0.193,1
pay_004998,cust_02259,1317.13,upi,HDFC,insufficient_funds,1,19,12,0.334,0
pay_004999,cust_02903,777.08,upi,HDFC,network_error,2,18,2,0.242,0
pay_005000,cust_01944,2798.69,netbanking,ICICI,bank_timeout,2,19,6,0.129,0
pay_005001,cust_00651,2159.85,netbanking,ICICI,insufficient_funds,2,19,4,0.226,0
pay_005002,cust_01646,1141.82,card,HDFC,bank_timeout,1,7,1,0.182,1
pay_005003,cust_00994,3746.89,card,ICICI,card_blocked,0,4,4,0.025,0
pay_005004,cust_02743,944.31,upi,AXIS,network_error,1,7,7,0.07,1
pay_005005,cust_02588,1631.32,upi,AXIS,bank_timeout,1,12,12,0.31,1
pay_005006,cust_01339,1708.32,card,SBI,network_error,1,12,1,0.409,1
pay_005007,cust_00901,847.11,card,AXIS,network_error,1,4,4,0.051,1
pay_005008,cust_01685,460.46,netbanking,HDFC,invalid_card,0,13,12,0.081,0
pay_005009,cust_02828,2154.17,upi,HDFC,temporary_bank_failure,2,17,6,0.063,0
pay_005010,cust_01586,5404.42,card,SBI,network_error,2,14,9,0.232,1
pay_005011,cust_01924,3899.96,upi,KOTAK,card_blocked,1,0,0,0.081,0
pay_005012,cust_01782,4114.36,upi,SBI,network_error,0,6,6,0.068,1
pay_005013,cust_01137,954.17,netbanking,KOTAK,bank_timeout,1,9,9,0.362,0
pay_005014,cust_02218,2145.77,upi,KOTAK,temporary_bank_failure,0,1,1,0.206,1
pay_005015,cust_01945,578.64,card,ICICI,gateway_timeout,1,12,1,0.195,0
pay_005016,cust_01038,2069.64,netbanking,AXIS,invalid_card,2,2,2,0.305,1
pay_005017,cust_01739,5491.89,card,KOTAK,card_blocked,2,7,7,0.257,0
pay_005018,cust_00288,5630.03,netbanking,ICICI,invalid_card,1,11,11,0.248,0
pay_005019,cust_02237,9176.11,upi,SBI,expired_card,2,3,3,0.418,0
pay_005020,cust_02962,3989.19,netbanking,SBI,card_blocked,1,7,7,0.302,0
pay_005021,cust_01591,2645.46,card,KOTAK,invalid_card,0,0,0,0.164,0
pay_005022,cust_02742,3640.14,upi,ICICI,bank_timeout,0,2,2,0.154,1
pay_005023,cust_01746,3116.48,netbanking,HDFC,insufficient_funds,0,14,4,0.05,0
pay_005024,cust_02936,947.85,upi,AXIS,insufficient_funds,0,14,6,0.087,0
pay_005025,cust_02519,537.93,card,KOTAK,temporary_bank_failure,1,11,9,0.198,0
pay_005026,cust_01099,3663.62,card,HDFC,network_error,2,0,0,0.273,1
pay_005027,cust_02325,9649.67,upi,AXIS,expired_card,0,10,9,0.256,0
pay_005028,cust_00940,3786.42,card,HDFC,temporary_bank_failure,2,18,5,0.378,0
pay_005029,cust_01449,399.02,upi,ICICI,insufficient_funds,1,4,4,0.057,0
pay_005030,cust_00571,1193.4,card,KOTAK,temporary_bank_failure,2,16,16,0.122,0
pay_005031,cust_02905,1544.79,netbanking,HDFC,insufficient_funds,2,1,1,0.275,1
pay_005032,cust_01001,409.59,card,HDFC,temporary_bank_failure,2,12,12,0.119,0
pay_005033,cust_01206,600.93,card,HDFC,gateway_timeout,1,2,2,0.368,0
pay_005034,cust_02506,1755.2,card,KOTAK,invalid_card,1,12,1,0.08,0
pay_005035,cust_00918,2229.0,upi,ICICI,account_closed,1,7,7,0.295,0
pay_005036,cust_01875,821.55,upi,ICICI,insufficient_funds,2,12,1,0.039,1
pay_005037,cust_00833,579.2,upi,HDFC,insufficient_funds,0,2,2,0.201,1
pay_005038,cust_02887,4696.84,upi,ICICI,account_closed,0,8,4,0.095,0
pay_005039,cust_02241,1331.39,card,AXIS,bank_timeout,2,1,1,0.042,1
pay_005040,cust_01679,1492.89,wallet,ICICI,network_error,0,7,6,0.171,1
pay_005041,cust_00616,1167.55,netbanking,HDFC,temporary_bank_failure,0,0,0,0.085,1
pay_005042,cust_00406,975.61,card,AXIS,temporary_bank_failure,2,14,11,0.082,1
pay_005043,cust_01750,5126.75,netbanking,KOTAK,card_blocked,1,7,2,0.07,0
pay_005044,cust_02991,894.41,upi,SBI,insufficient_funds,0,7,7,0.086,1
pay_005045,cust_02769,2087.55,upi,ICICI,insufficient_funds,1,6,3,0.144,0
pay_005046,cust_00093,1820.68,upi,AXIS,insufficient_funds,0,19,6,0.141,0
pay_005047,cust_02478,380.49,netbanking,SBI,account_closed,2,12,10,0.308,0
pay_005048,cust_00654,2192.41,wallet,KOTAK,network_error,2,6,6,0.237,0
pay_005049,cust_00434,525.75,upi,SBI,insufficient_funds,1,6,6,0.23,0
pay_005050,cust_01136,3006.01,card,KOTAK,temporary_bank_failure,1,10,10,0.171,1
pay_005051,cust_00375,699.85,upi,HDFC,invalid_card,1,1,1,0.015,1
pay_005052,cust_01067,2745.22,card,HDFC,invalid_card,1,10,10,0.348,0
pay_005053,cust_00207,1282.28,upi,KOTAK,card_blocked,2,18,11,0.107,0
pay_005054,cust_00780,1054.2,netbanking,SBI,gateway_timeout,2,0,0,0.139,0
pay_005055,cust_01320,2139.77,card,ICICI,network_error,2,16,12,0.311,1
pay_005056,cust_01142,556.97,card,SBI,account_closed,1,0,0,0.175,0
pay_005057,cust_00532,1710.64,upi,SBI,account_closed,2,12,4,0.273,0
pay_005058,cust_02214,3380.57,card,ICICI,network_error,2,5,5,0.076,1
pay_005059,cust_02691,4163.38,card,SBI,temporary_bank_failure,0,4,4,0.06,0
pay_005060,cust_00090,1248.75,upi,SBI,temporary_bank_failure,0,1,1,0.249,1
pay_005061,cust_01118,1403.44,wallet,AXIS,insufficient_funds,0,9,8,0.436,0
pay_005062,cust_00013,548.11,upi,KOTAK,account_closed,1,18,18,0.54,0
pay_005063,cust_01858,991.71,upi,HDFC,bank_timeout,1,6,6,0.048,1
pay_005064,cust_00805,519.0,upi,KOTAK,expired_card,2,14,3,0.349,0
pay_005065,cust_00945,2571.02,card,SBI,temporary_bank_failure,2,10,5,0.111,1
pay_005066,cust_02790,3546.56,netbanking,ICICI,network_error,1,5,5,0.119,1
pay_005067,cust_01858,1257.17,upi,ICICI,temporary_bank_failure,0,4,0,0.072,0
pay_005068,cust_01611,775.43,wallet,HDFC,insufficient_funds,2,3,3,0.186,0
pay_005069,cust_02924,2313.58,wallet,HDFC,card_blocked,0,5,5,0.291,0
pay_005070,cust_01960,902.91,card,HDFC,insufficient_funds,2,6,6,0.132,0
pay_005071,cust_02708,3095.02,wallet,ICICI,insufficient_funds,0,11,2,0.2,0
pay_005072,cust_01053,8504.44,wallet,SBI,bank_timeout,2,13,3,0.167,1
pay_005073,cust_00296,891.1,upi,HDFC,bank_timeout,0,1,1,0.023,0
pay_005074,cust_00926,998.9,card,HDFC,bank_timeout,0,19,5,0.277,0
pay_005075,cust_00640,562.47,upi,ICICI,bank_timeout,1,2,2,0.109,1
pay_005076,cust_02388,2032.23,card,SBI,insufficient_funds,2,4,4,0.341,0
pay_005077,cust_00628,1924.65,upi,HDFC,insufficient_funds,0,9,9,0.126,0
pay_005078,cust_02487,1456.15,card,SBI,bank_timeout,1,6,6,0.149,1
pay_005079,cust_01168,1831.55,upi,AXIS,temporary_bank_failure,2,8,8,0.142,0
pay_005080,cust_00942,784.51,wallet,HDFC,bank_timeout,1,17,14,0.167,1
pay_005081,cust_00830,477.92,card,HDFC,card_blocked,0,5,5,0.133,0
pay_005082,cust_01771,985.1,upi,ICICI,insufficient_funds,2,9,9,0.375,1
pay_005083,cust_02567,390.56,card,AXIS,gateway_timeout,0,11,7,0.248,1
pay_005084,cust_00976,891.03,upi,AXIS,expired_card,0,1,1,0.396,0
pay_005085,cust_00955,2316.43,upi,AXIS,temporary_bank_failure,1,0,0,0.233,0
pay_005086,cust_01263,1896.44,card,KOTAK,expired_card,0,3,3,0.375,1
pay_005087,cust_00952,437.45,upi,ICICI,account_closed,2,14,13,0.479,0
pay_005088,cust_00944,4185.9,netbanking,ICICI,insufficient_funds,1,1,1,0.338,1
pay_005089,cust_02203,1547.42,card,HDFC,gateway_timeout,0,2,2,0.222,1
pay_005090,cust_01205,639.41,upi,ICICI,insufficient_funds,0,16,9,0.216,0
pay_005091,cust_02136,1350.89,upi,HDFC,insufficient_funds,0,1,1,0.059,1
pay_005092,cust_01535,1134.1,card,HDFC,account_closed,1,12,12,0.125,0
pay_005093,cust_01097,903.08,netbanking,KOTAK,gateway_timeout,2,7,7,0.564,1
pay_005094,cust_02979,3463.64,upi,ICICI,bank_timeout,1,19,10,0.202,0
pay_005095,cust_00179,746.16,card,ICICI,expired_card,0,18,8,0.171,1
pay_005096,cust_02260,2095.86,card,KOTAK,card_blocked,1,9,8,0.33,0
pay_005097,cust_01829,618.28,upi,KOTAK,account_closed,0,6,6,0.26,0
pay_005098,cust_01258,1755.45,upi,ICICI,invalid_card,1,3,0,0.224,0
pay_005099,cust_00465,2235.76,upi,ICICI,network_error,0,17,17,0.297,0
pay_005100,cust_01775,2239.19,upi,HDFC,invalid_card,1,2,2,0.116,1
pay_005101,cust_02679,1928.78,upi,SBI,bank_timeout,0,14,4,0.159,1
pay_005102,cust_02873,1493.37,card,HDFC,insufficient_funds,0,19,11,0.185,1
pay_005103,cust_01231,771.8,upi,AXIS,gateway_timeout,1,16,10,0.091,0
pay_005104,cust_02655,778.96,wallet,AXIS,account_closed,1,7,7,0.335,0
pay_005105,cust_00885,2296.32,wallet,SBI,network_error,0,14,6,0.103,1
pay_005106,cust_02414,659.1,card,KOTAK,invalid_card,2,12,7,0.256,1
pay_005107,cust_02324,548.64,upi,AXIS,bank_timeout,0,13,13,0.343,0
pay_005108,cust_02428,5674.94,card,KOTAK,expired_card,0,3,3,0.229,0
pay_005109,cust_01333,1468.84,card,KOTAK,temporary_bank_failure,2,10,4,0.208,0
pay_005110,cust_01655,3004.94,upi,HDFC,card_blocked,0,2,2,0.163,0
pay_005111,cust_00945,3636.55,card,KOTAK,expired_card,1,18,18,0.025,0
pay_005112,cust_02858,1883.53,card,SBI,temporary_bank_failure,1,12,12,0.065,1
pay_005113,cust_00925,1337.53,upi,HDFC,network_error,2,3,3,0.18,1
pay_005114,cust_01939,1355.83,netbanking,SBI,expired_card,0,12,0,0.102,0
pay_005115,cust_00494,6544.79,netbanking,KOTAK,temporary_bank_failure,1,14,2,0.128,1
pay_005116,cust_01547,1156.27,upi,AXIS,network_error,0,5,5,0.023,0
pay_005117,cust_01970,2082.13,upi,KOTAK,expired_card,2,17,8,0.068,0
pay_005118,cust_01095,3108.37,card,SBI,expired_card,1,7,3,0.148,0
pay_005119,cust_02412,2209.6,upi,ICICI,network_error,2,8,7,0.087,1
pay_005120,cust_02618,4304.89,netbanking,ICICI,insufficient_funds,0,19,19,0.158,0
pay_005121,cust_01826,1327.04,netbanking,AXIS,expired_card,0,1,1,0.157,0
pay_005122,cust_00763,3098.52,upi,SBI,card_blocked,0,9,1,0.25,0
pay_005123,cust_02324,430.23,card,AXIS,invalid_card,2,1,1,0.439,0
pay_005124,cust_00050,5310.98,card,HDFC,gateway_timeout,1,8,5,0.023,1
pay_005125,cust_02776,4440.49,card,KOTAK,account_closed,2,8,6,0.228,0
pay_005126,cust_00906,1417.23,netbanking,HDFC,gateway_timeout,1,12,0,0.108,0
pay_005127,cust_02976,2568.48,card,ICICI,bank_timeout,0,9,9,0.092,0
pay_005128,cust_00564,3688.05,upi,KOTAK,temporary_bank_failure,0,6,2,0.198,0
pay_005129,cust_00783,788.24,card,HDFC,invalid_card,2,12,12,0.31,0
pay_005130,cust_02533,1610.63,upi,ICICI,card_blocked,1,4,4,0.353,0
pay_005131,cust_02041,636.13,upi,HDFC,card_blocked,0,11,4,0.169,0
pay_005132,cust_01832,4495.05,upi,KOTAK,expired_card,0,8,8,0.226,0
pay_005133,cust_00584,3491.93,upi,HDFC,insufficient_funds,2,8,8,0.096,0
pay_005134,cust_01320,1444.1,upi,KOTAK,network_error,2,17,17,0.117,0
pay_005135,cust_00236,1316.15,card,HDFC,bank_timeout,1,7,7,0.214,1
pay_005136,cust_02104,1604.93,card,AXIS,insufficient_funds,0,17,4,0.039,0
pay_005137,cust_01943,882.0,wallet,HDFC,expired_card,1,9,9,0.069,0
pay_005138,cust_00360,1573.05,card,HDFC,temporary_bank_failure,1,0,0,0.067,1
pay_005139,cust_01931,788.25,card,AXIS,expired_card,1,9,9,0.207,1
pay_005140,cust_00110,3709.55,card,ICICI,insufficient_funds,2,4,4,0.125,0
pay_005141,cust_00192,4489.73,card,KOTAK,card_blocked,1,17,14,0.205,0
pay_005142,cust_00904,3851.26,upi,SBI,network_error,1,18,0,0.27,0
pay_005143,cust_01117,695.51,upi,ICICI,insufficient_funds,1,12,12,0.282,0
pay_005144,cust_00862,1530.33,wallet,KOTAK,gateway_timeout,2,5,5,0.095,1
pay_005145,cust_02616,2886.45,upi,HDFC,network_error,2,16,10,0.234,1
pay_005146,cust_01084,3344.28,card,ICICI,temporary_bank_failure,0,13,13,0.02,1
pay_005147,cust_00650,415.26,upi,HDFC,temporary_bank_failure,2,5,5,0.189,0
pay_005148,cust_00039,3269.5,netbanking,ICICI,insufficient_funds,2,15,11,0.023,0
pay_005149,cust_00637,668.73,netbanking,ICICI,insufficient_funds,1,8,0,0.123,0
pay_005150,cust_01037,1598.51,card,SBI,account_closed,0,3,1,0.24,0
pay_005151,cust_00036,4944.3,card,AXIS,invalid_card,2,17,16,0.305,0
pay_005152,cust_02149,4436.66,netbanking,ICICI,temporary_bank_failure,0,4,0,0.161,1
pay_005153,cust_01362,5223.4,upi,HDFC,card_blocked,1,0,0,0.067,0
pay_005154,cust_01984,770.46,upi,SBI,account_closed,2,14,12,0.214,0
pay_005155,cust_00166,938.77,card,ICICI,insufficient_funds,1,11,11,0.046,0
pay_005156,cust_02431,1152.58,upi,AXIS,bank_timeout,1,13,4,0.418,0
pay_005157,cust_01880,1608.16,card,HDFC,network_error,0,11,10,0.303,0
pay_005158,cust_02838,2150.3,card,SBI,invalid_card,2,12,6,0.195,0
pay_005159,cust_00031,5023.11,card,KOTAK,insufficient_funds,0,2,2,0.113,1
pay_005160,cust_00011,860.15,card,AXIS,bank_timeout,1,13,13,0.163,1
pay_005161,cust_02012,1093.26,upi,KOTAK,gateway_timeout,2,6,6,0.086,1
pay_005162,cust_02144,5647.19,card,KOTAK,network_error,1,2,2,0.176,0
pay_005163,cust_02501,715.34,card,SBI,account_closed,0,8,8,0.165,0
pay_005164,cust_02240,3234.02,card,SBI,account_closed,0,3,3,0.329,0
pay_005165,cust_00486,1684.26,card,SBI,gateway_timeout,1,1,1,0.229,0
pay_005166,cust_01290,2466.26,card,KOTAK,bank_timeout,0,2,2,0.139,1
pay_005167,cust_01448,944.73,card,HDFC,temporary_bank_failure,0,0,0,0.136,0
pay_005168,cust_02286,3183.51,card,SBI,bank_timeout,1,4,4,0.359,0
pay_005169,cust_01944,1071.31,upi,AXIS,temporary_bank_failure,2,8,8,0.275,0
pay_005170,cust_01964,580.75,card,SBI,invalid_card,2,17,3,0.085,0
pay_005171,cust_01852,2654.55,card,SBI,temporary_bank_failure,2,12,1,0.452,0
pay_005172,cust_01470,244.09,netbanking,SBI,insufficient_funds,1,18,15,0.078,0
pay_005173,cust_01367,1147.8,upi,KOTAK,bank_timeout,1,18,1,0.184,0
pay_005174,cust_02783,2282.23,netbanking,HDFC,temporary_bank_failure,0,6,6,0.222,0
pay_005175,cust_00991,3315.04,upi,SBI,bank_timeout,2,6,6,0.297,0
pay_005176,cust_00825,4823.31,netbanking,KOTAK,insufficient_funds,0,14,5,0.293,1
pay_005177,cust_01463,7495.33,card,AXIS,temporary_bank_failure,1,16,16,0.25,0
pay_005178,cust_02154,5868.76,upi,HDFC,account_closed,2,2,2,0.331,0
pay_005179,cust_02229,2107.46,upi,KOTAK,gateway_timeout,1,16,16,0.286,0
pay_005180,cust_02232,4449.27,netbanking,ICICI,insufficient_funds,0,13,10,0.126,0
pay_005181,cust_00226,2081.6,card,AXIS,card_blocked,0,4,4,0.238,0
pay_005182,cust_00777,3129.8,netbanking,AXIS,expired_card,1,6,6,0.376,0
pay_005183,cust_02838,1119.37,upi,ICICI,insufficient_funds,1,18,11,0.022,0
pay_005184,cust_01113,2616.68,upi,KOTAK,bank_timeout,2,18,11,0.09,1
pay_005185,cust_00688,1238.19,netbanking,KOTAK,account_closed,1,0,0,0.013,0
pay_005186,cust_00530,1573.67,wallet,AXIS,expired_card,0,18,5,0.454,1
pay_005187,cust_00972,2623.29,upi,KOTAK,bank_timeout,0,16,14,0.06,0
pay_005188,cust_00936,9634.48,card,ICICI,network_error,1,14,6,0.04,1
pay_005189,cust_01423,2479.51,card,KOTAK,insufficient_funds,1,7,6,0.242,1
pay_005190,cust_02154,1791.19,card,AXIS,bank_timeout,2,7,2,0.079,0
pay_005191,cust_01295,929.44,card,KOTAK,expired_card,0,0,0,0.205,1
pay_005192,cust_01999,3703.23,card,HDFC,network_error,0,19,10,0.228,1
pay_005193,cust_02879,1382.48,upi,ICICI,insufficient_funds,0,8,8,0.065,1
pay_005194,cust_01527,2438.95,netbanking,ICICI,network_error,1,1,0,0.349,1
pay_005195,cust_00679,3170.21,card,SBI,insufficient_funds,0,0,0,0.095,0
pay_005196,cust_02897,4970.56,upi,KOTAK,network_error,1,15,15,0.147,0
pay_005197,cust_02441,3547.14,card,ICICI,insufficient_funds,2,12,12,0.217,0
pay_005198,cust_00040,679.42,netbanking,KOTAK,card_blocked,1,10,10,0.1,0
pay_005199,cust_02708,457.71,card,HDFC,invalid_card,2,0,0,0.226,0
pay_005200,cust_01106,3169.02,upi,AXIS,network_error,2,5,5,0.114,0
pay_005201,cust_00845,1936.82,wallet,AXIS,insufficient_funds,1,0,0,0.134,0
pay_005202,cust_01744,2472.97,card,SBI,gateway_timeout,2,5,5,0.176,1
pay_005203,cust_02249,7156.71,upi,SBI,card_blocked,1,8,8,0.191,0
pay_005204,cust_00447,1104.04,netbanking,ICICI,invalid_card,0,12,12,0.017,0
pay_005205,cust_01235,5080.31,card,ICICI,bank_timeout,1,15,9,0.092,1
pay_005206,cust_02492,1112.84,wallet,ICICI,network_error,2,19,14,0.494,0
pay_005207,cust_01351,6324.68,netbanking,HDFC,expired_card,2,3,3,0.045,1
pay_005208,cust_02809,3295.83,card,SBI,network_error,0,19,17,0.172,1
pay_005209,cust_00227,541.48,card,SBI,card_blocked,1,10,10,0.337,0
pay_005210,cust_00048,1294.88,upi,AXIS,card_blocked,0,12,5,0.178,0
pay_005211,cust_02960,8371.05,netbanking,SBI,invalid_card,2,0,0,0.164,0
pay_005212,cust_01463,7571.55,card,SBI,bank_timeout,1,2,2,0.301,0
pay_005213,cust_01831,2931.82,upi,HDFC,insufficient_funds,2,10,10,0.07,0
pay_005214,cust_00187,2400.39,card,ICICI,gateway_timeout,1,19,2,0.227,1
pay_005215,cust_02393,2190.29,netbanking,HDFC,invalid_card,0,7,0,0.324,0
pay_005216,cust_02272,2564.76,upi,KOTAK,temporary_bank_failure,0,0,0,0.337,1
pay_005217,cust_02878,1615.44,upi,AXIS,gateway_timeout,2,18,16,0.261,1
pay_005218,cust_02536,4763.87,upi,AXIS,bank_timeout,0,13,0,0.121,0
pay_005219,cust_01933,2870.61,netbanking,AXIS,temporary_bank_failure,0,17,15,0.302,0
pay_005220,cust_02925,835.24,card,ICICI,card_blocked,2,5,0,0.376,0
pay_005221,cust_00849,3053.35,upi,ICICI,card_blocked,2,8,2,0.066,0
pay_005222,cust_02033,2063.15,card,ICICI,invalid_card,2,8,4,0.126,1
pay_005223,cust_01253,1408.15,upi,AXIS,account_closed,1,14,14,0.326,0
pay_005224,cust_01414,8257.04,upi,AXIS,network_error,2,4,4,0.106,1
pay_005225,cust_00979,1964.55,card,AXIS,insufficient_funds,1,18,13,0.026,0
pay_005226,cust_01613,377.86,upi,KOTAK,insufficient_funds,2,8,8,0.501,0
pay_005227,cust_01017,1490.59,upi,KOTAK,gateway_timeout,1,8,6,0.342,0
pay_005228,cust_02236,4002.97,netbanking,AXIS,temporary_bank_failure,2,16,16,0.091,1
pay_005229,cust_01882,861.62,card,ICICI,account_closed,1,14,10,0.355,0
pay_005230,cust_00270,3895.6,card,ICICI,insufficient_funds,0,9,9,0.05,0
pay_005231,cust_01631,813.91,netbanking,KOTAK,expired_card,2,8,8,0.104,0
pay_005232,cust_00310,5267.65,netbanking,KOTAK,expired_card,2,18,9,0.415,0
pay_005233,cust_02044,1143.61,upi,AXIS,bank_timeout,1,6,5,0.034,0
pay_005234,cust_01575,1364.53,wallet,AXIS,bank_timeout,0,12,7,0.259,0
pay_005235,cust_01096,1285.96,upi,ICICI,account_closed,0,1,1,0.319,0
pay_005236,cust_02893,2915.98,wallet,SBI,insufficient_funds,1,17,12,0.089,0
pay_005237,cust_01696,7905.35,upi,ICICI,account_closed,2,7,7,0.153,0
pay_005238,cust_02534,1829.63,card,ICICI,temporary_bank_failure,0,7,7,0.566,1
pay_005239,cust_01446,1792.34,card,AXIS,account_closed,2,19,12,0.107,0
pay_005240,cust_02168,1142.97,wallet,SBI,account_closed,1,8,8,0.173,0
pay_005241,cust_00220,491.82,card,SBI,gateway_timeout,2,12,12,0.1,1
pay_005242,cust_00053,1237.91,wallet,AXIS,gateway_timeout,0,19,6,0.135,1
pay_005243,cust_01758,660.37,upi,HDFC,temporary_bank_failure,1,11,11,0.087,1
pay_005244,cust_01475,399.47,card,AXIS,bank_timeout,0,6,6,0.385,1
pay_005245,cust_01667,1700.03,upi,KOTAK,expired_card,2,12,10,0.161,0
pay_005246,cust_01261,1171.36,upi,SBI,temporary_bank_failure,2,12,4,0.112,0
pay_005247,cust_02806,5438.5,upi,AXIS,account_closed,1,3,3,0.084,0
pay_005248,cust_02786,911.89,card,ICICI,account_closed,0,1,0,0.042,0
pay_005249,cust_00720,3091.14,netbanking,ICICI,expired_card,0,1,1,0.218,1
pay_005250,cust_00406,3043.18,upi,ICICI,network_error,0,4,1,0.046,0
pay_005251,cust_02656,5269.58,netbanking,AXIS,bank_timeout,1,1,1,0.39,0
pay_005252,cust_02470,1560.28,upi,HDFC,account_closed,2,14,11,0.19,0
pay_005253,cust_02760,5193.87,card,KOTAK,account_closed,2,1,1,0.569,0
pay_005254,cust_02295,2832.05,upi,ICICI,temporary_bank_failure,2,1,1,0.276,0
pay_005255,cust_00072,4498.18,netbanking,AXIS,temporary_bank_failure,0,19,12,0.125,1
pay_005256,cust_01854,12275.07,card,HDFC,gateway_timeout,1,7,7,0.139,1
pay_005257,cust_02233,1638.31,wallet,SBI,account_closed,0,4,4,0.133,0
pay_005258,cust_02054,2072.78,upi,SBI,expired_card,1,15,4,0.1,0
pay_005259,cust_01230,1353.63,wallet,KOTAK,bank_timeout,0,13,10,0.089,0
pay_005260,cust_01568,6209.57,netbanking,AXIS,expired_card,1,7,3,0.297,0
pay_005261,cust_02954,14526.39,upi,AXIS,bank_timeout,0,10,10,0.107,1
pay_005262,cust_00387,3253.0,upi,ICICI,expired_card,0,10,10,0.144,0
pay_005263,cust_01792,498.67,upi,HDFC,invalid_card,1,7,2,0.108,1
pay_005264,cust_00699,892.04,netbanking,KOTAK,account_closed,2,15,1,0.285,0
pay_005265,cust_01201,4571.84,upi,HDFC,insufficient_funds,2,7,7,0.124,0
pay_005266,cust_00827,723.8,upi,KOTAK,network_error,1,19,15,0.137,0
pay_005267,cust_01823,1118.31,upi,AXIS,invalid_card,1,19,5,0.301,0
pay_005268,cust_00349,1087.37,upi,AXIS,account_closed,2,11,6,0.22,0
pay_005269,cust_01279,1699.82,upi,KOTAK,expired_card,0,4,4,0.143,0
pay_005270,cust_00308,2220.23,card,HDFC,temporary_bank_failure,2,2,2,0.059,0
pay_005271,cust_01151,398.8,card,SBI,network_error,1,17,17,0.429,0
pay_005272,cust_01961,532.75,netbanking,SBI,network_error,0,0,0,0.059,1
pay_005273,cust_02335,543.02,netbanking,ICICI,bank_timeout,1,18,5,0.292,1
pay_005274,cust_00766,597.51,card,ICICI,bank_timeout,2,12,11,0.171,0
pay_005275,cust_00725,1831.34,netbanking,HDFC,temporary_bank_failure,0,10,6,0.066,1
pay_005276,cust_02810,2112.57,card,AXIS,card_blocked,2,0,0,0.069,0
pay_005277,cust_01620,4066.54,upi,HDFC,insufficient_funds,2,17,0,0.094,0
pay_005278,cust_00383,2818.45,card,KOTAK,gateway_timeout,2,18,14,0.231,0
pay_005279,cust_02436,1134.78,wallet,SBI,bank_timeout,0,12,12,0.155,0
pay_005280,cust_00525,2173.17,wallet,ICICI,card_blocked,2,7,7,0.212,0
pay_005281,cust_02687,4202.28,upi,HDFC,insufficient_funds,0,17,13,0.269,1
pay_005282,cust_02986,1507.33,card,HDFC,card_blocked,2,1,1,0.228,0
pay_005283,cust_00276,1410.45,upi,KOTAK,expired_card,2,18,8,0.17,0
pay_005284,cust_02548,848.98,upi,AXIS,bank_timeout,1,18,17,0.251,1
pay_005285,cust_02765,949.69,card,AXIS,account_closed,2,4,4,0.289,0
pay_005286,cust_00337,3128.97,card,SBI,insufficient_funds,0,7,7,0.357,1
pay_005287,cust_01974,1802.52,upi,ICICI,insufficient_funds,1,19,3,0.166,0
pay_005288,cust_02980,8662.1,card,AXIS,invalid_card,0,2,2,0.22,0
pay_005289,cust_00481,1052.2,card,AXIS,invalid_card,2,1,1,0.247,1
pay_005290,cust_00911,3324.58,upi,AXIS,invalid_card,1,5,5,0.073,0
pay_005291,cust_01997,2462.98,upi,HDFC,invalid_card,1,15,7,0.106,0
pay_005292,cust_01352,1683.28,wallet,AXIS,expired_card,1,14,9,0.11,0
pay_005293,cust_02034,1276.14,card,KOTAK,expired_card,0,3,3,0.188,1
pay_005294,cust_01755,2922.17,upi,SBI,account_closed,1,1,1,0.225,0
pay_005295,cust_00109,2790.95,card,AXIS,expired_card,1,13,11,0.029,0
pay_005296,cust_00328,2125.14,card,ICICI,bank_timeout,0,5,5,0.046,1
pay_005297,cust_01800,2541.49,upi,HDFC,expired_card,0,19,5,0.274,0
pay_005298,cust_00315,1861.6,card,KOTAK,network_error,0,19,10,0.431,1
pay_005299,cust_01135,486.41,card,SBI,bank_timeout,2,3,3,0.042,1
pay_005300,cust_02747,1934.3,upi,HDFC,network_error,0,19,17,0.411,1
pay_005301,cust_00781,1458.49,upi,KOTAK,network_error,0,0,0,0.228,0
pay_005302,cust_01521,8578.33,wallet,HDFC,bank_timeout,1,13,13,0.151,0
pay_005303,cust_00156,3001.02,card,SBI,network_error,2,2,2,0.186,1
pay_005304,cust_01497,2124.32,upi,SBI,insufficient_funds,1,3,2,0.036,0
pay_005305,cust_01725,2618.26,card,AXIS,network_error,0,19,3,0.336,0
pay_005306,cust_00887,797.52,card,ICICI,temporary_bank_failure,0,13,13,0.145,1
pay_005307,cust_02806,1110.08,netbanking,AXIS,account_closed,1,19,8,0.058,0
pay_005308,cust_00722,1383.22,upi,HDFC,account_closed,2,18,17,0.075,0
pay_005309,cust_00913,2466.95,card,AXIS,temporary_bank_failure,2,8,8,0.191,1
pay_005310,cust_00871,1276.91,upi,SBI,account_closed,1,13,13,0.245,0
pay_005311,cust_00013,1210.57,wallet,SBI,insufficient_funds,0,3,3,0.067,0
pay_005312,cust_02656,769.48,card,SBI,network_error,2,3,3,0.266,0
pay_005313,cust_00498,1844.75,card,AXIS,invalid_card,2,11,8,0.024,0
pay_005314,cust_01757,2064.11,card,KOTAK,card_blocked,1,7,7,0.058,0
pay_005315,cust_02286,2547.37,netbanking,AXIS,expired_card,2,15,5,0.319,0
pay_005316,cust_01118,1036.07,card,AXIS,network_error,0,10,10,0.223,1
pay_005317,cust_02829,2432.37,card,AXIS,bank_timeout,1,6,5,0.347,0
pay_005318,cust_01195,786.65,upi,AXIS,network_error,2,19,6,0.216,0
pay_005319,cust_02005,1517.39,upi,SBI,temporary_bank_failure,0,13,4,0.392,1
pay_005320,cust_02654,2301.37,netbanking,ICICI,temporary_bank_failure,0,9,2,0.139,0
pay_005321,cust_02709,1470.02,card,AXIS,insufficient_funds,1,1,1,0.133,0
pay_005322,cust_01648,518.28,upi,AXIS,insufficient_funds,1,12,12,0.127,1
pay_005323,cust_01591,570.15,wallet,ICICI,insufficient_funds,0,8,8,0.358,0
pay_005324,cust_02897,2157.52,card,AXIS,temporary_bank_failure,0,17,2,0.171,1
pay_005325,cust_02984,2874.75,card,ICICI,bank_timeout,2,9,9,0.11,1
pay_005326,cust_01491,2371.92,upi,SBI,gateway_timeout,2,13,11,0.067,1
pay_005327,cust_02676,2930.69,upi,KOTAK,card_blocked,2,2,0,0.129,0
pay_005328,cust_00143,1444.57,card,AXIS,expired_card,2,6,6,0.29,0
pay_005329,cust_01225,3264.15,card,KOTAK,gateway_timeout,2,10,10,0.406,0
pay_005330,cust_02762,2365.74,upi,AXIS,bank_timeout,1,5,5,0.141,1
pay_005331,cust_02527,1084.02,upi,HDFC,network_error,2,14,6,0.299,0
pay_005332,cust_00565,2728.65,netbanking,HDFC,insufficient_funds,2,14,5,0.246,0
pay_005333,cust_02519,2291.22,netbanking,SBI,insufficient_funds,2,7,2,0.161,0
pay_005334,cust_02432,6891.16,card,KOTAK,bank_timeout,0,12,11,0.147,0
pay_005335,cust_01716,5450.46,netbanking,KOTAK,bank_timeout,2,11,8,0.078,0
pay_005336,cust_02974,1679.34,card,ICICI,temporary_bank_failure,1,11,10,0.139,1
pay_005337,cust_00417,1294.47,netbanking,ICICI,bank_timeout,0,8,5,0.335,0
pay_005338,cust_01849,6293.6,upi,AXIS,card_blocked,0,19,11,0.349,0
pay_005339,cust_02356,2810.82,upi,ICICI,bank_timeout,2,16,15,0.166,1
pay_005340,cust_02697,1572.91,upi,ICICI,card_blocked,0,14,5,0.358,0
pay_005341,cust_01718,368.25,card,KOTAK,expired_card,2,12,11,0.32,0
pay_005342,cust_01391,987.92,card,HDFC,gateway_timeout,2,13,3,0.109,0
pay_005343,cust_01068,934.47,card,KOTAK,insufficient_funds,2,7,7,0.165,1
pay_005344,cust_02787,1608.24,netbanking,ICICI,gateway_timeout,1,12,12,0.324,1
pay_005345,cust_01867,2965.54,upi,AXIS,insufficient_funds,0,2,2,0.428,0
pay_005346,cust_01122,3350.96,card,HDFC,network_error,0,7,7,0.028,1
pay_005347,cust_01289,6003.08,netbanking,ICICI,bank_timeout,0,5,4,0.121,1
pay_005348,cust_01807,3808.98,card,ICICI,insufficient_funds,0,10,2,0.121,1
pay_005349,cust_02188,638.82,netbanking,AXIS,bank_timeout,0,9,9,0.317,1
pay_005350,cust_01505,4121.64,upi,AXIS,temporary_bank_failure,2,7,4,0.175,0
pay_005351,cust_01017,7234.81,upi,ICICI,card_blocked,2,7,7,0.478,0
pay_005352,cust_00953,6953.82,card,ICICI,account_closed,2,6,5,0.142,0
pay_005353,cust_02952,685.2,netbanking,KOTAK,account_closed,1,18,8,0.179,0
pay_005354,cust_00072,1551.73,card,SBI,insufficient_funds,1,11,11,0.197,0
pay_005355,cust_01691,3900.18,card,AXIS,bank_timeout,1,2,2,0.337,1
pay_005356,cust_01292,715.75,upi,AXIS,bank_timeout,1,10,10,0.006,0
pay_005357,cust_01345,454.9,netbanking,KOTAK,card_blocked,0,12,12,0.088,0
pay_005358,cust_02155,2324.28,card,HDFC,account_closed,1,15,15,0.131,0
pay_005359,cust_00883,1053.14,upi,HDFC,gateway_timeout,0,8,0,0.158,1
pay_005360,cust_00139,490.21,upi,HDFC,expired_card,0,15,14,0.021,0
pay_005361,cust_02663,4834.9,upi,AXIS,account_closed,0,4,4,0.212,0
pay_005362,cust_02911,2062.04,upi,SBI,insufficient_funds,2,7,7,0.433,0
pay_005363,cust_02321,1192.07,card,SBI,account_closed,2,11,4,0.235,0
pay_005364,cust_01505,836.35,card,KOTAK,network_error,0,2,2,0.316,0
pay_005365,cust_02464,2079.02,upi,HDFC,insufficient_funds,1,2,2,0.054,1
pay_005366,cust_02554,2730.76,card,HDFC,insufficient_funds,0,12,5,0.065,1
pay_005367,cust_00733,2346.65,upi,ICICI,expired_card,2,2,2,0.16,0
pay_005368,cust_01749,536.39,card,KOTAK,card_blocked,1,8,3,0.388,0
pay_005369,cust_00424,2647.79,upi,KOTAK,account_closed,2,0,0,0.086,0
pay_005370,cust_01592,3151.27,upi,AXIS,bank_timeout,1,5,5,0.257,0
pay_005371,cust_00390,1373.72,netbanking,AXIS,network_error,2,18,12,0.323,0
pay_005372,cust_00342,4153.42,upi,KOTAK,expired_card,0,15,15,0.166,0
pay_005373,cust_00946,914.58,card,SBI,network_error,2,0,0,0.23,1
pay_005374,cust_00614,5076.96,card,KOTAK,network_error,1,9,4,0.233,1
pay_005375,cust_00493,2009.92,upi,SBI,expired_card,2,1,1,0.242,1
pay_005376,cust_00192,1215.69,upi,AXIS,insufficient_funds,1,2,1,0.22,0
pay_005377,cust_00499,1401.42,upi,KOTAK,invalid_card,2,6,6,0.431,0
pay_005378,cust_00822,4021.57,upi,SBI,temporary_bank_failure,2,5,5,0.084,1
pay_005379,cust_01736,2185.92,netbanking,ICICI,temporary_bank_failure,0,14,2,0.227,1
pay_005380,cust_01257,3029.2,netbanking,ICICI,network_error,1,1,1,0.106,1
pay_005381,cust_01969,4271.56,card,KOTAK,expired_card,1,16,16,0.514,0
pay_005382,cust_00227,1187.04,upi,HDFC,expired_card,0,18,3,0.104,0
pay_005383,cust_01395,2001.87,card,KOTAK,bank_timeout,2,13,9,0.349,0
pay_005384,cust_02187,1510.86,card,AXIS,network_error,1,16,6,0.127,0
pay_005385,cust_02904,4079.16,upi,AXIS,network_error,1,18,17,0.051,0
pay_005386,cust_00817,1331.47,upi,ICICI,invalid_card,1,1,1,0.024,0
pay_005387,cust_01474,1878.57,card,SBI,network_error,0,15,15,0.252,1
pay_005388,cust_01087,11345.54,netbanking,ICICI,network_error,0,19,0,0.506,1
pay_005389,cust_00104,5054.8,card,SBI,bank_timeout,1,15,15,0.259,0
pay_005390,cust_01875,789.83,card,KOTAK,account_closed,2,2,2,0.113,0
pay_005391,cust_00871,3720.38,card,HDFC,bank_timeout,2,13,13,0.353,1
pay_005392,cust_00668,3136.98,upi,AXIS,bank_timeout,0,6,6,0.343,0
pay_005393,cust_02043,749.56,card,KOTAK,bank_timeout,2,9,6,0.113,1
pay_005394,cust_00273,1655.66,card,ICICI,temporary_bank_failure,0,8,8,0.327,1
pay_005395,cust_01030,847.12,card,KOTAK,insufficient_funds,1,7,7,0.141,1
pay_005396,cust_02232,266.65,card,HDFC,gateway_timeout,1,14,10,0.104,0
pay_005397,cust_01052,1608.77,card,SBI,insufficient_funds,1,11,4,0.131,0
pay_005398,cust_01574,1206.08,card,HDFC,card_blocked,0,5,2,0.242,0
pay_005399,cust_00293,749.4,card,ICICI,invalid_card,2,14,14,0.236,1
pay_005400,cust_02225,1794.23,upi,HDFC,temporary_bank_failure,1,14,8,0.04,1
pay_005401,cust_02106,331.46,card,AXIS,network_error,2,7,7,0.532,0
pay_005402,cust_01293,1868.74,upi,HDFC,invalid_card,2,11,6,0.024,0
pay_005403,cust_00308,1830.45,card,KOTAK,insufficient_funds,0,19,0,0.179,0
pay_005404,cust_00977,3111.91,card,SBI,card_blocked,0,1,1,0.034,0
pay_005405,cust_01252,501.43,upi,AXIS,account_closed,2,8,8,0.053,0
pay_005406,cust_01271,10012.0,upi,AXIS,insufficient_funds,2,7,7,0.303,0
pay_005407,cust_02748,7366.09,wallet,AXIS,bank_timeout,1,7,7,0.404,1
pay_005408,cust_01518,974.02,card,ICICI,bank_timeout,1,3,3,0.205,1
pay_005409,cust_02131,5812.65,netbanking,ICICI,account_closed,1,4,2,0.324,0
pay_005410,cust_01210,3589.1,upi,KOTAK,expired_card,2,16,8,0.041,0
pay_005411,cust_02300,1272.15,netbanking,SBI,insufficient_funds,0,6,6,0.087,1
pay_005412,cust_01379,1112.67,wallet,HDFC,expired_card,2,0,0,0.192,0
pay_005413,cust_01774,1182.07,card,KOTAK,insufficient_funds,1,9,1,0.35,1
pay_005414,cust_01720,17345.62,card,ICICI,insufficient_funds,1,13,4,0.084,0
pay_005415,cust_02043,5367.38,upi,KOTAK,network_error,0,18,17,0.029,0
pay_005416,cust_00796,1537.3,card,SBI,insufficient_funds,2,8,8,0.254,0
pay_005417,cust_00897,1647.25,netbanking,KOTAK,bank_timeout,1,10,10,0.041,1
pay_005418,cust_01962,3561.58,card,AXIS,expired_card,0,11,11,0.189,1
pay_005419,cust_00210,3438.93,netbanking,HDFC,temporary_bank_failure,1,0,0,0.368,0
pay_005420,cust_02864,840.92,card,ICICI,expired_card,0,19,9,0.309,0
pay_005421,cust_02657,2293.95,card,ICICI,card_blocked,2,16,16,0.146,0
pay_005422,cust_02495,1162.08,wallet,SBI,insufficient_funds,0,0,0,0.431,1
pay_005423,cust_02508,2042.15,card,SBI,temporary_bank_failure,2,0,0,0.148,1
pay_005424,cust_00968,1739.91,card,SBI,network_error,2,17,14,0.329,1
pay_005425,cust_00472,4081.07,card,ICICI,network_error,1,8,2,0.212,0
pay_005426,cust_02418,1458.81,netbanking,AXIS,card_blocked,2,16,16,0.292,0
pay_005427,cust_02948,1987.54,upi,HDFC,insufficient_funds,1,12,5,0.267,0
pay_005428,cust_00923,402.43,netbanking,SBI,gateway_timeout,1,16,16,0.122,1
pay_005429,cust_00137,2342.38,upi,ICICI,network_error,2,10,3,0.129,0
pay_005430,cust_00367,969.89,card,AXIS,invalid_card,0,16,10,0.236,0
pay_005431,cust_02960,537.16,card,SBI,gateway_timeout,2,8,7,0.114,1
pay_005432,cust_00184,4461.73,card,SBI,temporary_bank_failure,2,13,13,0.053,0
pay_005433,cust_02520,1748.62,upi,HDFC,network_error,0,0,0,0.121,1
pay_005434,cust_01399,343.19,upi,HDFC,network_error,1,7,7,0.354,0
pay_005435,cust_02702,965.94,card,KOTAK,temporary_bank_failure,1,1,1,0.203,0
pay_005436,cust_02797,1815.29,card,SBI,insufficient_funds,2,3,2,0.105,0
pay_005437,cust_00537,1859.01,card,KOTAK,network_error,0,17,4,0.278,1
pay_005438,cust_02850,1212.54,card,ICICI,bank_timeout,0,12,6,0.079,0
pay_005439,cust_01603,122.46,card,HDFC,temporary_bank_failure,0,13,0,0.106,1
pay_005440,cust_01274,1162.67,card,AXIS,insufficient_funds,0,10,7,0.313,0
pay_005441,cust_02968,4259.16,card,SBI,bank_timeout,2,10,5,0.214,0
pay_005442,cust_02558,5552.01,netbanking,SBI,insufficient_funds,2,7,3,0.274,1
pay_005443,cust_02678,1112.1,card,KOTAK,bank_timeout,1,11,10,0.285,1
pay_005444,cust_01097,8157.29,netbanking,HDFC,invalid_card,0,0,0,0.126,1
pay_005445,cust_01306,495.91,card,KOTAK,account_closed,2,15,15,0.192,0
pay_005446,cust_00916,945.75,upi,SBI,card_blocked,2,17,17,0.226,0
pay_005447,cust_00152,3689.32,card,HDFC,expired_card,0,0,0,0.044,1
pay_005448,cust_01029,3252.71,upi,SBI,expired_card,0,19,1,0.105,0
pay_005449,cust_01219,1794.18,card,HDFC,expired_card,1,17,17,0.031,0
pay_005450,cust_01978,738.56,card,SBI,account_closed,0,9,9,0.237,0
pay_005451,cust_02512,736.98,netbanking,AXIS,invalid_card,1,10,10,0.269,0
pay_005452,cust_00271,1011.77,upi,KOTAK,gateway_timeout,1,15,10,0.206,1
pay_005453,cust_01187,763.05,card,HDFC,expired_card,0,4,2,0.045,0
pay_005454,cust_00460,2007.33,card,KOTAK,network_error,0,0,0,0.081,1
pay_005455,cust_00105,1679.39,card,HDFC,expired_card,2,17,0,0.42,0
pay_005456,cust_01711,714.02,upi,HDFC,invalid_card,0,6,1,0.5,1
pay_005457,cust_02210,1361.16,upi,HDFC,invalid_card,0,0,0,0.333,1
pay_005458,cust_02399,217.12,card,SBI,account_closed,1,1,0,0.09,0
pay_005459,cust_00434,2371.73,card,ICICI,gateway_timeout,0,1,1,0.066,0
pay_005460,cust_02900,3207.93,upi,SBI,account_closed,2,15,0,0.375,0
pay_005461,cust_00140,871.79,card,ICICI,card_blocked,2,7,7,0.22,0
pay_005462,cust_01495,963.81,upi,SBI,card_blocked,0,9,9,0.032,0
pay_005463,cust_00087,2222.33,upi,ICICI,insufficient_funds,0,19,7,0.256,0
pay_005464,cust_01712,1968.47,upi,HDFC,insufficient_funds,1,15,6,0.241,0
pay_005465,cust_02231,3355.97,card,HDFC,insufficient_funds,0,4,4,0.206,0
pay_005466,cust_02416,971.32,netbanking,ICICI,temporary_bank_failure,1,3,3,0.312,0
pay_005467,cust_00129,1065.88,card,ICICI,temporary_bank_failure,0,12,7,0.333,0
pay_005468,cust_01270,1515.41,upi,KOTAK,network_error,1,7,7,0.113,1
pay_005469,cust_01602,770.55,netbanking,HDFC,card_blocked,2,12,1,0.12,0
pay_005470,cust_00670,1489.23,upi,SBI,insufficient_funds,0,4,4,0.125,0
pay_005471,cust_00149,780.69,upi,KOTAK,card_blocked,0,16,16,0.36,0
pay_005472,cust_00985,2525.15,card,ICICI,gateway_timeout,1,14,14,0.186,1
pay_005473,cust_00852,855.56,netbanking,SBI,temporary_bank_failure,1,6,6,0.527,0
pay_005474,cust_01457,2213.46,card,AXIS,bank_timeout,0,9,9,0.185,1
pay_005475,cust_00628,5798.14,upi,AXIS,temporary_bank_failure,1,2,2,0.103,1
pay_005476,cust_01493,2546.77,card,AXIS,account_closed,0,15,4,0.083,0
pay_005477,cust_02494,2081.22,card,SBI,insufficient_funds,2,19,19,0.226,0
pay_005478,cust_02045,607.34,card,ICICI,insufficient_funds,1,14,14,0.019,0
pay_005479,cust_00884,5492.99,card,SBI,insufficient_funds,0,5,5,0.209,1
pay_005480,cust_02342,4414.2,netbanking,KOTAK,account_closed,2,9,1,0.047,0
pay_005481,cust_01789,1595.47,netbanking,KOTAK,network_error,0,6,6,0.031,1
pay_005482,cust_00250,1329.7,upi,AXIS,card_blocked,0,18,8,0.197,0
pay_005483,cust_02926,942.76,card,ICICI,expired_card,2,4,1,0.123,0
pay_005484,cust_00948,7566.62,card,KOTAK,account_closed,1,6,6,0.048,0
pay_005485,cust_00975,3385.21,upi,HDFC,insufficient_funds,2,2,2,0.159,1
pay_005486,cust_01326,985.62,card,HDFC,network_error,0,1,1,0.028,1
pay_005487,cust_02837,4356.46,upi,AXIS,insufficient_funds,2,18,15,0.188,0
pay_005488,cust_00984,5278.09,card,AXIS,bank_timeout,0,1,1,0.288,0
pay_005489,cust_00889,1777.62,upi,AXIS,account_closed,2,18,7,0.151,0
pay_005490,cust_02938,1372.68,netbanking,KOTAK,expired_card,1,17,6,0.241,0
pay_005491,cust_02118,816.91,upi,ICICI,temporary_bank_failure,2,0,0,0.202,0
pay_005492,cust_02673,3184.16,netbanking,AXIS,temporary_bank_failure,2,8,4,0.216,1
pay_005493,cust_00875,1284.78,upi,SBI,account_closed,1,15,15,0.279,0
pay_005494,cust_01327,1242.97,upi,AXIS,account_closed,0,7,7,0.289,0
pay_005495,cust_00471,1791.44,card,KOTAK,invalid_card,2,10,10,0.212,1
pay_005496,cust_01988,939.73,card,ICICI,gateway_timeout,0,15,15,0.197,1
pay_005497,cust_00091,6140.97,netbanking,AXIS,account_closed,2,19,12,0.226,0
pay_005498,cust_00530,3921.89,upi,HDFC,network_error,1,9,9,0.29,0
pay_005499,cust_00661,1922.24,upi,AXIS,bank_timeout,2,15,15,0.158,0
pay_005500,cust_00739,915.07,upi,AXIS,gateway_timeout,0,12,11,0.174,1
pay_005501,cust_02774,955.46,card,ICICI,card_blocked,0,6,6,0.129,0
pay_005502,cust_00872,922.34,wallet,SBI,insufficient_funds,1,0,0,0.526,0
pay_005503,cust_01687,675.49,card,AXIS,network_error,0,13,6,0.3,1
pay_005504,cust_00192,2340.57,netbanking,AXIS,expired_card,1,8,3,0.138,0
pay_005505,cust_01987,1081.44,card,KOTAK,invalid_card,1,13,5,0.021,1
pay_005506,cust_02186,1033.14,card,ICICI,insufficient_funds,0,3,3,0.147,1
pay_005507,cust_00345,942.8,card,KOTAK,account_closed,0,8,8,0.192,0
pay_005508,cust_01009,4035.41,netbanking,AXIS,insufficient_funds,1,1,1,0.134,0
pay_005509,cust_02551,985.49,netbanking,AXIS,bank_timeout,0,10,10,0.078,0
pay_005510,cust_00203,4990.22,netbanking,HDFC,invalid_card,1,19,10,0.498,0
pay_005511,cust_00573,1436.33,card,KOTAK,bank_timeout,2,13,3,0.199,1
pay_005512,cust_00192,667.76,card,ICICI,account_closed,0,3,3,0.267,0
pay_005513,cust_02053,2631.78,upi,AXIS,insufficient_funds,0,2,2,0.072,0
pay_005514,cust_01914,3676.88,card,HDFC,invalid_card,1,9,9,0.197,0
pay_005515,cust_01717,910.12,upi,HDFC,card_blocked,2,19,7,0.401,0
pay_005516,cust_00311,1901.87,upi,SBI,gateway_timeout,2,0,0,0.128,1
pay_005517,cust_02597,2332.67,card,ICICI,insufficient_funds,0,8,5,0.054,0
pay_005518,cust_02104,1951.8,upi,HDFC,account_closed,1,12,8,0.034,0
pay_005519,cust_00443,1253.24,netbanking,ICICI,bank_timeout,1,10,10,0.145,0
pay_005520,cust_01261,3660.28,netbanking,AXIS,bank_timeout,0,9,4,0.266,1
pay_005521,cust_00870,1478.98,upi,SBI,insufficient_funds,2,0,0,0.37,0
pay_005522,cust_00585,1113.71,upi,ICICI,network_error,1,12,12,0.564,0
pay_005523,cust_01595,440.51,upi,SBI,network_error,1,8,8,0.162,0
pay_005524,cust_02800,443.81,card,ICICI,card_blocked,0,7,7,0.334,0
pay_005525,cust_01538,2148.93,card,ICICI,expired_card,0,12,1,0.044,0
pay_005526,cust_00360,1699.96,card,KOTAK,account_closed,2,7,7,0.195,0
pay_005527,cust_01724,3677.38,card,SBI,account_closed,2,16,0,0.109,0
pay_005528,cust_02867,4465.91,card,ICICI,bank_timeout,1,0,0,0.349,0
pay_005529,cust_02078,1486.11,netbanking,KOTAK,card_blocked,0,11,1,0.344,0
pay_005530,cust_01803,3861.92,upi,KOTAK,account_closed,0,11,9,0.05,0
pay_005531,cust_02012,1153.46,card,SBI,bank_timeout,0,10,10,0.424,1
pay_005532,cust_02156,1603.73,card,AXIS,card_blocked,2,10,0,0.179,0
pay_005533,cust_00844,1567.46,upi,SBI,insufficient_funds,2,15,2,0.028,0
pay_005534,cust_01626,6394.86,card,ICICI,card_blocked,1,4,4,0.147,0
pay_005535,cust_02765,650.16,card,AXIS,account_closed,0,8,3,0.186,0
pay_005536,cust_00891,1895.64,netbanking,SBI,gateway_timeout,2,9,4,0.341,0
pay_005537,cust_01992,1036.05,upi,SBI,insufficient_funds,0,10,1,0.222,0
pay_005538,cust_01983,1423.38,upi,SBI,temporary_bank_failure,2,2,2,0.23,0
pay_005539,cust_00960,1375.5,upi,SBI,insufficient_funds,0,10,2,0.03,1
pay_005540,cust_01469,1915.34,card,AXIS,bank_timeout,1,7,7,0.143,1
pay_005541,cust_02941,5310.99,upi,ICICI,account_closed,2,0,0,0.229,0
pay_005542,cust_01462,8280.02,upi,KOTAK,expired_card,2,16,6,0.202,0
pay_005543,cust_00732,3057.21,upi,SBI,invalid_card,1,15,6,0.132,1
pay_005544,cust_00606,826.08,card,KOTAK,insufficient_funds,1,15,15,0.262,0
pay_005545,cust_02505,1572.31,netbanking,KOTAK,bank_timeout,0,2,2,0.303,1
pay_005546,cust_00615,2227.16,card,KOTAK,insufficient_funds,2,14,7,0.124,1
pay_005547,cust_02746,1305.66,upi,SBI,temporary_bank_failure,0,1,1,0.065,1
pay_005548,cust_02005,1448.58,upi,SBI,bank_timeout,0,10,10,0.117,1
pay_005549,cust_01720,1707.99,upi,SBI,insufficient_funds,0,8,8,0.159,0
pay_005550,cust_00674,3353.53,upi,SBI,account_closed,2,4,4,0.196,0
pay_005551,cust_01271,2763.2,card,HDFC,expired_card,1,2,2,0.322,0
pay_005552,cust_02591,1109.72,card,ICICI,network_error,0,7,7,0.234,0
pay_005553,cust_01588,2905.23,card,HDFC,account_closed,2,5,5,0.633,0
pay_005554,cust_02905,7183.12,card,AXIS,temporary_bank_failure,0,6,5,0.054,1
pay_005555,cust_01612,538.96,card,HDFC,network_error,1,11,4,0.261,1
pay_005556,cust_00897,1274.28,upi,HDFC,card_blocked,1,6,6,0.222,0
pay_005557,cust_01463,1199.09,card,HDFC,bank_timeout,2,8,1,0.082,0
pay_005558,cust_00278,1927.41,card,ICICI,network_error,2,8,4,0.082,0
pay_005559,cust_00552,420.27,upi,KOTAK,insufficient_funds,1,0,0,0.091,0
pay_005560,cust_01637,5371.54,netbanking,AXIS,network_error,2,2,2,0.238,0
pay_005561,cust_02159,1877.01,upi,AXIS,network_error,1,4,4,0.143,0
pay_005562,cust_02433,2295.04,netbanking,ICICI,expired_card,0,10,0,0.198,0
pay_005563,cust_00761,2091.95,upi,HDFC,account_closed,1,3,3,0.101,0
pay_005564,cust_02742,1196.04,card,KOTAK,expired_card,0,11,11,0.018,1
pay_005565,cust_01450,3161.88,upi,SBI,bank_timeout,2,0,0,0.088,0
pay_005566,cust_00405,1815.62,card,ICICI,account_closed,0,0,0,0.02,0
pay_005567,cust_01359,341.13,card,KOTAK,card_blocked,1,12,0,0.389,0
pay_005568,cust_01233,1658.17,card,ICICI,temporary_bank_failure,2,19,14,0.201,0
pay_005569,cust_00022,1448.01,card,ICICI,insufficient_funds,2,4,4,0.086,1
pay_005570,cust_00678,3157.05,upi,SBI,insufficient_funds,1,19,0,0.061,0
pay_005571,cust_02659,15695.52,upi,KOTAK,expired_card,2,1,1,0.271,0
pay_005572,cust_02029,2445.85,card,HDFC,card_blocked,1,18,12,0.189,0
pay_005573,cust_01232,9856.03,netbanking,KOTAK,card_blocked,0,6,6,0.284,0
pay_005574,cust_02056,1044.21,upi,KOTAK,insufficient_funds,0,15,9,0.016,1
pay_005575,cust_02750,1099.16,upi,HDFC,bank_timeout,2,3,3,0.553,0
pay_005576,cust_01809,1484.53,netbanking,SBI,temporary_bank_failure,1,17,8,0.244,0
pay_005577,cust_00529,2540.6,card,KOTAK,gateway_timeout,1,10,10,0.026,0
pay_005578,cust_02038,1083.03,upi,HDFC,insufficient_funds,0,15,0,0.476,0
pay_005579,cust_02650,497.96,card,ICICI,card_blocked,0,9,9,0.207,0
pay_005580,cust_01677,1841.7,upi,ICICI,network_error,2,1,1,0.046,1
pay_005581,cust_00657,724.59,netbanking,HDFC,insufficient_funds,1,9,9,0.054,1
pay_005582,cust_00166,4414.56,upi,ICICI,temporary_bank_failure,2,2,2,0.219,0
pay_005583,cust_00849,3026.3,card,KOTAK,card_blocked,2,11,11,0.219,0
pay_005584,cust_00496,984.74,card,HDFC,card_blocked,2,19,3,0.095,0
pay_005585,cust_00590,2603.56,card,KOTAK,account_closed,1,1,1,0.184,0
pay_005586,cust_00429,1166.16,upi,AXIS,temporary_bank_failure,0,7,2,0.027,0
pay_005587,cust_02822,1734.1,card,SBI,temporary_bank_failure,1,17,3,0.216,0
pay_005588,cust_00163,1748.76,card,SBI,gateway_timeout,1,8,1,0.133,0
pay_005589,cust_02414,1382.29,upi,SBI,invalid_card,1,10,2,0.252,0
pay_005590,cust_01263,3514.12,card,HDFC,bank_timeout,2,2,2,0.388,1
pay_005591,cust_00072,738.54,netbanking,AXIS,card_blocked,2,7,1,0.613,0
pay_005592,cust_00655,2778.26,card,SBI,account_closed,1,4,4,0.073,0
pay_005593,cust_00269,2306.82,card,KOTAK,bank_timeout,2,14,6,0.255,1
pay_005594,cust_01777,587.77,card,SBI,gateway_timeout,2,9,8,0.16,1
pay_005595,cust_02463,957.63,wallet,AXIS,expired_card,0,13,8,0.127,1
pay_005596,cust_01269,753.63,upi,KOTAK,network_error,1,4,1,0.118,1
pay_005597,cust_01016,1348.65,card,KOTAK,bank_timeout,1,17,6,0.157,0
pay_005598,cust_02723,1879.46,upi,HDFC,insufficient_funds,2,11,11,0.184,0
pay_005599,cust_01084,860.31,upi,HDFC,account_closed,1,2,2,0.133,0
pay_005600,cust_00006,3925.71,card,ICICI,card_blocked,1,7,0,0.168,0
pay_005601,cust_00982,4214.25,upi,AXIS,bank_timeout,1,13,2,0.128,0
pay_005602,cust_02618,4853.89,card,KOTAK,account_closed,1,0,0,0.373,0
pay_005603,cust_00407,205.52,card,AXIS,insufficient_funds,2,3,3,0.221,0
pay_005604,cust_01954,8591.55,upi,SBI,network_error,0,7,3,0.179,1
pay_005605,cust_02074,2064.91,card,SBI,insufficient_funds,2,12,9,0.172,0
pay_005606,cust_00986,1877.77,netbanking,ICICI,card_blocked,0,15,15,0.118,0
pay_005607,cust_00390,1666.53,card,KOTAK,temporary_bank_failure,1,15,15,0.097,1
pay_005608,cust_00710,628.29,upi,KOTAK,temporary_bank_failure,1,8,8,0.413,1
pay_005609,cust_02619,2411.02,card,ICICI,expired_card,1,18,10,0.09,0
pay_005610,cust_01472,6565.31,netbanking,SBI,bank_timeout,1,7,5,0.42,0
pay_005611,cust_00754,2045.13,card,KOTAK,account_closed,1,18,5,0.185,0
pay_005612,cust_02194,740.94,wallet,AXIS,expired_card,1,0,0,0.337,1
pay_005613,cust_01412,533.66,card,KOTAK,account_closed,1,12,9,0.107,0
pay_005614,cust_02833,1429.07,upi,SBI,network_error,0,12,1,0.377,0
pay_005615,cust_01273,997.03,upi,KOTAK,account_closed,2,3,3,0.303,0
pay_005616,cust_00526,3171.82,card,KOTAK,gateway_timeout,1,9,9,0.23,0
pay_005617,cust_01486,5411.79,card,HDFC,bank_timeout,1,10,5,0.202,1
pay_005618,cust_02061,2632.58,netbanking,KOTAK,account_closed,1,13,3,0.213,0
pay_005619,cust_02951,1689.06,card,ICICI,expired_card,0,4,4,0.442,0
pay_005620,cust_02432,1626.16,upi,ICICI,network_error,1,12,12,0.091,1
pay_005621,cust_00556,1913.84,card,AXIS,network_error,2,14,1,0.175,0
pay_005622,cust_02935,714.83,wallet,KOTAK,network_error,0,16,2,0.183,1
pay_005623,cust_00019,2927.23,upi,AXIS,card_blocked,0,15,15,0.15,0
pay_005624,cust_00575,761.54,card,SBI,account_closed,1,0,0,0.239,0
pay_005625,cust_02799,4415.76,card,SBI,temporary_bank_failure,0,11,11,0.061,1
pay_005626,cust_01004,1352.08,card,HDFC,insufficient_funds,1,19,17,0.06,0
pay_005627,cust_02467,3514.48,card,HDFC,temporary_bank_failure,2,18,5,0.231,0
pay_005628,cust_02467,556.34,card,KOTAK,invalid_card,2,6,3,0.299,0
pay_005629,cust_01939,3494.72,netbanking,KOTAK,network_error,0,4,4,0.296,1
pay_005630,cust_01940,5377.73,netbanking,AXIS,temporary_bank_failure,0,7,7,0.167,1
pay_005631,cust_01636,648.55,card,AXIS,insufficient_funds,1,3,3,0.205,0
pay_005632,cust_01699,1651.1,upi,KOTAK,account_closed,0,13,13,0.15,0
pay_005633,cust_02170,2363.52,card,KOTAK,expired_card,2,5,5,0.156,0
pay_005634,cust_00432,2457.98,card,HDFC,card_blocked,0,18,18,0.246,0
pay_005635,cust_02092,1377.96,card,HDFC,card_blocked,2,3,3,0.317,0
pay_005636,cust_01896,1196.71,upi,HDFC,expired_card,1,9,9,0.04,1
pay_005637,cust_01944,2214.12,wallet,KOTAK,temporary_bank_failure,2,18,15,0.356,0
pay_005638,cust_01341,2397.17,card,AXIS,expired_card,0,9,5,0.161,1
pay_005639,cust_02429,1094.53,card,ICICI,network_error,2,12,12,0.257,0
pay_005640,cust_00145,934.46,card,ICICI,temporary_bank_failure,2,2,2,0.372,1
pay_005641,cust_02411,4765.23,netbanking,AXIS,invalid_card,0,7,7,0.073,0
pay_005642,cust_01074,1970.68,card,AXIS,account_closed,1,9,9,0.127,0
pay_005643,cust_01089,293.72,upi,AXIS,gateway_timeout,2,1,1,0.293,1
pay_005644,cust_02403,4788.67,netbanking,HDFC,insufficient_funds,0,0,0,0.065,1
pay_005645,cust_00800,1121.35,card,SBI,gateway_timeout,2,9,9,0.073,0
pay_005646,cust_02874,1907.2,upi,KOTAK,insufficient_funds,2,12,9,0.045,0
pay_005647,cust_01152,2440.34,card,HDFC,insufficient_funds,2,0,0,0.175,0
pay_005648,cust_02446,551.73,netbanking,ICICI,expired_card,1,1,1,0.077,1
pay_005649,cust_01957,1435.05,card,KOTAK,invalid_card,2,9,0,0.256,0
pay_005650,cust_02928,5187.77,wallet,AXIS,card_blocked,0,3,3,0.139,0
pay_005651,cust_00463,4322.06,netbanking,ICICI,gateway_timeout,0,6,6,0.132,1
pay_005652,cust_01775,1433.27,upi,AXIS,bank_timeout,2,4,4,0.608,0
pay_005653,cust_02046,3205.64,upi,AXIS,expired_card,1,15,15,0.249,0
pay_005654,cust_00808,3561.8,upi,AXIS,insufficient_funds,0,6,6,0.295,1
pay_005655,cust_00187,3419.33,card,KOTAK,account_closed,1,8,2,0.259,0
pay_005656,cust_01744,722.83,card,ICICI,bank_timeout,1,19,12,0.237,1
pay_005657,cust_00732,6720.52,card,ICICI,expired_card,0,8,1,0.247,1
pay_005658,cust_01936,1247.54,upi,AXIS,insufficient_funds,0,10,8,0.043,0
pay_005659,cust_01214,1973.31,netbanking,HDFC,gateway_timeout,1,16,12,0.147,0
pay_005660,cust_01412,1365.09,netbanking,SBI,insufficient_funds,2,10,0,0.164,0
pay_005661,cust_00429,2172.88,upi,HDFC,expired_card,1,8,8,0.277,0
pay_005662,cust_02906,905.59,upi,KOTAK,account_closed,0,18,2,0.061,0
pay_005663,cust_01308,1510.06,netbanking,SBI,network_error,1,7,7,0.106,1
pay_005664,cust_02285,2092.69,netbanking,HDFC,temporary_bank_failure,0,4,4,0.318,0
pay_005665,cust_01218,4816.1,upi,ICICI,insufficient_funds,2,5,5,0.286,1
pay_005666,cust_01311,4372.73,card,HDFC,temporary_bank_failure,2,18,16,0.206,0
pay_005667,cust_00771,4553.46,upi,AXIS,insufficient_funds,2,10,10,0.152,0
pay_005668,cust_00758,3622.51,upi,KOTAK,network_error,2,1,1,0.12,1
pay_005669,cust_00136,7921.54,upi,HDFC,temporary_bank_failure,2,2,2,0.06,0
pay_005670,cust_00792,1433.52,wallet,HDFC,temporary_bank_failure,0,1,1,0.205,0
pay_005671,cust_00171,1593.66,netbanking,SBI,card_blocked,1,12,3,0.154,0
pay_005672,cust_02207,1542.02,card,AXIS,account_closed,2,10,7,0.096,0
pay_005673,cust_02249,1721.75,card,SBI,account_closed,0,10,4,0.049,0
pay_005674,cust_01581,573.08,card,KOTAK,insufficient_funds,1,12,10,0.209,0
pay_005675,cust_00962,2234.58,card,KOTAK,insufficient_funds,1,18,1,0.186,0
pay_005676,cust_02631,2688.78,card,AXIS,bank_timeout,2,12,12,0.051,0
pay_005677,cust_00876,1471.55,netbanking,SBI,network_error,2,0,0,0.089,0
pay_005678,cust_02419,443.25,card,AXIS,account_closed,1,12,11,0.103,0
pay_005679,cust_00103,1839.31,upi,SBI,insufficient_funds,1,5,5,0.082,1
pay_005680,cust_01002,641.77,card,ICICI,card_blocked,0,7,5,0.234,0
pay_005681,cust_01149,2544.91,upi,AXIS,insufficient_funds,2,18,7,0.148,0
pay_005682,cust_02846,1989.12,netbanking,KOTAK,gateway_timeout,1,13,4,0.288,1
pay_005683,cust_01482,2151.45,upi,SBI,temporary_bank_failure,1,5,5,0.348,0
pay_005684,cust_00658,773.69,card,ICICI,card_blocked,2,16,12,0.124,0
pay_005685,cust_02930,4960.53,netbanking,KOTAK,gateway_timeout,0,1,0,0.227,0
pay_005686,cust_01221,2071.79,card,SBI,bank_timeout,0,15,13,0.267,0
pay_005687,cust_02781,870.1,upi,ICICI,temporary_bank_failure,2,4,3,0.163,0
pay_005688,cust_00423,2874.73,card,KOTAK,expired_card,0,19,19,0.199,1
pay_005689,cust_02620,1955.08,upi,KOTAK,bank_timeout,0,5,0,0.151,1
pay_005690,cust_00171,7859.93,card,ICICI,bank_timeout,0,1,1,0.377,1
pay_005691,cust_02221,1161.77,upi,KOTAK,insufficient_funds,1,4,4,0.082,0
pay_005692,cust_02711,666.46,upi,SBI,bank_timeout,1,9,9,0.267,0
pay_005693,cust_00453,2278.97,card,SBI,gateway_timeout,0,18,2,0.131,0
pay_005694,cust_02398,4063.42,netbanking,KOTAK,temporary_bank_failure,2,0,0,0.05,0
pay_005695,cust_01976,11595.53,card,HDFC,gateway_timeout,2,5,5,0.315,1
pay_005696,cust_01658,27858.4,netbanking,ICICI,insufficient_funds,2,15,8,0.212,0
pay_005697,cust_02542,522.36,card,HDFC,network_error,0,9,9,0.02,1
pay_005698,cust_02668,1622.64,upi,SBI,gateway_timeout,2,7,1,0.312,0
pay_005699,cust_02967,668.23,upi,KOTAK,temporary_bank_failure,1,19,12,0.387,0
pay_005700,cust_02054,1483.4,card,AXIS,invalid_card,2,18,2,0.166,1
pay_005701,cust_00288,13118.71,card,AXIS,expired_card,2,19,10,0.189,0
pay_005702,cust_01642,938.45,upi,HDFC,account_closed,1,6,6,0.647,0
pay_005703,cust_01448,1776.57,netbanking,HDFC,expired_card,1,14,14,0.226,0
pay_005704,cust_01914,1136.05,wallet,HDFC,bank_timeout,0,4,4,0.423,0
pay_005705,cust_00608,810.27,card,SBI,insufficient_funds,0,3,3,0.526,1
pay_005706,cust_00457,7587.31,card,SBI,invalid_card,0,18,1,0.049,0
pay_005707,cust_01765,527.73,upi,KOTAK,account_closed,0,18,5,0.068,0
pay_005708,cust_01226,1692.55,upi,SBI,network_error,0,9,9,0.189,0
pay_005709,cust_01236,1939.86,netbanking,KOTAK,network_error,1,7,1,0.298,0
pay_005710,cust_01030,1760.86,card,KOTAK,account_closed,1,19,12,0.507,0
pay_005711,cust_02672,1404.49,card,HDFC,insufficient_funds,1,0,0,0.121,0
pay_005712,cust_02424,6577.92,upi,AXIS,insufficient_funds,2,19,2,0.291,0
pay_005713,cust_00447,333.78,card,HDFC,insufficient_funds,2,12,12,0.006,0
pay_005714,cust_00835,2563.58,upi,SBI,network_error,2,6,1,0.448,1
pay_005715,cust_00811,2656.59,card,ICICI,insufficient_funds,0,1,1,0.329,1
pay_005716,cust_01425,2274.67,upi,SBI,invalid_card,2,8,8,0.146,0
pay_005717,cust_01412,930.13,upi,AXIS,account_closed,0,18,17,0.092,0
pay_005718,cust_00959,4741.1,card,SBI,bank_timeout,0,8,0,0.243,1
pay_005719,cust_01476,4555.02,card,AXIS,expired_card,0,16,16,0.018,1
pay_005720,cust_02897,904.27,wallet,ICICI,bank_timeout,0,17,13,0.435,0
pay_005721,cust_00809,693.46,netbanking,ICICI,card_blocked,2,9,9,0.154,0
pay_005722,cust_00979,594.14,netbanking,KOTAK,insufficient_funds,1,0,0,0.126,1
pay_005723,cust_02464,2165.32,wallet,SBI,invalid_card,0,10,10,0.191,0
pay_005724,cust_00726,1876.99,card,KOTAK,insufficient_funds,2,18,3,0.213,0
pay_005725,cust_02502,1354.4,card,HDFC,card_blocked,0,18,17,0.129,0
pay_005726,cust_01217,9557.24,card,HDFC,card_blocked,0,1,1,0.026,0
pay_005727,cust_02198,1250.29,netbanking,HDFC,temporary_bank_failure,1,4,3,0.162,0
pay_005728,cust_01904,2100.65,upi,HDFC,insufficient_funds,0,2,2,0.119,1
pay_005729,cust_02807,1547.75,upi,HDFC,insufficient_funds,1,12,11,0.216,0
pay_005730,cust_00779,8694.92,netbanking,SBI,network_error,2,6,6,0.009,1
pay_005731,cust_00973,368.07,upi,KOTAK,account_closed,0,10,10,0.423,0
pay_005732,cust_02811,1411.03,card,KOTAK,temporary_bank_failure,1,16,13,0.174,1
pay_005733,cust_01539,2955.44,card,AXIS,bank_timeout,0,0,0,0.172,0
pay_005734,cust_01417,1513.36,card,HDFC,network_error,0,3,3,0.203,1
pay_005735,cust_02124,636.85,card,ICICI,insufficient_funds,0,0,0,0.104,1
pay_005736,cust_00599,2082.4,card,AXIS,account_closed,1,8,1,0.145,0
pay_005737,cust_00225,494.2,upi,AXIS,insufficient_funds,2,17,2,0.098,0
pay_005738,cust_01554,3090.81,card,SBI,network_error,1,16,16,0.29,1
pay_005739,cust_02161,1299.05,upi,AXIS,temporary_bank_failure,2,18,18,0.207,0
pay_005740,cust_02299,1135.49,upi,ICICI,card_blocked,1,14,14,0.018,0
pay_005741,cust_00841,4175.23,wallet,KOTAK,bank_timeout,1,9,9,0.188,0
pay_005742,cust_01815,810.31,upi,AXIS,card_blocked,2,11,5,0.118,0
pay_005743,cust_00714,526.38,wallet,SBI,account_closed,2,15,3,0.514,0
pay_005744,cust_01107,872.72,card,HDFC,expired_card,2,11,9,0.071,0
pay_005745,cust_00125,9298.43,card,ICICI,card_blocked,1,0,0,0.107,0
pay_005746,cust_01093,810.01,upi,HDFC,network_error,2,12,4,0.166,1
pay_005747,cust_02932,2422.17,card,AXIS,card_blocked,0,3,3,0.2,0
pay_005748,cust_01280,3549.93,upi,KOTAK,network_error,0,19,4,0.187,1
pay_005749,cust_01751,852.52,card,SBI,insufficient_funds,0,11,11,0.099,1
pay_005750,cust_00030,853.41,upi,ICICI,insufficient_funds,0,18,17,0.049,0
pay_005751,cust_02329,2088.34,netbanking,KOTAK,insufficient_funds,2,14,14,0.189,0
pay_005752,cust_02972,2165.18,card,ICICI,network_error,2,8,7,0.052,0
pay_005753,cust_02018,5313.97,wallet,SBI,invalid_card,0,6,0,0.137,1
pay_005754,cust_02416,977.13,card,SBI,invalid_card,2,5,5,0.232,1
pay_005755,cust_00495,1337.02,card,AXIS,card_blocked,0,8,8,0.123,0
pay_005756,cust_01610,17513.32,upi,ICICI,insufficient_funds,1,17,0,0.166,0
pay_005757,cust_00718,430.91,netbanking,AXIS,insufficient_funds,2,7,4,0.08,0
pay_005758,cust_01017,365.71,upi,ICICI,account_closed,1,17,8,0.096,0
pay_005759,cust_01338,597.99,upi,ICICI,card_blocked,2,12,0,0.387,0
pay_005760,cust_00606,4364.61,card,HDFC,expired_card,2,6,6,0.005,0
pay_005761,cust_00375,1273.31,card,AXIS,account_closed,2,11,11,0.377,0
pay_005762,cust_02687,1272.94,card,ICICI,insufficient_funds,1,4,2,0.258,0
pay_005763,cust_01961,835.33,card,ICICI,gateway_timeout,1,15,15,0.097,1
pay_005764,cust_01049,3769.64,wallet,SBI,account_closed,0,7,7,0.383,0
pay_005765,cust_01358,605.44,netbanking,HDFC,invalid_card,1,6,6,0.067,0
pay_005766,cust_00116,1135.47,card,SBI,network_error,1,0,0,0.275,0
pay_005767,cust_02096,862.2,upi,AXIS,bank_timeout,0,1,1,0.01,1
pay_005768,cust_01802,213.19,upi,AXIS,insufficient_funds,1,8,5,0.078,0
pay_005769,cust_02147,1233.25,card,ICICI,account_closed,1,14,9,0.35,0
pay_005770,cust_01483,1724.44,card,KOTAK,network_error,0,6,6,0.327,1
pay_005771,cust_01547,972.22,upi,SBI,invalid_card,1,6,6,0.267,1
pay_005772,cust_01621,1458.82,upi,AXIS,gateway_timeout,0,19,10,0.184,0
pay_005773,cust_02453,1489.06,card,ICICI,temporary_bank_failure,2,12,8,0.16,0
pay_005774,cust_00685,1625.51,netbanking,ICICI,network_error,2,3,3,0.223,0
pay_005775,cust_02951,778.03,upi,SBI,card_blocked,1,18,2,0.067,0
pay_005776,cust_02551,743.08,card,ICICI,network_error,2,9,9,0.259,0
pay_005777,cust_01472,1877.24,card,HDFC,temporary_bank_failure,1,3,3,0.181,0
pay_005778,cust_02942,555.09,upi,KOTAK,temporary_bank_failure,0,11,7,0.357,1
pay_005779,cust_01600,1523.4,upi,SBI,temporary_bank_failure,0,2,2,0.053,1
pay_005780,cust_02306,6690.16,upi,SBI,network_error,0,7,1,0.124,1
pay_005781,cust_02892,1752.75,card,SBI,temporary_bank_failure,2,16,4,0.161,0
pay_005782,cust_02169,419.37,card,ICICI,insufficient_funds,0,5,5,0.071,0
pay_005783,cust_00810,2087.78,card,ICICI,insufficient_funds,0,12,8,0.078,0
pay_005784,cust_00978,3480.02,card,SBI,network_error,1,17,10,0.427,1
pay_005785,cust_02102,956.95,upi,SBI,invalid_card,1,15,15,0.297,0
pay_005786,cust_01355,1423.45,card,HDFC,temporary_bank_failure,1,10,9,0.125,1
pay_005787,cust_00784,895.92,card,AXIS,card_blocked,1,13,10,0.183,0
pay_005788,cust_00241,1249.2,card,HDFC,temporary_bank_failure,0,0,0,0.309,1
pay_005789,cust_01779,1061.63,upi,SBI,account_closed,1,11,0,0.069,0
pay_005790,cust_01554,2561.98,upi,ICICI,temporary_bank_failure,2,19,0,0.181,0
pay_005791,cust_00483,6813.15,netbanking,ICICI,insufficient_funds,2,5,5,0.226,0
pay_005792,cust_01013,1892.72,netbanking,SBI,gateway_timeout,2,6,6,0.539,1
pay_005793,cust_00187,526.69,upi,AXIS,gateway_timeout,1,10,8,0.16,0
pay_005794,cust_01882,13678.04,card,KOTAK,insufficient_funds,0,0,0,0.334,0
pay_005795,cust_02704,2882.23,upi,KOTAK,expired_card,1,2,2,0.077,1
pay_005796,cust_02310,3392.0,card,HDFC,account_closed,2,12,7,0.474,0
pay_005797,cust_00953,1718.18,upi,AXIS,insufficient_funds,1,5,5,0.073,1
pay_005798,cust_01388,2178.05,upi,KOTAK,network_error,2,9,9,0.161,1
pay_005799,cust_00491,1375.45,upi,AXIS,card_blocked,0,6,1,0.282,0
pay_005800,cust_00431,3725.5,card,ICICI,expired_card,0,10,7,0.399,1
pay_005801,cust_00239,1234.08,wallet,ICICI,gateway_timeout,0,14,0,0.041,0
pay_005802,cust_02352,2674.45,upi,AXIS,card_blocked,0,10,10,0.243,0
pay_005803,cust_02346,3926.58,upi,SBI,card_blocked,0,17,10,0.18,0
pay_005804,cust_00076,4898.81,card,KOTAK,bank_timeout,1,0,0,0.46,1
pay_005805,cust_01357,4128.02,card,KOTAK,bank_timeout,0,13,1,0.323,1
pay_005806,cust_01924,797.21,card,ICICI,bank_timeout,1,11,11,0.089,1
pay_005807,cust_01782,6362.63,card,HDFC,expired_card,2,0,0,0.117,0
pay_005808,cust_02690,3076.07,upi,KOTAK,expired_card,2,17,3,0.152,0
pay_005809,cust_00827,2308.78,netbanking,ICICI,expired_card,0,16,6,0.623,1
pay_005810,cust_02331,2531.84,card,ICICI,expired_card,1,13,4,0.18,0
pay_005811,cust_00591,1592.86,upi,AXIS,temporary_bank_failure,0,11,8,0.183,1
pay_005812,cust_02120,1244.77,card,AXIS,network_error,2,0,0,0.094,0
pay_005813,cust_02751,1346.41,card,AXIS,card_blocked,1,18,17,0.159,0
pay_005814,cust_01903,5066.99,netbanking,HDFC,card_blocked,2,3,3,0.43,0
pay_005815,cust_01911,1929.16,upi,KOTAK,network_error,1,4,4,0.186,0
pay_005816,cust_00575,2265.1,upi,HDFC,network_error,2,4,0,0.281,0
pay_005817,cust_00892,1897.16,card,HDFC,gateway_timeout,0,1,1,0.038,1
pay_005818,cust_02060,1059.61,card,AXIS,bank_timeout,0,10,10,0.129,1
pay_005819,cust_00141,324.58,card,ICICI,network_error,0,2,2,0.108,1
pay_005820,cust_01790,3344.18,card,SBI,gateway_timeout,2,7,7,0.103,0
pay_005821,cust_00017,3072.42,card,ICICI,network_error,2,1,1,0.059,1
pay_005822,cust_01087,1791.55,upi,ICICI,invalid_card,2,3,3,0.08,0
pay_005823,cust_00253,755.82,card,ICICI,account_closed,0,6,6,0.1,0
pay_005824,cust_00465,7759.36,card,ICICI,account_closed,2,18,8,0.093,0
pay_005825,cust_00376,1376.2,upi,HDFC,insufficient_funds,2,18,5,0.251,1
pay_005826,cust_01828,2205.26,netbanking,AXIS,expired_card,0,6,6,0.102,0
pay_005827,cust_00520,1030.17,wallet,AXIS,insufficient_funds,2,7,7,0.403,0
pay_005828,cust_01861,614.14,netbanking,ICICI,bank_timeout,1,13,13,0.102,1
pay_005829,cust_00090,2897.8,card,SBI,expired_card,2,3,3,0.245,0
pay_005830,cust_00720,544.22,card,KOTAK,temporary_bank_failure,0,13,2,0.061,1
pay_005831,cust_02852,2171.62,netbanking,ICICI,bank_timeout,1,0,0,0.218,1
pay_005832,cust_02844,2176.68,netbanking,ICICI,insufficient_funds,0,4,4,0.024,0
pay_005833,cust_00630,738.18,upi,SBI,network_error,0,10,10,0.14,1
pay_005834,cust_01885,640.9,card,HDFC,account_closed,0,14,12,0.115,0
pay_005835,cust_00076,976.18,card,ICICI,card_blocked,1,19,11,0.401,0
pay_005836,cust_00926,1094.39,netbanking,SBI,network_error,1,13,4,0.086,1
pay_005837,cust_02448,531.77,card,HDFC,bank_timeout,0,12,0,0.165,0
pay_005838,cust_01806,735.01,upi,HDFC,bank_timeout,2,6,6,0.295,1
pay_005839,cust_00970,1921.24,wallet,ICICI,card_blocked,1,17,4,0.187,0
pay_005840,cust_01095,8881.26,upi,HDFC,network_error,0,5,5,0.275,0
pay_005841,cust_02029,4048.57,card,ICICI,gateway_timeout,2,19,1,0.1,1
pay_005842,cust_01405,2055.79,card,ICICI,bank_timeout,0,6,4,0.147,1
pay_005843,cust_02845,4458.97,card,AXIS,gateway_timeout,1,8,8,0.041,1
pay_005844,cust_00195,4556.78,upi,KOTAK,invalid_card,1,1,1,0.266,0
pay_005845,cust_00228,1416.6,upi,KOTAK,gateway_timeout,2,7,7,0.347,1
pay_005846,cust_01460,2222.34,card,AXIS,invalid_card,1,5,5,0.252,0
pay_005847,cust_00461,3953.35,card,ICICI,expired_card,0,8,4,0.075,1
pay_005848,cust_00618,4409.77,card,SBI,insufficient_funds,0,6,6,0.388,0
pay_005849,cust_00064,4443.77,wallet,HDFC,invalid_card,2,4,4,0.13,0
pay_005850,cust_02213,795.04,netbanking,AXIS,account_closed,2,16,15,0.082,0
pay_005851,cust_02075,4628.75,card,AXIS,invalid_card,2,6,4,0.119,0
pay_005852,cust_00285,7994.12,netbanking,AXIS,expired_card,2,15,1,0.16,0
pay_005853,cust_01684,5971.43,upi,AXIS,expired_card,0,10,10,0.177,1
pay_005854,cust_02329,758.68,upi,KOTAK,network_error,0,13,2,0.141,0
pay_005855,cust_00838,620.43,upi,ICICI,card_blocked,0,2,2,0.328,0
pay_005856,cust_00831,2623.28,upi,AXIS,network_error,0,7,5,0.26,1
pay_005857,cust_01188,5883.27,card,AXIS,temporary_bank_failure,2,14,14,0.185,0
pay_005858,cust_02966,2166.64,upi,AXIS,insufficient_funds,1,8,0,0.224,0
pay_005859,cust_00224,1498.2,netbanking,SBI,bank_timeout,0,15,15,0.204,1
pay_005860,cust_00784,1682.18,card,SBI,insufficient_funds,1,17,1,0.228,0
pay_005861,cust_00950,4090.38,card,HDFC,network_error,2,7,7,0.164,1
pay_005862,cust_00045,1397.88,card,ICICI,card_blocked,2,6,6,0.142,0
pay_005863,cust_01811,2656.5,card,AXIS,account_closed,1,19,1,0.03,0
pay_005864,cust_00471,1628.98,card,HDFC,insufficient_funds,2,9,0,0.169,0
pay_005865,cust_02082,888.32,upi,HDFC,gateway_timeout,1,11,9,0.13,0
pay_005866,cust_02701,834.35,card,ICICI,bank_timeout,0,11,1,0.134,1
pay_005867,cust_00830,2752.45,card,SBI,account_closed,2,9,4,0.352,0
pay_005868,cust_01910,207.61,netbanking,ICICI,gateway_timeout,2,1,1,0.185,1
pay_005869,cust_02269,2652.9,upi,HDFC,network_error,1,11,0,0.645,0
pay_005870,cust_01892,1577.35,card,ICICI,card_blocked,1,5,5,0.082,0
pay_005871,cust_02582,3854.0,card,SBI,expired_card,1,0,0,0.11,0
pay_005872,cust_00692,2925.36,upi,HDFC,bank_timeout,1,8,8,0.221,0
pay_005873,cust_01391,1873.75,upi,ICICI,invalid_card,1,19,6,0.226,0
pay_005874,cust_00932,769.78,card,AXIS,invalid_card,2,15,15,0.274,0
pay_005875,cust_00841,803.85,netbanking,AXIS,gateway_timeout,1,16,16,0.258,1
pay_005876,cust_01939,1079.26,upi,ICICI,bank_timeout,0,19,8,0.063,0
pay_005877,cust_01574,3622.34,netbanking,ICICI,insufficient_funds,1,5,2,0.229,0
pay_005878,cust_02630,7442.51,card,SBI,invalid_card,2,3,3,0.153,0
pay_005879,cust_02287,2354.1,card,HDFC,bank_timeout,0,8,8,0.19,1
pay_005880,cust_02489,1128.48,card,ICICI,network_error,2,19,5,0.136,0
pay_005881,cust_00148,1226.57,card,HDFC,insufficient_funds,1,7,7,0.064,0
pay_005882,cust_01033,1272.57,card,AXIS,insufficient_funds,2,17,7,0.175,0
pay_005883,cust_01312,4155.1,card,HDFC,account_closed,2,11,11,0.103,0
pay_005884,cust_00388,1252.79,upi,KOTAK,account_closed,1,6,6,0.247,0
pay_005885,cust_01874,1745.94,card,SBI,card_blocked,2,7,6,0.192,0
pay_005886,cust_00916,5302.0,card,SBI,insufficient_funds,2,9,9,0.352,0
pay_005887,cust_01879,1148.28,netbanking,HDFC,invalid_card,2,2,2,0.19,0
pay_005888,cust_02686,2823.26,card,SBI,bank_timeout,0,17,14,0.071,1
pay_005889,cust_00278,3715.85,upi,HDFC,temporary_bank_failure,2,8,5,0.259,1
pay_005890,cust_01978,1902.18,upi,HDFC,expired_card,1,4,4,0.085,1
pay_005891,cust_01860,8632.54,wallet,AXIS,invalid_card,1,12,12,0.177,1
pay_005892,cust_01826,6852.46,netbanking,HDFC,insufficient_funds,2,4,4,0.06,0
pay_005893,cust_02637,2231.61,card,SBI,insufficient_funds,1,1,1,0.076,1
pay_005894,cust_01834,950.46,netbanking,KOTAK,network_error,0,6,6,0.405,1
pay_005895,cust_02697,987.08,card,ICICI,network_error,1,2,2,0.078,1
pay_005896,cust_00618,2143.32,upi,SBI,account_closed,1,8,8,0.106,0
pay_005897,cust_01631,755.95,card,KOTAK,bank_timeout,2,2,2,0.23,0
pay_005898,cust_02183,2242.07,upi,SBI,gateway_timeout,0,5,5,0.12,1
pay_005899,cust_00580,6977.71,upi,KOTAK,account_closed,0,9,5,0.155,0
pay_005900,cust_01171,1900.72,upi,SBI,bank_timeout,1,2,1,0.287,0
pay_005901,cust_00490,1780.84,upi,ICICI,bank_timeout,1,19,4,0.024,0
pay_005902,cust_02526,3577.98,card,AXIS,expired_card,2,8,1,0.2,0
pay_005903,cust_01183,2751.41,card,AXIS,temporary_bank_failure,2,11,2,0.224,0
pay_005904,cust_00384,721.51,upi,ICICI,gateway_timeout,0,11,4,0.085,1
pay_005905,cust_00163,1256.16,card,SBI,insufficient_funds,2,15,15,0.028,0
pay_005906,cust_02489,8226.89,card,KOTAK,gateway_timeout,0,10,10,0.085,1
pay_005907,cust_01877,2345.74,upi,HDFC,invalid_card,0,11,9,0.235,0
pay_005908,cust_01213,808.24,netbanking,SBI,card_blocked,1,16,11,0.309,0
pay_005909,cust_02463,1550.8,card,ICICI,card_blocked,0,3,3,0.237,0
pay_005910,cust_01363,434.38,upi,AXIS,insufficient_funds,0,9,9,0.106,1
pay_005911,cust_01631,409.11,card,AXIS,temporary_bank_failure,0,16,12,0.128,1
pay_005912,cust_01205,3967.2,card,SBI,gateway_timeout,0,7,7,0.163,0
pay_005913,cust_00288,1801.59,card,KOTAK,temporary_bank_failure,1,6,2,0.247,0
pay_005914,cust_01858,2738.32,upi,ICICI,gateway_timeout,2,17,11,0.021,0
pay_005915,cust_00187,4565.61,upi,ICICI,bank_timeout,2,7,3,0.469,1
pay_005916,cust_01908,2372.21,card,KOTAK,bank_timeout,0,1,1,0.165,1
pay_005917,cust_01162,3250.23,upi,KOTAK,invalid_card,2,13,6,0.514,0
pay_005918,cust_00130,2221.3,card,SBI,temporary_bank_failure,2,15,12,0.142,1
pay_005919,cust_02242,5059.98,card,SBI,invalid_card,0,19,11,0.432,1
pay_005920,cust_02364,7470.8,upi,AXIS,insufficient_funds,0,9,9,0.296,0
pay_005921,cust_01888,2121.03,card,AXIS,invalid_card,2,17,1,0.337,0
pay_005922,cust_00144,2051.05,card,KOTAK,expired_card,1,4,0,0.165,1
pay_005923,cust_00016,2335.84,upi,HDFC,network_error,2,15,5,0.548,0
pay_005924,cust_02471,1661.67,upi,HDFC,gateway_timeout,0,10,0,0.141,1
pay_005925,cust_00245,1312.61,netbanking,HDFC,expired_card,2,18,18,0.476,0
pay_005926,cust_00927,4182.52,card,ICICI,temporary_bank_failure,2,5,5,0.445,0
pay_005927,cust_02177,1314.03,card,SBI,network_error,1,6,6,0.17,0
pay_005928,cust_00907,1254.78,netbanking,KOTAK,insufficient_funds,2,10,1,0.245,0
pay_005929,cust_00887,3709.66,card,AXIS,temporary_bank_failure,2,17,8,0.089,0
pay_005930,cust_00341,3944.54,upi,HDFC,insufficient_funds,0,17,2,0.177,0
pay_005931,cust_02052,11693.37,netbanking,AXIS,temporary_bank_failure,1,19,18,0.281,0
pay_005932,cust_01434,4796.93,upi,SBI,account_closed,2,7,7,0.157,0
pay_005933,cust_00306,3503.87,card,KOTAK,temporary_bank_failure,2,9,9,0.382,0
pay_005934,cust_00908,3932.68,netbanking,HDFC,account_closed,0,16,6,0.353,0
pay_005935,cust_02655,1606.31,upi,HDFC,temporary_bank_failure,0,8,0,0.206,1
pay_005936,cust_01372,2834.93,upi,KOTAK,insufficient_funds,1,12,4,0.116,1
pay_005937,cust_00321,2944.56,upi,AXIS,bank_timeout,1,7,2,0.313,0
pay_005938,cust_00559,1171.85,card,SBI,invalid_card,1,16,16,0.185,0
pay_005939,cust_01205,1738.62,card,SBI,network_error,0,15,13,0.065,1
pay_005940,cust_02666,3873.5,netbanking,SBI,account_closed,0,15,15,0.146,0
pay_005941,cust_02759,1781.47,card,AXIS,insufficient_funds,0,7,6,0.063,0
pay_005942,cust_01410,2949.11,card,AXIS,bank_timeout,0,9,8,0.067,1
pay_005943,cust_01642,3705.0,card,HDFC,temporary_bank_failure,1,11,6,0.083,1
pay_005944,cust_01132,3569.26,card,AXIS,invalid_card,1,17,14,0.611,1
pay_005945,cust_02579,7219.35,upi,ICICI,bank_timeout,1,8,8,0.27,0
pay_005946,cust_02458,1135.67,wallet,KOTAK,insufficient_funds,0,3,2,0.211,1
pay_005947,cust_00818,6727.88,card,AXIS,insufficient_funds,0,4,4,0.075,0
pay_005948,cust_01195,2642.34,upi,SBI,temporary_bank_failure,0,15,15,0.111,1
pay_005949,cust_02541,3523.6,upi,AXIS,invalid_card,0,0,0,0.164,0
pay_005950,cust_00012,3157.58,upi,HDFC,bank_timeout,2,17,16,0.109,1
pay_005951,cust_00195,3032.32,card,KOTAK,insufficient_funds,1,17,17,0.252,1
pay_005952,cust_02538,1085.83,upi,KOTAK,insufficient_funds,1,18,2,0.168,1
pay_005953,cust_02843,3421.48,wallet,SBI,bank_timeout,2,8,8,0.349,1
pay_005954,cust_02929,571.88,card,KOTAK,bank_timeout,1,0,0,0.072,1
pay_005955,cust_02230,9664.48,upi,ICICI,gateway_timeout,0,2,2,0.198,1
pay_005956,cust_00656,2453.95,wallet,KOTAK,insufficient_funds,1,1,1,0.262,0
pay_005957,cust_01922,4573.24,upi,SBI,bank_timeout,0,1,1,0.237,0
pay_005958,cust_02742,3119.58,upi,KOTAK,bank_timeout,0,16,4,0.488,1
pay_005959,cust_02078,1861.74,wallet,AXIS,network_error,0,5,2,0.093,0
pay_005960,cust_01620,1173.09,card,HDFC,insufficient_funds,2,4,4,0.08,1
pay_005961,cust_01120,1008.01,upi,AXIS,bank_timeout,1,10,0,0.337,0
pay_005962,cust_00778,3372.78,card,ICICI,invalid_card,0,8,8,0.519,1
pay_005963,cust_00444,3234.38,card,ICICI,network_error,1,3,3,0.222,1
pay_005964,cust_00298,2826.4,upi,HDFC,invalid_card,2,6,6,0.06,0
pay_005965,cust_00808,1645.48,card,HDFC,network_error,1,12,12,0.109,1
pay_005966,cust_01761,2516.41,card,HDFC,temporary_bank_failure,1,15,1,0.268,0
pay_005967,cust_00845,1289.12,card,HDFC,insufficient_funds,1,19,7,0.235,1
pay_005968,cust_01016,1048.74,card,KOTAK,temporary_bank_failure,1,16,14,0.107,0
pay_005969,cust_01385,1448.29,card,AXIS,bank_timeout,2,19,15,0.206,0
pay_005970,cust_01398,1500.17,netbanking,ICICI,account_closed,1,1,1,0.076,0
pay_005971,cust_00554,5833.44,card,KOTAK,temporary_bank_failure,0,4,4,0.301,1
pay_005972,cust_02351,606.66,upi,HDFC,bank_timeout,2,17,1,0.143,0
pay_005973,cust_00421,1760.89,upi,SBI,bank_timeout,1,12,12,0.098,1
pay_005974,cust_01270,2998.53,card,SBI,card_blocked,1,17,13,0.168,0
pay_005975,cust_01261,8852.26,netbanking,AXIS,bank_timeout,0,10,8,0.172,0
pay_005976,cust_00185,1112.15,netbanking,ICICI,temporary_bank_failure,2,13,3,0.6,1
pay_005977,cust_00468,740.46,card,ICICI,bank_timeout,2,11,7,0.144,1
pay_005978,cust_02802,3224.07,wallet,AXIS,invalid_card,0,3,3,0.04,0
pay_005979,cust_02411,2062.94,upi,HDFC,insufficient_funds,1,6,6,0.185,1
pay_005980,cust_01307,1515.29,card,HDFC,insufficient_funds,1,12,5,0.193,1
pay_005981,cust_01577,2566.0,upi,ICICI,account_closed,2,18,4,0.406,0
pay_005982,cust_00336,3602.83,upi,ICICI,insufficient_funds,2,10,9,0.169,0
pay_005983,cust_02210,3260.49,upi,ICICI,card_blocked,1,6,6,0.054,0
pay_005984,cust_01498,2301.65,upi,HDFC,insufficient_funds,0,14,14,0.141,1
pay_005985,cust_02060,5184.58,card,SBI,temporary_bank_failure,0,18,16,0.083,1
pay_005986,cust_01448,2117.34,wallet,AXIS,bank_timeout,1,19,17,0.09,0
pay_005987,cust_00588,1871.5,netbanking,AXIS,expired_card,0,16,16,0.124,0
pay_005988,cust_01882,3200.66,upi,KOTAK,gateway_timeout,2,0,0,0.049,0
pay_005989,cust_00201,659.56,card,KOTAK,insufficient_funds,1,11,10,0.095,0
pay_005990,cust_00522,2958.99,upi,SBI,account_closed,0,18,1,0.119,0
pay_005991,cust_01888,1418.6,upi,ICICI,bank_timeout,0,4,4,0.101,1
pay_005992,cust_02553,623.91,netbanking,SBI,invalid_card,2,9,9,0.053,0
pay_005993,cust_01712,2540.58,netbanking,KOTAK,gateway_timeout,2,10,0,0.094,0
pay_005994,cust_00788,1253.11,netbanking,KOTAK,bank_timeout,1,15,0,0.147,0
pay_005995,cust_00060,496.91,card,AXIS,insufficient_funds,2,17,8,0.32,0
pay_005996,cust_00578,900.62,netbanking,SBI,insufficient_funds,2,8,8,0.448,0
pay_005997,cust_00321,6986.4,card,HDFC,account_closed,1,8,8,0.485,0
pay_005998,cust_01459,1158.22,card,KOTAK,insufficient_funds,0,13,13,0.246,0
pay_005999,cust_02038,2341.1,card,AXIS,account_closed,2,19,3,0.108,0
pay_006000,cust_00923,759.53,netbanking,ICICI,insufficient_funds,1,5,4,0.087,1
pay_006001,cust_01410,9708.36,netbanking,SBI,gateway_timeout,2,11,11,0.43,0
pay_006002,cust_01695,1911.17,card,KOTAK,gateway_timeout,2,10,5,0.292,1
pay_006003,cust_00569,1046.03,card,HDFC,network_error,0,3,3,0.429,1
pay_006004,cust_01102,3670.47,wallet,KOTAK,insufficient_funds,2,5,5,0.22,1
pay_006005,cust_00527,9322.25,upi,HDFC,insufficient_funds,2,17,0,0.182,0
pay_006006,cust_02572,1304.26,upi,SBI,card_blocked,2,5,5,0.47,0
pay_006007,cust_02661,1029.43,upi,HDFC,gateway_timeout,0,0,0,0.304,1
pay_006008,cust_02173,11340.42,upi,HDFC,gateway_timeout,2,9,3,0.308,0
pay_006009,cust_00871,1639.03,wallet,AXIS,network_error,1,11,11,0.127,1
pay_006010,cust_00280,1496.25,card,SBI,insufficient_funds,1,6,4,0.12,0
pay_006011,cust_02965,325.22,card,KOTAK,account_closed,0,10,10,0.513,0
pay_006012,cust_02670,1760.0,card,ICICI,network_error,0,19,13,0.204,1
pay_006013,cust_02894,611.09,card,SBI,bank_timeout,0,0,0,0.169,0
pay_006014,cust_01893,1155.08,upi,SBI,expired_card,2,15,13,0.442,1
pay_006015,cust_01752,360.88,netbanking,ICICI,bank_timeout,0,3,3,0.129,0
pay_006016,cust_00674,4856.72,upi,KOTAK,gateway_timeout,1,5,5,0.224,1
pay_006017,cust_01152,559.31,wallet,AXIS,insufficient_funds,1,9,9,0.214,0
pay_006018,cust_02362,382.76,netbanking,KOTAK,gateway_timeout,2,6,0,0.034,0
pay_006019,cust_00332,874.3,upi,ICICI,network_error,2,11,11,0.217,0
pay_006020,cust_01174,4904.31,upi,KOTAK,invalid_card,2,18,10,0.046,0
pay_006021,cust_02040,1266.49,upi,SBI,temporary_bank_failure,2,9,9,0.167,1
pay_006022,cust_01478,1409.5,card,AXIS,network_error,1,1,1,0.292,0
pay_006023,cust_00036,2651.18,upi,HDFC,gateway_timeout,1,8,1,0.263,0
pay_006024,cust_01709,1601.46,upi,KOTAK,bank_timeout,0,0,0,0.182,1
pay_006025,cust_01444,4867.65,upi,HDFC,expired_card,2,9,9,0.16,1
pay_006026,cust_02254,1492.63,upi,AXIS,expired_card,1,0,0,0.222,1
pay_006027,cust_02687,1512.32,card,HDFC,bank_timeout,1,1,1,0.239,0
pay_006028,cust_02896,11062.92,upi,KOTAK,expired_card,0,4,4,0.264,0
pay_006029,cust_01380,1889.62,card,ICICI,temporary_bank_failure,1,16,9,0.305,0
pay_006030,cust_00440,2174.29,card,SBI,expired_card,1,12,9,0.057,0
pay_006031,cust_02777,1527.92,upi,SBI,expired_card,2,5,5,0.219,0
pay_006032,cust_01120,259.15,card,HDFC,temporary_bank_failure,0,9,9,0.189,1
pay_006033,cust_02989,3634.75,netbanking,SBI,network_error,2,1,1,0.267,0
pay_006034,cust_00164,6825.54,card,SBI,account_closed,2,4,4,0.112,0
pay_006035,cust_00148,4937.29,upi,ICICI,invalid_card,0,18,16,0.113,1
pay_006036,cust_02342,1156.94,upi,HDFC,account_closed,0,1,1,0.069,0
pay_006037,cust_00195,1574.09,card,ICICI,gateway_timeout,2,0,0,0.117,0
pay_006038,cust_00663,2390.72,card,ICICI,insufficient_funds,2,7,7,0.152,0
pay_006039,cust_00480,2324.24,upi,AXIS,temporary_bank_failure,2,14,5,0.178,1
pay_006040,cust_00123,3117.47,card,HDFC,insufficient_funds,2,5,5,0.345,0
pay_006041,cust_01424,2126.96,card,ICICI,expired_card,0,3,3,0.127,0
pay_006042,cust_02747,1354.16,upi,KOTAK,account_closed,1,11,9,0.166,0
pay_006043,cust_00965,2017.38,card,SBI,network_error,0,15,11,0.105,0
pay_006044,cust_02709,4019.96,upi,HDFC,gateway_timeout,1,1,1,0.3,0
pay_006045,cust_01779,18639.21,netbanking,AXIS,insufficient_funds,0,7,7,0.326,0
pay_006046,cust_01486,1212.99,card,ICICI,insufficient_funds,2,5,5,0.109,1
pay_006047,cust_02015,2166.71,card,KOTAK,insufficient_funds,1,2,1,0.445,1
pay_006048,cust_00710,1352.05,card,SBI,invalid_card,0,0,0,0.185,0
pay_006049,cust_02444,2312.4,upi,SBI,account_closed,0,7,6,0.081,0
pay_006050,cust_00912,3946.25,card,KOTAK,network_error,0,11,4,0.245,0
pay_006051,cust_01361,1530.73,card,HDFC,expired_card,2,6,6,0.32,0
pay_006052,cust_02365,351.84,card,SBI,insufficient_funds,0,16,11,0.134,0
pay_006053,cust_01735,4116.91,card,SBI,gateway_timeout,0,12,0,0.293,1
pay_006054,cust_01824,2006.88,upi,SBI,bank_timeout,2,17,14,0.139,1
pay_006055,cust_01580,1375.23,card,ICICI,bank_timeout,1,15,12,0.188,1
pay_006056,cust_00681,1150.29,card,ICICI,card_blocked,1,7,7,0.188,0
pay_006057,cust_01334,2319.17,card,SBI,expired_card,2,11,11,0.191,1
pay_006058,cust_02543,1036.19,card,AXIS,insufficient_funds,1,5,5,0.064,1
pay_006059,cust_00556,1137.73,card,SBI,invalid_card,0,1,1,0.094,1
pay_006060,cust_00610,665.88,card,HDFC,bank_timeout,0,6,6,0.221,0
pay_006061,cust_02157,1047.45,card,AXIS,insufficient_funds,1,3,3,0.125,1
pay_006062,cust_00372,2994.97,upi,HDFC,expired_card,1,19,4,0.286,0
pay_006063,cust_02903,598.88,card,KOTAK,insufficient_funds,1,15,0,0.582,0
pay_006064,cust_00616,4544.41,upi,KOTAK,network_error,2,16,5,0.534,0
pay_006065,cust_02816,704.04,card,ICICI,card_blocked,1,2,2,0.141,0
pay_006066,cust_01915,2038.46,upi,ICICI,temporary_bank_failure,2,2,2,0.412,1
pay_006067,cust_02254,2665.0,card,ICICI,bank_timeout,1,13,3,0.286,0
pay_006068,cust_00847,3497.18,netbanking,KOTAK,expired_card,2,13,12,0.055,0
pay_006069,cust_00043,3497.88,upi,HDFC,insufficient_funds,2,6,6,0.335,0
pay_006070,cust_00865,1690.5,card,AXIS,invalid_card,0,0,0,0.075,1
pay_006071,cust_01269,1576.18,card,ICICI,invalid_card,1,14,14,0.365,0
pay_006072,cust_01379,2913.84,upi,KOTAK,insufficient_funds,0,13,13,0.413,1
pay_006073,cust_00785,2258.42,netbanking,ICICI,network_error,0,3,3,0.333,0
pay_006074,cust_00476,1371.06,card,SBI,account_closed,2,3,3,0.327,0
pay_006075,cust_00083,2432.75,upi,AXIS,network_error,2,10,10,0.164,0
pay_006076,cust_01134,1581.77,card,HDFC,bank_timeout,2,0,0,0.141,1
pay_006077,cust_02238,1118.31,card,ICICI,temporary_bank_failure,2,10,0,0.046,0
pay_006078,cust_00800,1335.86,card,SBI,insufficient_funds,0,11,2,0.133,1
pay_006079,cust_00936,2668.14,card,SBI,network_error,2,14,6,0.244,0
pay_006080,cust_02299,860.51,card,AXIS,temporary_bank_failure,0,14,10,0.309,0
pay_006081,cust_02339,4381.16,card,KOTAK,insufficient_funds,0,3,3,0.076,1
pay_006082,cust_01669,1157.69,upi,KOTAK,temporary_bank_failure,1,5,5,0.283,1
pay_006083,cust_00326,296.51,upi,ICICI,bank_timeout,1,1,1,0.061,0
pay_006084,cust_01535,2813.08,card,ICICI,network_error,2,8,7,0.118,1
pay_006085,cust_01986,208.27,netbanking,KOTAK,invalid_card,0,7,2,0.257,1
pay_006086,cust_01965,804.7,card,HDFC,card_blocked,0,18,12,0.404,0
pay_006087,cust_00837,12556.14,card,HDFC,bank_timeout,0,7,1,0.176,0
pay_006088,cust_00508,4221.71,upi,SBI,expired_card,1,19,2,0.157,0
pay_006089,cust_02779,3951.7,upi,AXIS,account_closed,0,9,9,0.078,0
pay_006090,cust_02120,738.74,netbanking,HDFC,temporary_bank_failure,0,16,14,0.156,0
pay_006091,cust_01271,1557.28,card,ICICI,account_closed,0,18,14,0.193,0
pay_006092,cust_00641,4881.19,card,HDFC,account_closed,1,0,0,0.48,0
pay_006093,cust_02988,3016.07,upi,AXIS,temporary_bank_failure,2,14,6,0.387,0
pay_006094,cust_01879,4485.86,card,ICICI,bank_timeout,2,10,2,0.089,1
pay_006095,cust_00608,7519.3,card,AXIS,card_blocked,2,6,6,0.085,0
pay_006096,cust_01959,3065.87,upi,KOTAK,temporary_bank_failure,1,15,1,0.098,1
pay_006097,cust_00566,675.5,card,AXIS,bank_timeout,1,2,2,0.556,0
pay_006098,cust_01368,2918.15,card,AXIS,insufficient_funds,2,11,10,0.381,1
pay_006099,cust_02102,1497.53,card,AXIS,bank_timeout,2,15,8,0.059,1
pay_006100,cust_01754,643.75,card,ICICI,account_closed,1,19,10,0.228,0
pay_006101,cust_02576,3698.37,card,AXIS,network_error,2,18,4,0.172,0
pay_006102,cust_02659,4729.89,upi,AXIS,temporary_bank_failure,0,1,1,0.104,1
pay_006103,cust_01582,1677.2,card,SBI,invalid_card,1,7,7,0.135,1
pay_006104,cust_01987,2336.43,netbanking,ICICI,invalid_card,2,18,12,0.384,0
pay_006105,cust_02241,344.42,card,AXIS,account_closed,2,10,1,0.094,0
pay_006106,cust_02106,4442.7,netbanking,HDFC,insufficient_funds,1,10,1,0.068,0
pay_006107,cust_00129,3410.48,card,AXIS,card_blocked,1,1,1,0.104,0
pay_006108,cust_01873,2208.74,card,HDFC,insufficient_funds,0,4,4,0.181,0
pay_006109,cust_00706,663.84,card,KOTAK,invalid_card,1,4,4,0.497,0
pay_006110,cust_00852,485.17,card,KOTAK,temporary_bank_failure,1,9,1,0.148,1
pay_006111,cust_00008,9147.72,upi,ICICI,card_blocked,0,1,1,0.017,0
pay_006112,cust_02077,812.69,card,ICICI,expired_card,2,14,11,0.261,0
pay_006113,cust_01136,2012.93,upi,KOTAK,bank_timeout,1,17,5,0.208,0
pay_006114,cust_02995,833.01,card,ICICI,bank_timeout,2,11,11,0.253,1
pay_006115,cust_02179,289.71,upi,HDFC,account_closed,0,9,9,0.427,0
pay_006116,cust_02236,2587.39,upi,HDFC,invalid_card,1,6,6,0.09,0
pay_006117,cust_01699,2930.97,card,SBI,temporary_bank_failure,0,14,8,0.14,1
pay_006118,cust_02757,475.78,netbanking,ICICI,insufficient_funds,2,14,14,0.395,0
pay_006119,cust_01499,4388.0,upi,ICICI,account_closed,0,11,11,0.087,0
pay_006120,cust_02260,1186.45,wallet,SBI,bank_timeout,1,19,16,0.231,1
pay_006121,cust_01645,760.46,card,AXIS,bank_timeout,1,14,2,0.22,0
pay_006122,cust_00276,721.59,netbanking,HDFC,expired_card,2,2,2,0.012,0
pay_006123,cust_01703,3629.97,netbanking,AXIS,bank_timeout,2,15,9,0.199,0
pay_006124,cust_01796,388.0,upi,SBI,temporary_bank_failure,2,18,18,0.175,1
pay_006125,cust_00243,669.32,upi,ICICI,network_error,2,6,4,0.276,0
pay_006126,cust_02733,2553.65,wallet,AXIS,invalid_card,1,16,12,0.123,0
pay_006127,cust_00171,2296.04,wallet,ICICI,bank_timeout,1,3,3,0.233,0
pay_006128,cust_00653,798.24,upi,SBI,bank_timeout,1,14,13,0.31,0
pay_006129,cust_01933,5059.75,card,KOTAK,bank_timeout,0,8,8,0.129,0
pay_006130,cust_02236,742.15,netbanking,ICICI,temporary_bank_failure,0,16,6,0.205,0
pay_006131,cust_01110,1530.21,card,AXIS,network_error,2,0,0,0.213,0
pay_006132,cust_01500,1376.44,card,AXIS,network_error,2,1,1,0.156,0
pay_006133,cust_02100,1380.7,wallet,SBI,gateway_timeout,2,6,6,0.211,1
pay_006134,cust_02159,1546.48,netbanking,AXIS,network_error,1,13,13,0.315,1
pay_006135,cust_01973,1509.96,netbanking,HDFC,bank_timeout,0,4,4,0.187,1
pay_006136,cust_02925,1495.16,upi,ICICI,insufficient_funds,2,3,3,0.365,0
pay_006137,cust_01067,1563.15,card,HDFC,card_blocked,2,12,2,0.062,0
pay_006138,cust_02259,4308.24,wallet,SBI,insufficient_funds,1,9,8,0.313,0
pay_006139,cust_02036,1501.27,card,HDFC,invalid_card,0,12,12,0.167,0
pay_006140,cust_00858,3144.96,upi,HDFC,card_blocked,2,11,11,0.337,0
pay_006141,cust_02675,2036.48,upi,ICICI,network_error,2,17,2,0.313,0
pay_006142,cust_01050,2423.54,card,ICICI,insufficient_funds,2,10,5,0.063,1
pay_006143,cust_00299,3368.86,card,KOTAK,insufficient_funds,2,17,10,0.287,0
pay_006144,cust_00924,726.17,card,HDFC,temporary_bank_failure,0,11,11,0.151,1
pay_006145,cust_00137,2986.69,upi,ICICI,insufficient_funds,0,0,0,0.129,0
pay_006146,cust_01044,1525.8,card,HDFC,insufficient_funds,2,15,2,0.138,1
pay_006147,cust_02488,838.15,card,HDFC,account_closed,1,13,8,0.241,0
pay_006148,cust_00211,3363.12,upi,SBI,account_closed,2,0,0,0.083,0
pay_006149,cust_02800,1286.5,upi,SBI,bank_timeout,1,6,6,0.205,0
pay_006150,cust_01575,2445.48,card,HDFC,network_error,2,18,7,0.306,0
pay_006151,cust_02483,206.45,upi,SBI,network_error,2,4,4,0.224,1
pay_006152,cust_00780,3232.03,card,ICICI,network_error,1,16,7,0.144,1
pay_006153,cust_01231,14358.16,card,HDFC,insufficient_funds,2,9,9,0.152,0
pay_006154,cust_02487,1796.99,card,SBI,temporary_bank_failure,0,3,3,0.252,0
pay_006155,cust_01803,1464.33,upi,ICICI,card_blocked,1,13,7,0.395,0
pay_006156,cust_02714,1250.09,card,HDFC,bank_timeout,0,5,5,0.352,1
pay_006157,cust_01066,2819.96,card,HDFC,network_error,1,11,11,0.17,0
pay_006158,cust_00411,1417.59,card,SBI,account_closed,0,19,15,0.241,0
pay_006159,cust_02854,3035.24,netbanking,ICICI,insufficient_funds,2,11,1,0.005,0
pay_006160,cust_02658,7172.13,netbanking,HDFC,insufficient_funds,2,0,0,0.266,0
pay_006161,cust_00427,3543.36,card,HDFC,insufficient_funds,1,11,11,0.228,0
pay_006162,cust_01472,1572.26,card,KOTAK,network_error,0,5,5,0.159,0
pay_006163,cust_02950,740.72,netbanking,HDFC,invalid_card,2,3,3,0.081,0
pay_006164,cust_00942,1304.3,card,KOTAK,insufficient_funds,0,16,0,0.465,0
pay_006165,cust_01908,1589.94,card,KOTAK,bank_timeout,0,9,4,0.185,1
pay_006166,cust_00742,629.62,card,ICICI,network_error,1,18,2,0.263,1
pay_006167,cust_01393,4313.69,wallet,AXIS,account_closed,2,10,6,0.042,0
pay_006168,cust_01244,2850.56,upi,KOTAK,temporary_bank_failure,1,0,0,0.249,0
pay_006169,cust_01601,781.43,card,ICICI,invalid_card,1,4,4,0.133,0
pay_006170,cust_01256,435.56,card,SBI,expired_card,2,13,13,0.244,1
pay_006171,cust_00328,3210.82,wallet,KOTAK,temporary_bank_failure,0,12,12,0.167,1
pay_006172,cust_01467,485.57,card,AXIS,bank_timeout,1,1,0,0.122,0
pay_006173,cust_02100,1933.61,upi,SBI,invalid_card,2,13,13,0.16,0
pay_006174,cust_01967,1302.95,card,KOTAK,expired_card,0,5,2,0.135,1
pay_006175,cust_00376,3428.86,upi,KOTAK,temporary_bank_failure,0,5,5,0.111,1
pay_006176,cust_00263,3460.79,card,AXIS,insufficient_funds,0,0,0,0.212,0
pay_006177,cust_00267,937.28,upi,HDFC,insufficient_funds,1,19,14,0.253,1
pay_006178,cust_02407,3678.92,card,AXIS,bank_timeout,1,10,10,0.304,1
pay_006179,cust_01945,1434.29,card,ICICI,expired_card,2,3,3,0.232,0
pay_006180,cust_01894,1835.68,upi,ICICI,expired_card,0,5,2,0.09,0
pay_006181,cust_01902,1866.03,netbanking,AXIS,bank_timeout,0,1,1,0.042,1
pay_006182,cust_02700,10921.99,card,AXIS,invalid_card,2,19,14,0.305,0
pay_006183,cust_01653,1643.33,card,AXIS,account_closed,0,4,4,0.048,0
pay_006184,cust_01445,474.6,upi,AXIS,temporary_bank_failure,0,14,0,0.385,0
pay_006185,cust_00046,1020.68,upi,AXIS,network_error,2,7,7,0.204,1
pay_006186,cust_00600,3263.11,upi,KOTAK,expired_card,2,16,4,0.339,0
pay_006187,cust_00720,1440.5,card,SBI,bank_timeout,1,9,9,0.116,1
pay_006188,cust_01913,1829.81,card,ICICI,account_closed,1,8,8,0.443,0
pay_006189,cust_01293,1279.77,upi,ICICI,insufficient_funds,1,1,1,0.132,1
pay_006190,cust_00601,189.94,card,SBI,account_closed,2,10,10,0.275,0
pay_006191,cust_00381,970.29,netbanking,AXIS,expired_card,1,1,0,0.034,1
pay_006192,cust_00118,1699.63,upi,SBI,temporary_bank_failure,0,15,2,0.329,0
pay_006193,cust_02164,438.97,upi,AXIS,insufficient_funds,1,3,0,0.215,0
pay_006194,cust_00260,704.1,card,ICICI,insufficient_funds,1,16,16,0.356,0
pay_006195,cust_01099,1377.46,card,HDFC,account_closed,1,8,8,0.074,0
pay_006196,cust_01504,1387.07,upi,ICICI,account_closed,2,11,4,0.156,0
pay_006197,cust_02353,2478.82,card,ICICI,expired_card,0,4,4,0.329,0
pay_006198,cust_02055,1448.83,netbanking,HDFC,temporary_bank_failure,2,2,2,0.151,1
pay_006199,cust_00366,2406.93,card,SBI,insufficient_funds,0,5,5,0.297,1
pay_006200,cust_01658,1032.74,card,KOTAK,bank_timeout,1,6,6,0.124,1
pay_006201,cust_02571,2141.48,card,AXIS,network_error,1,3,3,0.045,1
pay_006202,cust_01462,5865.79,upi,AXIS,temporary_bank_failure,0,13,11,0.212,1
pay_006203,cust_02025,2278.27,card,ICICI,bank_timeout,2,13,13,0.161,1
pay_006204,cust_02477,1498.15,card,HDFC,account_closed,2,1,1,0.095,0
pay_006205,cust_00791,850.49,upi,ICICI,bank_timeout,1,14,12,0.067,0
pay_006206,cust_00747,1938.33,card,ICICI,expired_card,0,11,11,0.143,0
pay_006207,cust_02415,1518.69,upi,SBI,insufficient_funds,0,13,5,0.256,1
pay_006208,cust_00313,2834.44,upi,AXIS,account_closed,0,9,4,0.291,0
pay_006209,cust_00538,420.93,wallet,KOTAK,invalid_card,0,2,2,0.048,1
pay_006210,cust_00921,1555.44,upi,HDFC,invalid_card,1,1,1,0.335,1
pay_006211,cust_01078,2528.61,upi,KOTAK,gateway_timeout,2,1,1,0.376,1
pay_006212,cust_01491,2005.21,card,HDFC,account_closed,1,10,8,0.169,0
pay_006213,cust_02913,1385.73,card,AXIS,bank_timeout,0,11,4,0.3,1
pay_006214,cust_02830,1370.48,card,SBI,gateway_timeout,2,14,10,0.083,0
pay_006215,cust_02382,750.64,upi,KOTAK,card_blocked,1,11,5,0.148,0
pay_006216,cust_00798,2448.17,card,HDFC,card_blocked,0,10,10,0.148,0
pay_006217,cust_00348,2539.97,upi,ICICI,bank_timeout,1,19,8,0.193,1
pay_006218,cust_00273,583.78,card,AXIS,insufficient_funds,0,19,7,0.177,0
pay_006219,cust_00720,3333.27,upi,SBI,temporary_bank_failure,1,13,6,0.302,0
pay_006220,cust_01774,1070.96,card,ICICI,expired_card,1,4,4,0.276,0
pay_006221,cust_02548,1338.37,upi,SBI,invalid_card,1,18,16,0.319,0
pay_006222,cust_00685,7967.43,netbanking,HDFC,bank_timeout,0,16,8,0.446,1
pay_006223,cust_02127,6512.87,upi,ICICI,account_closed,2,14,14,0.061,0
pay_006224,cust_00622,568.34,card,SBI,network_error,2,19,11,0.241,0
pay_006225,cust_02040,649.89,upi,AXIS,card_blocked,0,16,7,0.101,0
pay_006226,cust_00947,779.93,upi,KOTAK,account_closed,2,11,11,0.157,0
pay_006227,cust_02406,6431.61,upi,KOTAK,network_error,2,7,7,0.266,0
pay_006228,cust_02666,1112.35,netbanking,ICICI,expired_card,1,14,13,0.206,1
pay_006229,cust_00507,555.95,card,AXIS,temporary_bank_failure,1,1,1,0.353,1
pay_006230,cust_01583,4846.23,netbanking,AXIS,bank_timeout,0,16,2,0.319,1
pay_006231,cust_02624,2907.8,card,SBI,account_closed,0,9,6,0.129,0
pay_006232,cust_00244,10946.23,upi,ICICI,network_error,1,17,5,0.131,0
pay_006233,cust_00506,2903.13,card,AXIS,gateway_timeout,0,11,4,0.141,1
pay_006234,cust_00422,1762.51,card,SBI,card_blocked,0,0,0,0.256,0
pay_006235,cust_02265,2213.12,netbanking,AXIS,bank_timeout,2,3,3,0.11,0
pay_006236,cust_01873,1258.41,card,ICICI,insufficient_funds,0,4,0,0.409,0
pay_006237,cust_01193,5137.88,wallet,AXIS,insufficient_funds,0,2,2,0.151,0
pay_006238,cust_00330,5359.47,card,AXIS,invalid_card,1,0,0,0.277,0
pay_006239,cust_00650,509.62,upi,AXIS,account_closed,0,6,6,0.273,0
pay_006240,cust_01465,3843.05,upi,KOTAK,gateway_timeout,1,19,2,0.167,0
pay_006241,cust_00391,767.51,card,HDFC,invalid_card,0,11,4,0.202,0
pay_006242,cust_01520,12468.85,card,ICICI,card_blocked,2,5,5,0.229,0
pay_006243,cust_00381,6085.32,card,KOTAK,account_closed,1,19,9,0.106,0
pay_006244,cust_00742,727.47,wallet,HDFC,insufficient_funds,0,16,2,0.214,1
pay_006245,cust_02011,2189.0,upi,AXIS,insufficient_funds,0,10,10,0.152,1
pay_006246,cust_00820,4001.68,card,AXIS,expired_card,2,7,5,0.074,0
pay_006247,cust_00673,1097.78,card,KOTAK,account_closed,0,10,10,0.178,0
pay_006248,cust_02561,606.03,card,SBI,insufficient_funds,2,12,7,0.33,1
pay_006249,cust_01772,1961.43,upi,ICICI,bank_timeout,1,8,8,0.096,1
pay_006250,cust_02997,1591.62,wallet,HDFC,gateway_timeout,1,18,18,0.197,1
pay_006251,cust_01212,870.07,upi,AXIS,expired_card,0,19,8,0.293,0
pay_006252,cust_00930,4860.39,card,ICICI,insufficient_funds,1,4,4,0.364,0
pay_006253,cust_01540,644.73,upi,AXIS,invalid_card,2,9,1,0.287,0
pay_006254,cust_00913,1658.56,wallet,AXIS,insufficient_funds,2,12,8,0.056,1
pay_006255,cust_00644,2091.13,upi,AXIS,network_error,0,4,4,0.205,1
pay_006256,cust_00427,2315.03,wallet,ICICI,bank_timeout,2,2,2,0.056,0
pay_006257,cust_00502,4467.3,card,KOTAK,insufficient_funds,2,16,12,0.39,0
pay_006258,cust_00730,1492.15,upi,ICICI,network_error,2,9,9,0.319,0
pay_006259,cust_01284,225.26,upi,ICICI,card_blocked,0,16,15,0.165,0
pay_006260,cust_02119,1326.87,upi,SBI,network_error,1,5,5,0.444,0
pay_006261,cust_02526,3230.95,upi,SBI,insufficient_funds,2,13,13,0.021,0
pay_006262,cust_00457,1611.11,card,KOTAK,bank_timeout,1,8,1,0.263,1
pay_006263,cust_02237,1620.68,card,SBI,network_error,1,4,0,0.429,0
pay_006264,cust_00291,2754.44,netbanking,KOTAK,network_error,0,19,9,0.061,0
pay_006265,cust_00920,3060.81,card,AXIS,invalid_card,0,7,7,0.041,0
pay_006266,cust_02340,433.07,wallet,AXIS,insufficient_funds,1,15,15,0.295,1
pay_006267,cust_01970,1781.22,upi,ICICI,bank_timeout,0,6,6,0.154,0
pay_006268,cust_00756,1546.62,card,AXIS,gateway_timeout,1,1,1,0.053,1
pay_006269,cust_01659,1920.03,netbanking,SBI,expired_card,2,8,8,0.324,0
pay_006270,cust_01835,373.98,upi,HDFC,expired_card,1,9,3,0.307,0
pay_006271,cust_01307,5210.69,card,ICICI,bank_timeout,1,18,11,0.144,1
pay_006272,cust_01568,1817.79,card,KOTAK,card_blocked,2,3,3,0.171,0
pay_006273,cust_01870,2540.19,netbanking,AXIS,network_error,0,12,1,0.308,1
pay_006274,cust_00377,7426.33,upi,ICICI,account_closed,1,1,1,0.04,0
pay_006275,cust_01180,2559.9,upi,ICICI,network_error,0,18,13,0.022,1
pay_006276,cust_00508,527.46,upi,ICICI,insufficient_funds,2,5,5,0.031,1
pay_006277,cust_01437,1687.23,card,AXIS,gateway_timeout,1,15,15,0.119,1
pay_006278,cust_02576,3102.34,netbanking,KOTAK,insufficient_funds,1,14,7,0.141,1
pay_006279,cust_00559,1891.84,card,ICICI,insufficient_funds,1,13,5,0.222,0
pay_006280,cust_02308,7083.03,card,ICICI,bank_timeout,1,12,9,0.445,1
pay_006281,cust_00421,911.63,card,ICICI,temporary_bank_failure,0,16,6,0.431,0
pay_006282,cust_01553,4895.63,card,AXIS,bank_timeout,0,17,1,0.087,1
pay_006283,cust_00304,3537.78,upi,SBI,expired_card,2,19,14,0.069,0
pay_006284,cust_00942,1941.11,card,KOTAK,account_closed,0,0,0,0.086,0
pay_006285,cust_02590,2356.81,card,ICICI,gateway_timeout,1,3,2,0.183,1
pay_006286,cust_01302,827.04,card,ICICI,insufficient_funds,2,15,8,0.27,1
pay_006287,cust_01090,1414.02,upi,ICICI,bank_timeout,1,17,4,0.363,0
pay_006288,cust_02156,2868.93,upi,AXIS,gateway_timeout,1,9,9,0.224,1
pay_006289,cust_02316,1604.72,upi,SBI,bank_timeout,2,19,5,0.237,0
pay_006290,cust_02270,1897.31,upi,ICICI,bank_timeout,1,7,3,0.105,0
pay_006291,cust_01828,3999.62,upi,ICICI,network_error,1,5,3,0.057,1
pay_006292,cust_01554,393.16,card,AXIS,account_closed,2,16,16,0.154,0
pay_006293,cust_00693,2429.66,wallet,KOTAK,card_blocked,0,4,4,0.11,0
pay_006294,cust_00255,7489.3,card,KOTAK,account_closed,2,3,3,0.388,0
pay_006295,cust_01479,1337.43,card,SBI,card_blocked,2,3,3,0.188,0
pay_006296,cust_02301,668.19,upi,KOTAK,invalid_card,2,18,10,0.158,0
pay_006297,cust_00257,1324.41,upi,ICICI,network_error,0,8,2,0.065,1
pay_006298,cust_02431,537.18,netbanking,AXIS,insufficient_funds,2,12,12,0.061,0
pay_006299,cust_00442,2165.81,card,ICICI,invalid_card,0,6,6,0.359,0
pay_006300,cust_01882,1704.53,upi,ICICI,insufficient_funds,1,17,16,0.438,0
pay_006301,cust_02647,2333.18,upi,SBI,insufficient_funds,2,17,5,0.276,0
pay_006302,cust_01114,1627.84,card,KOTAK,insufficient_funds,1,16,4,0.063,0
pay_006303,cust_02438,2114.8,card,KOTAK,insufficient_funds,1,7,7,0.071,0
pay_006304,cust_00582,2592.52,upi,KOTAK,temporary_bank_failure,0,10,10,0.265,1
pay_006305,cust_01736,693.59,card,ICICI,expired_card,1,5,1,0.108,0
pay_006306,cust_02646,2384.79,card,AXIS,bank_timeout,1,7,7,0.272,0
pay_006307,cust_00019,5759.27,card,AXIS,network_error,2,7,7,0.036,1
pay_006308,cust_01125,837.67,card,ICICI,card_blocked,1,18,7,0.254,0
pay_006309,cust_02655,2313.83,card,HDFC,insufficient_funds,2,14,7,0.398,0
pay_006310,cust_01381,5093.7,card,ICICI,account_closed,1,18,17,0.097,0
pay_006311,cust_01566,717.64,card,KOTAK,expired_card,0,5,5,0.349,0
pay_006312,cust_02081,3423.04,netbanking,ICICI,temporary_bank_failure,1,3,3,0.059,1
pay_006313,cust_01994,1513.8,card,HDFC,invalid_card,0,6,3,0.2,0
pay_006314,cust_01548,4060.54,upi,ICICI,bank_timeout,2,1,1,0.133,1
pay_006315,cust_00862,934.9,wallet,KOTAK,account_closed,2,1,1,0.45,0
pay_006316,cust_00155,1794.99,netbanking,SBI,expired_card,1,13,0,0.354,1
pay_006317,cust_00905,536.58,card,AXIS,card_blocked,1,8,8,0.493,0
pay_006318,cust_01270,2565.3,card,HDFC,account_closed,2,6,6,0.113,0
pay_006319,cust_00405,2588.9,upi,SBI,gateway_timeout,2,4,4,0.214,1
pay_006320,cust_00844,2786.78,netbanking,AXIS,account_closed,2,11,11,0.145,0
pay_006321,cust_01783,2679.22,card,SBI,insufficient_funds,0,17,10,0.114,1
pay_006322,cust_01565,1680.99,card,ICICI,network_error,1,18,9,0.224,0
pay_006323,cust_01185,554.41,netbanking,ICICI,account_closed,2,15,15,0.058,0
pay_006324,cust_00747,3998.45,card,AXIS,account_closed,2,11,2,0.111,0
pay_006325,cust_01726,1753.3,upi,AXIS,bank_timeout,1,5,5,0.137,1
pay_006326,cust_00271,2476.96,upi,ICICI,card_blocked,1,0,0,0.226,0
pay_006327,cust_00770,1559.04,card,ICICI,insufficient_funds,0,11,5,0.112,0
pay_006328,cust_01716,8664.66,card,AXIS,bank_timeout,2,10,10,0.094,1
pay_006329,cust_01511,1148.12,upi,AXIS,insufficient_funds,1,10,5,0.261,0
pay_006330,cust_00172,1113.33,upi,AXIS,invalid_card,0,8,6,0.23,1
pay_006331,cust_00274,518.37,netbanking,KOTAK,insufficient_funds,2,1,0,0.105,0
pay_006332,cust_02307,1978.97,upi,KOTAK,expired_card,0,7,7,0.095,1
pay_006333,cust_01159,7996.23,card,ICICI,account_closed,1,0,0,0.312,0
pay_006334,cust_01707,1998.26,upi,KOTAK,account_closed,0,0,0,0.202,0
pay_006335,cust_01772,2168.29,upi,HDFC,network_error,2,11,11,0.421,0
pay_006336,cust_00422,3938.56,upi,ICICI,gateway_timeout,1,3,3,0.242,1
pay_006337,cust_01445,2058.39,card,HDFC,bank_timeout,2,0,0,0.11,1
pay_006338,cust_01210,4719.38,upi,SBI,insufficient_funds,0,11,11,0.164,0
pay_006339,cust_02412,5314.5,upi,HDFC,card_blocked,0,13,4,0.14,0
pay_006340,cust_02426,1125.08,upi,SBI,network_error,0,0,0,0.312,0
pay_006341,cust_00580,575.74,netbanking,HDFC,gateway_timeout,1,11,11,0.404,1
pay_006342,cust_00891,3139.04,card,SBI,card_blocked,0,4,4,0.156,0
pay_006343,cust_00722,2340.47,card,SBI,invalid_card,1,1,1,0.435,0
pay_006344,cust_00881,783.14,upi,ICICI,bank_timeout,0,3,3,0.147,1
pay_006345,cust_01122,1051.08,wallet,AXIS,gateway_timeout,0,10,2,0.373,0
pay_006346,cust_02653,1048.47,card,AXIS,card_blocked,1,17,15,0.062,0
pay_006347,cust_02008,2034.42,card,ICICI,insufficient_funds,1,18,11,0.276,0
pay_006348,cust_02070,4015.46,netbanking,SBI,insufficient_funds,1,17,17,0.081,1
pay_006349,cust_01474,4199.41,netbanking,AXIS,expired_card,2,19,16,0.185,0
pay_006350,cust_00383,3403.84,netbanking,AXIS,expired_card,0,14,14,0.213,1
pay_006351,cust_02182,1431.29,card,HDFC,insufficient_funds,2,14,14,0.366,0
pay_006352,cust_01450,10679.59,netbanking,KOTAK,bank_timeout,0,8,6,0.384,1
pay_006353,cust_02551,1856.74,upi,ICICI,expired_card,0,7,7,0.068,1
pay_006354,cust_01591,1324.71,upi,KOTAK,card_blocked,0,9,9,0.194,0
pay_006355,cust_01787,606.16,card,SBI,card_blocked,0,7,7,0.05,0
pay_006356,cust_00144,1369.18,upi,HDFC,insufficient_funds,2,10,3,0.053,0
pay_006357,cust_01887,2568.35,card,AXIS,insufficient_funds,0,18,18,0.503,1
pay_006358,cust_01703,508.27,card,HDFC,temporary_bank_failure,2,11,7,0.29,0
pay_006359,cust_01436,842.78,upi,ICICI,bank_timeout,1,6,4,0.347,1
pay_006360,cust_00224,1244.05,card,SBI,account_closed,2,0,0,0.182,0
pay_006361,cust_00220,972.32,card,HDFC,bank_timeout,0,2,2,0.491,1
pay_006362,cust_00179,910.23,card,HDFC,temporary_bank_failure,2,12,12,0.381,0
pay_006363,cust_01655,4445.69,upi,HDFC,invalid_card,2,3,3,0.208,0
pay_006364,cust_00433,482.73,card,AXIS,expired_card,1,9,9,0.083,1
pay_006365,cust_00265,2080.36,upi,SBI,expired_card,1,5,5,0.108,0
pay_006366,cust_00954,2738.77,upi,AXIS,invalid_card,1,3,3,0.176,0
pay_006367,cust_00429,1227.49,upi,HDFC,insufficient_funds,0,7,1,0.075,0
pay_006368,cust_02464,1507.85,upi,AXIS,network_error,2,13,2,0.207,1
pay_006369,cust_02775,1750.33,upi,AXIS,card_blocked,2,17,10,0.047,0
pay_006370,cust_02245,3003.23,card,ICICI,account_closed,1,7,7,0.089,0
pay_006371,cust_01578,6152.13,card,KOTAK,gateway_timeout,0,4,4,0.493,1
pay_006372,cust_00480,647.04,upi,KOTAK,insufficient_funds,0,13,12,0.034,1
pay_006373,cust_01354,868.7,wallet,ICICI,gateway_timeout,0,14,14,0.119,1
pay_006374,cust_00890,904.4,card,ICICI,expired_card,1,19,10,0.058,0
pay_006375,cust_00925,1789.96,upi,AXIS,invalid_card,0,16,5,0.314,1
pay_006376,cust_02171,1313.14,netbanking,AXIS,network_error,0,3,1,0.153,1
pay_006377,cust_01903,3081.4,netbanking,SBI,gateway_timeout,0,19,0,0.18,1
pay_006378,cust_01411,1069.35,card,KOTAK,expired_card,1,12,3,0.436,0
pay_006379,cust_01363,888.38,upi,AXIS,card_blocked,1,14,8,0.214,0
pay_006380,cust_00778,981.9,card,SBI,temporary_bank_failure,2,8,8,0.175,1
pay_006381,cust_02396,1983.37,upi,KOTAK,invalid_card,2,16,5,0.36,0
pay_006382,cust_00029,3909.4,card,SBI,temporary_bank_failure,2,2,2,0.303,1
pay_006383,cust_00035,1744.9,upi,SBI,bank_timeout,1,8,8,0.154,1
pay_006384,cust_01420,1156.87,netbanking,ICICI,invalid_card,2,10,2,0.489,0
pay_006385,cust_02671,792.48,wallet,HDFC,expired_card,0,19,9,0.129,1
pay_006386,cust_00589,5821.46,netbanking,HDFC,insufficient_funds,1,4,4,0.107,1
pay_006387,cust_00904,441.96,card,HDFC,expired_card,1,17,0,0.053,0
pay_006388,cust_02568,1557.97,card,SBI,account_closed,2,11,9,0.12,0
pay_006389,cust_02170,3267.5,upi,AXIS,invalid_card,0,18,9,0.357,0
pay_006390,cust_00340,1540.89,upi,HDFC,account_closed,0,4,3,0.241,0
pay_006391,cust_00175,1149.34,card,AXIS,temporary_bank_failure,1,11,8,0.539,0
pay_006392,cust_01924,2775.33,card,KOTAK,invalid_card,1,5,5,0.052,0
pay_006393,cust_01715,753.69,netbanking,HDFC,temporary_bank_failure,2,16,11,0.238,1
pay_006394,cust_00597,449.15,netbanking,SBI,bank_timeout,0,13,10,0.109,1
pay_006395,cust_00451,2398.34,card,ICICI,bank_timeout,1,2,2,0.081,1
pay_006396,cust_00557,815.54,card,SBI,invalid_card,0,0,0,0.34,0
pay_006397,cust_01160,2008.97,upi,AXIS,temporary_bank_failure,1,12,8,0.266,0
pay_006398,cust_01357,1638.26,netbanking,KOTAK,temporary_bank_failure,2,17,10,0.039,1
pay_006399,cust_02057,2227.95,upi,SBI,insufficient_funds,1,9,9,0.515,1
pay_006400,cust_02382,1507.69,wallet,ICICI,invalid_card,1,18,10,0.256,1
pay_006401,cust_01017,2810.77,upi,ICICI,insufficient_funds,1,18,17,0.208,0
pay_006402,cust_02375,1029.84,wallet,KOTAK,expired_card,2,16,8,0.344,0
pay_006403,cust_02063,3377.84,upi,HDFC,card_blocked,2,6,6,0.811,0
pay_006404,cust_00839,682.59,netbanking,SBI,account_closed,2,7,7,0.346,0
pay_006405,cust_01638,4619.77,netbanking,SBI,network_error,1,15,13,0.295,0
pay_006406,cust_00226,9333.05,card,ICICI,account_closed,1,15,0,0.301,0
pay_006407,cust_01814,1971.38,card,AXIS,temporary_bank_failure,0,15,1,0.224,1
pay_006408,cust_02161,6344.47,netbanking,SBI,expired_card,2,19,10,0.193,0
pay_006409,cust_02021,7806.62,card,ICICI,account_closed,2,8,6,0.478,0
pay_006410,cust_01452,1398.64,card,AXIS,insufficient_funds,1,12,9,0.266,0
pay_006411,cust_02049,1878.62,netbanking,HDFC,invalid_card,2,3,3,0.118,1
pay_006412,cust_02314,942.66,netbanking,HDFC,card_blocked,0,9,9,0.046,0
pay_006413,cust_01515,992.59,card,ICICI,card_blocked,2,8,1,0.118,0
pay_006414,cust_01232,2178.29,upi,ICICI,gateway_timeout,2,17,13,0.244,0
pay_006415,cust_01646,488.5,upi,HDFC,card_blocked,2,11,8,0.526,0
pay_006416,cust_01736,3525.67,card,ICICI,temporary_bank_failure,0,9,9,0.047,1
pay_006417,cust_00306,2066.95,netbanking,KOTAK,insufficient_funds,0,16,9,0.377,0
pay_006418,cust_02060,3118.37,upi,SBI,invalid_card,2,11,1,0.103,0
pay_006419,cust_01724,1563.02,wallet,KOTAK,card_blocked,0,1,1,0.108,0
pay_006420,cust_01690,3096.48,card,AXIS,bank_timeout,1,13,2,0.183,0
pay_006421,cust_01518,2204.19,card,ICICI,card_blocked,2,5,5,0.188,0
pay_006422,cust_01392,2712.92,netbanking,ICICI,card_blocked,0,10,10,0.198,0
pay_006423,cust_02985,3719.59,card,AXIS,account_closed,0,13,12,0.434,0
pay_006424,cust_00420,657.23,card,SBI,bank_timeout,0,13,13,0.138,1
pay_006425,cust_02937,1030.23,wallet,HDFC,account_closed,1,5,0,0.223,0
pay_006426,cust_02219,11520.2,netbanking,KOTAK,expired_card,0,0,0,0.195,1
pay_006427,cust_00134,2134.14,upi,SBI,bank_timeout,1,16,12,0.334,0
pay_006428,cust_02031,457.86,upi,HDFC,card_blocked,1,16,6,0.195,0
pay_006429,cust_01451,459.9,card,HDFC,network_error,0,16,1,0.127,1
pay_006430,cust_01554,1702.76,wallet,ICICI,gateway_timeout,1,9,9,0.389,1
pay_006431,cust_01165,1189.84,netbanking,AXIS,bank_timeout,0,9,9,0.322,1
pay_006432,cust_01870,948.52,card,ICICI,temporary_bank_failure,0,13,13,0.353,0
pay_006433,cust_01820,7589.46,card,AXIS,insufficient_funds,0,0,0,0.018,0
pay_006434,cust_02706,1345.75,netbanking,ICICI,card_blocked,2,1,1,0.107,0
pay_006435,cust_01343,3486.93,card,KOTAK,card_blocked,1,17,2,0.116,0
pay_006436,cust_01465,2208.57,netbanking,ICICI,gateway_timeout,1,19,10,0.069,0
pay_006437,cust_02227,1428.08,wallet,KOTAK,gateway_timeout,0,2,2,0.284,1
pay_006438,cust_01080,725.33,netbanking,SBI,network_error,1,3,3,0.36,0
pay_006439,cust_01179,3345.55,upi,SBI,insufficient_funds,0,4,4,0.116,1
pay_006440,cust_01696,277.14,upi,ICICI,card_blocked,1,19,9,0.119,0
pay_006441,cust_00111,3628.38,card,SBI,network_error,1,2,2,0.339,0
pay_006442,cust_02185,2040.66,upi,HDFC,network_error,0,2,2,0.073,0
pay_006443,cust_02280,2965.68,card,KOTAK,account_closed,0,3,3,0.235,0
pay_006444,cust_00468,1819.31,upi,AXIS,insufficient_funds,0,5,5,0.241,1
pay_006445,cust_02780,673.52,card,KOTAK,temporary_bank_failure,1,6,6,0.17,1
pay_006446,cust_02529,2492.99,card,ICICI,account_closed,2,3,3,0.025,0
pay_006447,cust_00814,3565.72,card,SBI,bank_timeout,2,14,6,0.11,0
pay_006448,cust_01273,1232.35,netbanking,SBI,account_closed,1,5,5,0.252,0
pay_006449,cust_00994,3059.22,card,HDFC,insufficient_funds,1,4,2,0.139,1
pay_006450,cust_02032,2292.14,card,SBI,invalid_card,0,7,7,0.17,1
pay_006451,cust_00323,2592.67,card,ICICI,insufficient_funds,0,5,4,0.432,1
pay_006452,cust_02970,909.02,card,ICICI,network_error,0,16,8,0.049,1
pay_006453,cust_00904,5042.87,netbanking,AXIS,expired_card,1,15,15,0.068,1
pay_006454,cust_01542,2291.19,upi,KOTAK,network_error,0,10,10,0.208,1
pay_006455,cust_02000,3517.01,card,KOTAK,network_error,0,0,0,0.38,0
pay_006456,cust_01816,1325.41,card,KOTAK,insufficient_funds,1,13,10,0.136,0
pay_006457,cust_02654,3967.27,wallet,AXIS,gateway_timeout,2,12,12,0.255,1
pay_006458,cust_02477,1290.06,upi,AXIS,invalid_card,0,9,2,0.452,0
pay_006459,cust_00148,885.89,card,AXIS,insufficient_funds,2,9,9,0.214,0
pay_006460,cust_01142,7461.22,card,HDFC,gateway_timeout,0,7,3,0.137,1
pay_006461,cust_00850,270.93,card,AXIS,temporary_bank_failure,0,8,8,0.207,1
pay_006462,cust_00367,19769.81,card,SBI,card_blocked,0,3,3,0.06,0
pay_006463,cust_02898,3169.7,netbanking,HDFC,bank_timeout,1,10,10,0.061,0
pay_006464,cust_01090,1405.51,card,SBI,expired_card,1,8,3,0.097,0
pay_006465,cust_02039,2346.92,netbanking,KOTAK,gateway_timeout,0,11,4,0.173,0
pay_006466,cust_02861,3171.2,upi,ICICI,gateway_timeout,0,12,8,0.159,1
pay_006467,cust_00175,1385.81,card,KOTAK,expired_card,1,7,7,0.212,0
pay_006468,cust_01855,9211.37,netbanking,AXIS,account_closed,1,12,3,0.172,0
pay_006469,cust_00588,5886.7,card,ICICI,expired_card,2,0,0,0.164,0
pay_006470,cust_00495,16017.89,upi,KOTAK,expired_card,1,10,4,0.113,0
pay_006471,cust_01138,680.51,netbanking,HDFC,insufficient_funds,0,1,1,0.199,1
pay_006472,cust_01785,2147.9,wallet,AXIS,insufficient_funds,1,4,4,0.45,0
pay_006473,cust_01171,596.09,card,KOTAK,insufficient_funds,2,10,6,0.508,0
pay_006474,cust_00035,755.08,card,ICICI,bank_timeout,2,3,3,0.068,1
pay_006475,cust_00999,1392.68,upi,SBI,insufficient_funds,0,7,7,0.224,1
pay_006476,cust_01333,1412.98,card,KOTAK,temporary_bank_failure,1,11,11,0.115,0
pay_006477,cust_02586,2430.67,upi,HDFC,insufficient_funds,2,2,2,0.697,0
pay_006478,cust_02798,1654.86,card,ICICI,insufficient_funds,2,16,16,0.337,0
pay_006479,cust_01038,3428.85,upi,KOTAK,card_blocked,2,7,7,0.142,0
pay_006480,cust_00374,2333.5,card,SBI,gateway_timeout,0,5,5,0.481,0
pay_006481,cust_02605,6754.92,netbanking,AXIS,expired_card,2,3,3,0.256,0
pay_006482,cust_01452,3508.85,upi,AXIS,insufficient_funds,1,3,3,0.129,0
pay_006483,cust_01752,704.04,card,AXIS,expired_card,0,6,5,0.349,0
pay_006484,cust_02281,1609.39,netbanking,ICICI,network_error,1,9,9,0.374,0
pay_006485,cust_00705,1698.65,card,SBI,network_error,1,5,0,0.126,1
pay_006486,cust_00563,2570.68,card,SBI,insufficient_funds,2,3,3,0.25,0
pay_006487,cust_02987,4273.65,card,KOTAK,account_closed,0,9,4,0.393,0
pay_006488,cust_02935,2266.71,netbanking,AXIS,expired_card,0,19,0,0.208,1
pay_006489,cust_02774,2871.33,card,ICICI,insufficient_funds,1,16,2,0.507,1
pay_006490,cust_01874,729.69,card,AXIS,network_error,0,19,2,0.057,0
pay_006491,cust_02124,1252.18,wallet,AXIS,invalid_card,0,5,5,0.111,1
pay_006492,cust_00439,391.62,card,KOTAK,card_blocked,0,10,10,0.178,0
pay_006493,cust_01884,2574.88,netbanking,KOTAK,network_error,0,17,3,0.345,1
pay_006494,cust_01980,3544.66,card,KOTAK,invalid_card,2,8,7,0.122,1
pay_006495,cust_00699,629.43,netbanking,HDFC,network_error,1,11,2,0.102,1
pay_006496,cust_01313,2052.39,upi,HDFC,account_closed,1,10,7,0.237,0
pay_006497,cust_02963,1665.99,netbanking,ICICI,expired_card,0,17,11,0.337,0
pay_006498,cust_01564,6979.63,wallet,ICICI,network_error,0,1,1,0.263,0
pay_006499,cust_02939,884.04,netbanking,KOTAK,bank_timeout,1,15,12,0.169,0
pay_006500,cust_00692,3768.85,card,SBI,expired_card,1,8,7,0.174,0
pay_006501,cust_02301,4511.83,netbanking,ICICI,insufficient_funds,2,15,15,0.139,0
pay_006502,cust_01201,1546.95,upi,HDFC,insufficient_funds,0,11,8,0.134,1
pay_006503,cust_02458,2284.72,card,HDFC,insufficient_funds,1,16,6,0.2,1
pay_006504,cust_01635,4281.1,netbanking,AXIS,insufficient_funds,2,12,12,0.16,0
pay_006505,cust_01634,750.24,upi,KOTAK,account_closed,2,3,3,0.282,0
pay_006506,cust_00127,1284.7,card,SBI,card_blocked,0,12,12,0.199,0
pay_006507,cust_01507,2098.53,card,KOTAK,temporary_bank_failure,2,11,7,0.122,1
pay_006508,cust_01192,9425.93,upi,HDFC,insufficient_funds,2,1,1,0.461,0
pay_006509,cust_02640,1313.15,upi,SBI,temporary_bank_failure,2,16,16,0.046,1
pay_006510,cust_00294,1458.37,upi,ICICI,gateway_timeout,2,14,14,0.254,0
pay_006511,cust_01367,6233.36,card,AXIS,invalid_card,2,12,12,0.078,1
pay_006512,cust_01020,3072.92,upi,HDFC,gateway_timeout,0,1,1,0.074,0
pay_006513,cust_02358,10363.4,netbanking,AXIS,gateway_timeout,0,5,0,0.402,0
pay_006514,cust_02710,4335.52,card,KOTAK,account_closed,0,11,11,0.081,0
pay_006515,cust_02576,1608.72,upi,SBI,bank_timeout,0,0,0,0.356,1
pay_006516,cust_02588,1435.68,card,KOTAK,account_closed,1,14,0,0.187,0
pay_006517,cust_00419,934.79,card,AXIS,network_error,0,2,2,0.184,1
pay_006518,cust_00444,636.5,upi,HDFC,temporary_bank_failure,0,9,9,0.369,1
pay_006519,cust_00685,2374.76,card,AXIS,temporary_bank_failure,0,5,5,0.129,1
pay_006520,cust_02888,2985.6,upi,HDFC,account_closed,2,4,4,0.148,0
pay_006521,cust_02284,3287.63,upi,AXIS,account_closed,2,7,7,0.161,0
pay_006522,cust_01463,1637.98,card,KOTAK,expired_card,2,5,5,0.122,0
pay_006523,cust_02262,8468.36,card,AXIS,gateway_timeout,0,10,7,0.015,0
pay_006524,cust_00085,609.87,netbanking,ICICI,insufficient_funds,1,13,11,0.021,1
pay_006525,cust_02842,557.06,card,KOTAK,insufficient_funds,1,19,15,0.318,1
pay_006526,cust_01768,938.52,upi,AXIS,card_blocked,0,4,2,0.101,0
pay_006527,cust_00085,1816.68,netbanking,AXIS,card_blocked,1,12,6,0.194,0
pay_006528,cust_01945,751.68,netbanking,SBI,account_closed,1,8,5,0.089,0
pay_006529,cust_02113,5311.08,upi,KOTAK,insufficient_funds,0,9,9,0.075,1
pay_006530,cust_01670,1001.07,card,SBI,gateway_timeout,2,10,10,0.229,0
pay_006531,cust_00663,867.81,card,KOTAK,network_error,1,5,5,0.019,1
pay_006532,cust_00627,4205.14,card,HDFC,insufficient_funds,2,4,4,0.233,0
pay_006533,cust_00064,2134.42,upi,KOTAK,temporary_bank_failure,0,4,4,0.064,0
pay_006534,cust_02987,3387.21,card,KOTAK,bank_timeout,2,15,13,0.521,1
pay_006535,cust_00919,1740.5,netbanking,AXIS,insufficient_funds,1,7,4,0.057,0
pay_006536,cust_01376,2247.12,upi,ICICI,insufficient_funds,2,14,14,0.391,0
pay_006537,cust_01182,574.3,card,KOTAK,insufficient_funds,2,14,3,0.118,0
pay_006538,cust_01613,1606.36,card,SBI,bank_timeout,2,8,0,0.453,0
pay_006539,cust_00491,781.77,upi,ICICI,insufficient_funds,0,14,0,0.105,1
pay_006540,cust_01879,8634.43,card,KOTAK,expired_card,0,7,7,0.194,0
pay_006541,cust_01941,5086.05,upi,ICICI,card_blocked,0,13,13,0.197,0
pay_006542,cust_00313,1071.55,netbanking,HDFC,bank_timeout,0,6,0,0.172,1
pay_006543,cust_02663,1531.43,wallet,ICICI,expired_card,2,11,11,0.134,1
pay_006544,cust_00919,1590.28,upi,HDFC,bank_timeout,1,0,0,0.36,1
pay_006545,cust_01883,10129.07,netbanking,ICICI,network_error,2,14,6,0.408,0
pay_006546,cust_00813,2482.74,upi,ICICI,network_error,2,6,6,0.106,0
pay_006547,cust_02988,1283.96,upi,SBI,temporary_bank_failure,2,14,1,0.352,1
pay_006548,cust_01490,2033.16,upi,SBI,account_closed,1,9,9,0.176,0
pay_006549,cust_01327,528.69,card,AXIS,account_closed,1,5,5,0.027,0
pay_006550,cust_00680,1704.56,card,ICICI,gateway_timeout,1,15,11,0.018,1
pay_006551,cust_00435,761.5,upi,HDFC,gateway_timeout,2,13,12,0.284,1
pay_006552,cust_00682,412.35,wallet,ICICI,network_error,0,11,2,0.213,1
pay_006553,cust_01159,8859.62,upi,KOTAK,gateway_timeout,0,16,16,0.155,1
pay_006554,cust_01074,1769.42,upi,HDFC,temporary_bank_failure,2,9,9,0.364,0
pay_006555,cust_01456,975.29,upi,KOTAK,network_error,0,9,1,0.184,0
pay_006556,cust_02388,465.1,upi,AXIS,network_error,0,7,7,0.426,1
pay_006557,cust_02395,1514.9,card,KOTAK,invalid_card,2,10,10,0.184,0
pay_006558,cust_02694,1604.65,netbanking,AXIS,bank_timeout,2,17,15,0.291,1
pay_006559,cust_01371,3334.38,upi,AXIS,insufficient_funds,0,12,8,0.261,0
pay_006560,cust_00649,842.97,card,AXIS,network_error,2,19,16,0.218,1
pay_006561,cust_00245,1179.67,upi,KOTAK,account_closed,0,15,15,0.117,0
pay_006562,cust_02157,862.92,card,AXIS,temporary_bank_failure,1,13,13,0.267,0
pay_006563,cust_02581,1518.62,upi,AXIS,bank_timeout,1,11,6,0.247,1
pay_006564,cust_00296,367.09,upi,SBI,insufficient_funds,2,12,3,0.227,0
pay_006565,cust_02160,950.17,upi,ICICI,card_blocked,0,12,7,0.224,0
pay_006566,cust_01613,2992.23,card,AXIS,account_closed,1,15,0,0.247,0
pay_006567,cust_02391,678.34,card,HDFC,insufficient_funds,2,0,0,0.227,1
pay_006568,cust_02149,4022.28,card,HDFC,network_error,1,11,3,0.127,1
pay_006569,cust_02677,3636.18,upi,SBI,bank_timeout,1,8,8,0.142,0
pay_006570,cust_01628,3887.88,card,KOTAK,account_closed,2,12,6,0.06,0
pay_006571,cust_00028,1801.51,card,KOTAK,invalid_card,1,12,0,0.215,0
pay_006572,cust_02985,1676.53,wallet,KOTAK,insufficient_funds,2,7,7,0.142,1
pay_006573,cust_01986,2334.81,card,AXIS,gateway_timeout,2,17,9,0.274,1
pay_006574,cust_01561,5198.96,netbanking,KOTAK,invalid_card,1,17,10,0.448,0
pay_006575,cust_00058,4833.96,netbanking,KOTAK,insufficient_funds,1,8,5,0.389,0
pay_006576,cust_01522,478.29,netbanking,ICICI,gateway_timeout,0,0,0,0.132,1
pay_006577,cust_00297,898.35,netbanking,AXIS,network_error,1,6,6,0.147,1
pay_006578,cust_02182,778.09,upi,AXIS,bank_timeout,0,12,10,0.134,0
pay_006579,cust_02297,3233.82,upi,HDFC,insufficient_funds,2,14,5,0.076,0
pay_006580,cust_02598,1050.03,upi,HDFC,account_closed,1,1,1,0.086,0
pay_006581,cust_00902,1536.54,card,ICICI,invalid_card,1,7,7,0.259,0
pay_006582,cust_01965,7089.42,card,SBI,expired_card,2,19,16,0.29,0
pay_006583,cust_01099,4432.44,card,AXIS,card_blocked,1,4,4,0.283,0
pay_006584,cust_01678,5436.87,card,HDFC,gateway_timeout,0,8,8,0.052,0
pay_006585,cust_02882,1018.86,upi,KOTAK,bank_timeout,1,16,3,0.156,1
pay_006586,cust_01192,196.93,wallet,AXIS,bank_timeout,0,13,6,0.236,1
pay_006587,cust_00771,1317.62,netbanking,AXIS,card_blocked,1,8,8,0.117,0
pay_006588,cust_01527,571.37,card,AXIS,insufficient_funds,1,14,9,0.347,0
pay_006589,cust_01379,381.75,card,HDFC,account_closed,2,19,4,0.076,0
pay_006590,cust_01249,4460.15,upi,ICICI,insufficient_funds,0,0,0,0.258,0
pay_006591,cust_01555,885.83,card,HDFC,gateway_timeout,2,12,12,0.149,1
pay_006592,cust_00146,948.38,netbanking,KOTAK,network_error,2,9,2,0.265,0
pay_006593,cust_01984,1349.36,upi,KOTAK,account_closed,2,11,11,0.317,0
pay_006594,cust_01265,6749.31,upi,SBI,bank_timeout,0,13,2,0.209,0
pay_006595,cust_01908,1588.76,card,HDFC,account_closed,2,5,5,0.319,0
pay_006596,cust_02941,3871.01,card,HDFC,network_error,0,10,10,0.266,1
pay_006597,cust_02392,1404.9,card,SBI,bank_timeout,0,6,6,0.066,1
pay_006598,cust_01773,510.62,upi,SBI,bank_timeout,1,19,7,0.161,1
pay_006599,cust_01059,697.94,wallet,AXIS,account_closed,0,3,3,0.049,0
pay_006600,cust_02750,1802.57,card,AXIS,bank_timeout,0,11,3,0.085,0
pay_006601,cust_02049,1970.63,card,KOTAK,temporary_bank_failure,1,1,1,0.35,0
pay_006602,cust_02020,2791.04,upi,ICICI,network_error,2,19,16,0.192,1
pay_006603,cust_00153,2791.96,card,KOTAK,bank_timeout,1,13,13,0.256,1
pay_006604,cust_02477,3714.99,netbanking,HDFC,insufficient_funds,1,8,3,0.378,0
pay_006605,cust_00508,977.19,card,ICICI,card_blocked,1,13,5,0.184,0
pay_006606,cust_00491,7799.19,wallet,AXIS,account_closed,0,5,1,0.169,0
pay_006607,cust_00345,8391.76,netbanking,SBI,network_error,1,4,4,0.161,0
pay_006608,cust_01936,1192.22,netbanking,SBI,account_closed,0,19,18,0.033,0
pay_006609,cust_01762,958.02,card,KOTAK,insufficient_funds,0,18,13,0.047,0
pay_006610,cust_00221,433.61,card,HDFC,temporary_bank_failure,0,17,15,0.205,1
pay_006611,cust_01939,2072.92,netbanking,HDFC,expired_card,0,6,6,0.342,0
pay_006612,cust_01943,2596.58,netbanking,SBI,network_error,2,0,0,0.207,1
pay_006613,cust_00723,1137.44,upi,KOTAK,account_closed,0,19,8,0.093,0
pay_006614,cust_00528,2267.0,card,KOTAK,insufficient_funds,0,8,3,0.259,1
pay_006615,cust_01523,595.71,card,AXIS,bank_timeout,1,7,7,0.079,1
pay_006616,cust_02889,3921.15,wallet,AXIS,insufficient_funds,1,10,10,0.336,0
pay_006617,cust_01665,1182.3,card,AXIS,insufficient_funds,0,6,6,0.046,0
pay_006618,cust_00481,2277.9,card,ICICI,insufficient_funds,2,16,16,0.227,0
pay_006619,cust_02978,2139.07,card,KOTAK,temporary_bank_failure,2,14,4,0.115,0
pay_006620,cust_01872,376.77,upi,KOTAK,insufficient_funds,1,7,0,0.153,1
pay_006621,cust_02920,3523.56,card,AXIS,insufficient_funds,2,19,5,0.225,0
pay_006622,cust_01463,965.31,upi,SBI,invalid_card,1,11,11,0.083,1
pay_006623,cust_01426,2126.01,card,AXIS,card_blocked,2,4,3,0.313,0
pay_006624,cust_00345,585.28,card,ICICI,bank_timeout,2,7,7,0.646,0
pay_006625,cust_00045,1232.13,upi,SBI,insufficient_funds,2,4,4,0.41,0
pay_006626,cust_02069,2417.77,card,KOTAK,invalid_card,1,13,5,0.11,1
pay_006627,cust_01658,762.47,card,ICICI,bank_timeout,1,3,3,0.234,0
pay_006628,cust_01888,796.62,upi,ICICI,card_blocked,0,14,5,0.327,0
pay_006629,cust_02921,1998.3,card,SBI,network_error,0,19,0,0.268,1
pay_006630,cust_02096,1581.28,card,AXIS,account_closed,2,9,9,0.675,0
pay_006631,cust_01515,2390.94,netbanking,AXIS,expired_card,2,16,14,0.261,1
pay_006632,cust_02599,1347.16,netbanking,HDFC,insufficient_funds,2,3,3,0.288,1
pay_006633,cust_02335,3020.56,card,SBI,account_closed,1,0,0,0.265,0
pay_006634,cust_01002,1148.76,card,AXIS,card_blocked,2,5,4,0.169,0
pay_006635,cust_01034,2915.08,card,ICICI,card_blocked,0,7,7,0.309,0
pay_006636,cust_02590,875.31,netbanking,AXIS,expired_card,2,3,3,0.251,0
pay_006637,cust_02041,1108.99,upi,AXIS,temporary_bank_failure,0,13,5,0.344,1
pay_006638,cust_02804,3243.92,card,ICICI,account_closed,2,1,1,0.291,0
pay_006639,cust_00274,1198.1,netbanking,SBI,expired_card,2,4,4,0.103,1
pay_006640,cust_00956,708.4,upi,HDFC,temporary_bank_failure,2,14,3,0.25,1
pay_006641,cust_02648,7216.26,card,AXIS,card_blocked,0,18,13,0.359,0
pay_006642,cust_01780,1757.93,card,AXIS,invalid_card,0,13,2,0.602,0
pay_006643,cust_00381,2636.38,card,AXIS,insufficient_funds,1,6,6,0.12,1
pay_006644,cust_01353,295.99,wallet,SBI,insufficient_funds,0,8,8,0.096,1
pay_006645,cust_00479,5247.18,upi,ICICI,card_blocked,2,0,0,0.071,0
pay_006646,cust_02063,15017.7,card,ICICI,gateway_timeout,0,19,4,0.196,0
pay_006647,cust_00516,4884.13,upi,ICICI,bank_timeout,2,9,9,0.102,0
pay_006648,cust_00191,5473.99,upi,ICICI,insufficient_funds,2,10,2,0.294,0
pay_006649,cust_01192,1303.73,card,ICICI,account_closed,0,11,11,0.213,0
pay_006650,cust_02669,2211.57,card,ICICI,insufficient_funds,1,0,0,0.067,1
pay_006651,cust_01161,2671.68,upi,AXIS,invalid_card,0,7,7,0.209,0
pay_006652,cust_02202,1034.75,card,AXIS,bank_timeout,0,5,4,0.033,1
pay_006653,cust_01412,1637.22,card,ICICI,expired_card,2,11,10,0.148,1
pay_006654,cust_00272,811.76,card,ICICI,bank_timeout,0,8,8,0.133,1
pay_006655,cust_00143,1317.64,card,SBI,insufficient_funds,1,3,3,0.347,0
pay_006656,cust_01913,3542.94,upi,SBI,insufficient_funds,2,5,5,0.288,0
pay_006657,cust_01093,440.27,card,KOTAK,card_blocked,0,2,2,0.084,0
pay_006658,cust_02295,3875.71,upi,AXIS,bank_timeout,1,1,1,0.182,0
pay_006659,cust_00788,511.89,card,ICICI,bank_timeout,2,17,15,0.083,1
pay_006660,cust_02127,1885.53,upi,AXIS,bank_timeout,1,4,4,0.257,1
pay_006661,cust_01682,2027.88,card,KOTAK,network_error,1,11,2,0.423,0
pay_006662,cust_00623,2859.07,upi,SBI,network_error,2,1,1,0.036,1
pay_006663,cust_02573,1564.89,upi,KOTAK,account_closed,0,4,0,0.4,0
pay_006664,cust_02820,783.87,upi,HDFC,gateway_timeout,1,17,11,0.169,1
pay_006665,cust_00938,2095.63,upi,SBI,account_closed,2,5,5,0.267,0
pay_006666,cust_01119,10280.5,card,AXIS,temporary_bank_failure,0,10,10,0.078,1
pay_006667,cust_00617,1787.32,wallet,SBI,account_closed,1,6,6,0.017,0
pay_006668,cust_01032,893.28,netbanking,KOTAK,bank_timeout,2,15,13,0.028,1
pay_006669,cust_00067,1244.25,upi,ICICI,card_blocked,1,7,7,0.202,0
pay_006670,cust_00191,2038.95,netbanking,KOTAK,invalid_card,0,2,2,0.106,0
pay_006671,cust_02816,1458.41,card,KOTAK,gateway_timeout,0,10,5,0.072,0
pay_006672,cust_00521,1304.97,card,ICICI,insufficient_funds,0,19,6,0.132,1
pay_006673,cust_00990,5228.85,upi,AXIS,card_blocked,2,18,5,0.173,0
pay_006674,cust_01141,2734.83,netbanking,AXIS,insufficient_funds,0,10,8,0.184,1
pay_006675,cust_02315,1644.49,card,SBI,network_error,0,8,8,0.199,0
pay_006676,cust_01635,1654.6,upi,KOTAK,insufficient_funds,2,11,11,0.462,0
pay_006677,cust_02533,2076.72,netbanking,SBI,account_closed,0,15,14,0.232,0
pay_006678,cust_01188,2830.62,netbanking,ICICI,card_blocked,0,4,0,0.046,0
pay_006679,cust_00376,5043.48,card,HDFC,insufficient_funds,0,1,1,0.12,0
pay_006680,cust_00653,1300.46,card,AXIS,network_error,2,9,1,0.014,0
pay_006681,cust_00549,816.04,card,ICICI,invalid_card,0,1,1,0.267,1
pay_006682,cust_01098,1158.77,upi,AXIS,card_blocked,1,3,3,0.183,0
pay_006683,cust_00073,897.42,netbanking,SBI,insufficient_funds,2,15,12,0.19,0
pay_006684,cust_02356,533.36,upi,HDFC,gateway_timeout,1,5,5,0.173,1
pay_006685,cust_00199,5588.57,netbanking,KOTAK,insufficient_funds,2,9,9,0.151,0
pay_006686,cust_01782,3581.97,upi,AXIS,network_error,2,6,5,0.246,1
pay_006687,cust_00572,290.96,upi,KOTAK,card_blocked,2,4,4,0.357,0
pay_006688,cust_00791,2152.44,card,SBI,account_closed,1,12,8,0.136,0
pay_006689,cust_01639,1337.57,card,AXIS,bank_timeout,0,8,8,0.236,1
pay_006690,cust_01832,1215.94,card,SBI,card_blocked,0,8,3,0.106,0
pay_006691,cust_01856,247.34,card,KOTAK,card_blocked,0,14,11,0.118,0
pay_006692,cust_01511,1771.9,card,SBI,temporary_bank_failure,0,3,3,0.026,1
pay_006693,cust_01175,1922.81,card,SBI,insufficient_funds,2,0,0,0.263,0
pay_006694,cust_00179,705.2,card,SBI,bank_timeout,2,19,12,0.39,0
pay_006695,cust_02245,6622.29,upi,ICICI,bank_timeout,1,13,13,0.373,0
pay_006696,cust_00735,3405.27,card,ICICI,insufficient_funds,0,18,17,0.039,0
pay_006697,cust_02137,770.42,upi,AXIS,bank_timeout,2,0,0,0.176,1
pay_006698,cust_00799,4098.76,upi,SBI,account_closed,0,9,9,0.36,0
pay_006699,cust_00788,1245.83,upi,SBI,card_blocked,0,3,3,0.186,0
pay_006700,cust_02796,4205.24,upi,SBI,bank_timeout,1,17,13,0.29,0
pay_006701,cust_00209,570.03,upi,ICICI,bank_timeout,2,11,11,0.121,0
pay_006702,cust_00493,2071.54,netbanking,KOTAK,network_error,0,6,6,0.269,1
pay_006703,cust_02713,683.33,card,SBI,card_blocked,1,5,5,0.109,0
pay_006704,cust_01658,925.29,card,HDFC,invalid_card,1,8,8,0.151,0
pay_006705,cust_02919,385.55,card,AXIS,expired_card,0,1,1,0.148,1
pay_006706,cust_00732,673.46,upi,ICICI,invalid_card,0,14,0,0.16,1
pay_006707,cust_01130,670.33,card,KOTAK,network_error,1,12,6,0.074,0
pay_006708,cust_01606,606.51,upi,HDFC,network_error,1,10,1,0.115,0
pay_006709,cust_02746,2102.52,card,SBI,temporary_bank_failure,0,18,9,0.299,0
pay_006710,cust_00594,440.12,upi,ICICI,insufficient_funds,0,5,5,0.32,1
pay_006711,cust_02934,2296.29,upi,SBI,insufficient_funds,1,8,6,0.197,1
pay_006712,cust_02900,4042.88,card,AXIS,network_error,2,11,4,0.325,0
pay_006713,cust_01216,887.81,upi,ICICI,gateway_timeout,1,10,3,0.193,1
pay_006714,cust_00325,1689.25,netbanking,HDFC,expired_card,1,2,2,0.16,0
pay_006715,cust_00979,1382.27,upi,KOTAK,temporary_bank_failure,2,17,2,0.146,1
pay_006716,cust_01750,1300.87,card,KOTAK,bank_timeout,0,12,12,0.332,1
pay_006717,cust_01851,234.07,netbanking,AXIS,network_error,1,12,2,0.297,0
pay_006718,cust_01491,734.03,card,KOTAK,network_error,0,14,7,0.247,0
pay_006719,cust_00894,5820.5,card,KOTAK,expired_card,2,18,17,0.089,1
pay_006720,cust_01391,2342.74,card,AXIS,bank_timeout,1,14,14,0.113,1
pay_006721,cust_00144,1490.55,netbanking,HDFC,account_closed,0,14,3,0.311,0
pay_006722,cust_00384,359.03,card,ICICI,bank_timeout,0,4,4,0.549,1
pay_006723,cust_02264,2906.01,card,ICICI,insufficient_funds,0,4,2,0.079,1
pay_006724,cust_02372,871.9,netbanking,AXIS,card_blocked,0,1,1,0.203,0
pay_006725,cust_00217,671.84,upi,SBI,bank_timeout,0,17,5,0.118,1
pay_006726,cust_01516,727.94,upi,AXIS,gateway_timeout,0,5,5,0.216,1
pay_006727,cust_02999,2720.36,card,AXIS,temporary_bank_failure,1,17,3,0.283,0
pay_006728,cust_02231,1708.26,card,AXIS,temporary_bank_failure,1,6,2,0.093,0
pay_006729,cust_02318,3610.78,wallet,AXIS,insufficient_funds,2,19,17,0.142,0
pay_006730,cust_02993,4449.63,upi,KOTAK,network_error,0,19,7,0.201,0
pay_006731,cust_01491,1000.67,netbanking,KOTAK,bank_timeout,2,2,1,0.216,0
pay_006732,cust_02918,1747.33,wallet,HDFC,card_blocked,1,16,6,0.097,0
pay_006733,cust_01636,1418.83,upi,AXIS,invalid_card,2,19,10,0.078,0
pay_006734,cust_02515,608.24,card,ICICI,bank_timeout,1,18,5,0.036,1
pay_006735,cust_02353,682.43,card,SBI,insufficient_funds,1,7,7,0.071,1
pay_006736,cust_01168,1585.51,card,KOTAK,bank_timeout,2,18,2,0.299,0
pay_006737,cust_00111,1727.36,card,ICICI,bank_timeout,1,18,12,0.263,1
pay_006738,cust_01014,1730.38,netbanking,KOTAK,bank_timeout,1,5,5,0.19,1
pay_006739,cust_00232,1732.55,upi,HDFC,invalid_card,2,19,1,0.024,0
pay_006740,cust_01715,941.25,netbanking,SBI,gateway_timeout,2,7,4,0.173,0
pay_006741,cust_01756,9868.97,netbanking,KOTAK,account_closed,0,2,2,0.084,0
pay_006742,cust_02643,2176.43,wallet,SBI,temporary_bank_failure,2,4,4,0.19,0
pay_006743,cust_01578,1140.91,netbanking,SBI,invalid_card,1,0,0,0.142,0
pay_006744,cust_01297,2494.52,upi,ICICI,bank_timeout,0,0,0,0.258,1
pay_006745,cust_02221,915.09,netbanking,KOTAK,expired_card,1,0,0,0.582,0
pay_006746,cust_00973,1847.13,upi,SBI,temporary_bank_failure,2,5,5,0.208,1
pay_006747,cust_01031,2491.29,upi,AXIS,temporary_bank_failure,1,1,1,0.146,1
pay_006748,cust_02594,2809.46,upi,SBI,account_closed,2,11,10,0.231,0
pay_006749,cust_02596,661.26,upi,SBI,bank_timeout,2,16,16,0.424,0
pay_006750,cust_00518,20399.68,card,KOTAK,card_blocked,2,9,8,0.14,0
pay_006751,cust_00914,4653.81,card,AXIS,invalid_card,0,4,4,0.24,0
pay_006752,cust_02263,9191.22,card,SBI,temporary_bank_failure,2,4,4,0.265,1
pay_006753,cust_02182,1473.07,card,KOTAK,card_blocked,1,1,1,0.321,0
pay_006754,cust_02333,2202.69,upi,KOTAK,network_error,0,11,11,0.148,1
pay_006755,cust_01945,1861.56,netbanking,SBI,gateway_timeout,0,4,4,0.647,1
pay_006756,cust_01463,1167.19,upi,HDFC,account_closed,0,14,5,0.139,0
pay_006757,cust_01873,3314.58,card,HDFC,card_blocked,1,19,12,0.163,0
pay_006758,cust_02734,891.65,netbanking,ICICI,network_error,2,17,14,0.066,1
pay_006759,cust_02379,3160.86,netbanking,HDFC,invalid_card,0,5,5,0.109,0
pay_006760,cust_02942,1213.82,netbanking,HDFC,temporary_bank_failure,2,13,13,0.18,0
pay_006761,cust_01308,2487.97,upi,KOTAK,invalid_card,2,10,8,0.27,0
pay_006762,cust_00899,5821.46,card,KOTAK,bank_timeout,1,7,7,0.43,1
pay_006763,cust_01099,1625.53,card,SBI,temporary_bank_failure,0,8,8,0.261,1
pay_006764,cust_01190,3375.1,upi,SBI,bank_timeout,1,5,5,0.319,1
pay_006765,cust_01213,1203.36,card,KOTAK,insufficient_funds,0,2,2,0.259,1
pay_006766,cust_02126,702.7,card,SBI,expired_card,0,7,1,0.126,1
pay_006767,cust_02995,6832.07,netbanking,KOTAK,gateway_timeout,2,15,8,0.14,0
pay_006768,cust_00688,3288.44,upi,HDFC,insufficient_funds,2,18,17,0.374,0
pay_006769,cust_02069,1623.7,card,SBI,insufficient_funds,0,0,0,0.146,0
pay_006770,cust_00566,3156.21,card,HDFC,temporary_bank_failure,0,12,12,0.106,0
pay_006771,cust_01208,801.82,card,ICICI,insufficient_funds,2,11,2,0.21,0
pay_006772,cust_01895,2575.48,card,SBI,bank_timeout,0,19,10,0.134,1
pay_006773,cust_00827,2150.82,upi,KOTAK,insufficient_funds,0,7,7,0.24,1
pay_006774,cust_01352,3042.5,card,KOTAK,insufficient_funds,0,13,1,0.038,1
pay_006775,cust_02227,6723.64,netbanking,ICICI,bank_timeout,1,5,5,0.055,0
pay_006776,cust_01812,5759.45,netbanking,KOTAK,insufficient_funds,0,2,2,0.131,0
pay_006777,cust_01083,595.22,upi,HDFC,invalid_card,0,2,2,0.134,1
pay_006778,cust_01351,366.43,upi,KOTAK,insufficient_funds,2,13,2,0.364,0
pay_006779,cust_02953,2200.78,card,ICICI,expired_card,2,2,2,0.129,0
pay_006780,cust_01645,2070.34,upi,AXIS,insufficient_funds,1,11,3,0.251,0
pay_006781,cust_02717,728.56,upi,AXIS,invalid_card,2,11,11,0.038,0
pay_006782,cust_00191,838.31,upi,HDFC,insufficient_funds,0,16,2,0.237,0
pay_006783,cust_01224,976.25,card,AXIS,temporary_bank_failure,1,10,10,0.088,1
pay_006784,cust_01336,5260.72,card,KOTAK,account_closed,0,8,2,0.124,0
pay_006785,cust_00708,1238.93,card,ICICI,bank_timeout,0,4,4,0.35,1
pay_006786,cust_00379,542.88,upi,HDFC,temporary_bank_failure,0,10,10,0.147,1
pay_006787,cust_00387,1717.21,upi,AXIS,insufficient_funds,1,6,6,0.321,1
pay_006788,cust_02285,1804.1,upi,KOTAK,account_closed,2,9,8,0.182,0
pay_006789,cust_00616,791.8,upi,KOTAK,bank_timeout,2,8,8,0.18,0
pay_006790,cust_01543,2899.55,card,SBI,bank_timeout,2,19,7,0.288,0
pay_006791,cust_02331,4490.82,netbanking,SBI,temporary_bank_failure,0,14,7,0.117,1
pay_006792,cust_02049,1360.63,upi,ICICI,temporary_bank_failure,1,10,7,0.092,0
pay_006793,cust_01755,542.87,card,HDFC,account_closed,2,2,2,0.13,0
pay_006794,cust_00464,1452.45,upi,AXIS,card_blocked,1,14,5,0.589,0
pay_006795,cust_00967,2301.55,upi,AXIS,bank_timeout,1,16,12,0.04,1
pay_006796,cust_00172,321.72,card,KOTAK,bank_timeout,0,2,2,0.06,1
pay_006797,cust_01147,2657.69,upi,AXIS,account_closed,1,19,14,0.162,0
pay_006798,cust_00843,1339.43,netbanking,ICICI,bank_timeout,2,3,3,0.095,0
pay_006799,cust_01322,1872.4,card,SBI,temporary_bank_failure,2,10,10,0.425,0
pay_006800,cust_01909,1434.11,upi,KOTAK,temporary_bank_failure,1,6,4,0.163,1
pay_006801,cust_00690,989.55,card,HDFC,temporary_bank_failure,1,19,2,0.068,1
pay_006802,cust_02623,1654.42,netbanking,KOTAK,temporary_bank_failure,1,13,4,0.155,0
pay_006803,cust_01508,1203.35,card,AXIS,temporary_bank_failure,1,3,3,0.527,1
pay_006804,cust_02213,1358.23,card,ICICI,insufficient_funds,2,12,2,0.258,0
pay_006805,cust_02025,893.96,upi,HDFC,insufficient_funds,2,0,0,0.47,0
pay_006806,cust_01723,2777.82,card,KOTAK,insufficient_funds,0,17,16,0.115,1
pay_006807,cust_00383,4863.14,card,AXIS,account_closed,1,12,9,0.211,0
pay_006808,cust_02257,899.09,card,KOTAK,account_closed,2,2,2,0.114,0
pay_006809,cust_01413,1646.73,card,HDFC,network_error,1,7,7,0.326,1
pay_006810,cust_01584,752.83,card,AXIS,insufficient_funds,2,17,12,0.574,0
pay_006811,cust_02272,2466.18,netbanking,SBI,invalid_card,0,1,1,0.04,1
pay_006812,cust_02051,2163.31,netbanking,HDFC,account_closed,2,19,1,0.028,0
pay_006813,cust_00372,1137.78,upi,SBI,network_error,2,5,1,0.234,0
pay_006814,cust_01711,1692.23,upi,SBI,insufficient_funds,0,17,16,0.285,1
pay_006815,cust_01470,3612.74,upi,AXIS,insufficient_funds,1,17,17,0.269,0
pay_006816,cust_00611,499.75,card,KOTAK,expired_card,2,8,0,0.184,0
pay_006817,cust_00116,643.26,card,KOTAK,temporary_bank_failure,0,14,4,0.247,0
pay_006818,cust_00447,2879.78,upi,ICICI,temporary_bank_failure,0,2,2,0.141,0
pay_006819,cust_01392,1888.58,card,HDFC,expired_card,0,8,8,0.154,1
pay_006820,cust_01341,1709.35,upi,HDFC,gateway_timeout,2,17,4,0.166,1
pay_006821,cust_00415,3844.46,upi,AXIS,bank_timeout,1,19,9,0.166,0
pay_006822,cust_01809,3176.54,upi,AXIS,card_blocked,2,19,9,0.293,0
pay_006823,cust_02940,7130.12,netbanking,ICICI,bank_timeout,2,6,0,0.233,0
pay_006824,cust_01048,3699.49,upi,ICICI,bank_timeout,2,16,8,0.282,0
pay_006825,cust_02711,2753.37,wallet,SBI,account_closed,0,2,2,0.236,0
pay_006826,cust_01874,1731.65,upi,ICICI,temporary_bank_failure,1,6,6,0.222,1
pay_006827,cust_01074,1611.09,card,KOTAK,temporary_bank_failure,2,12,12,0.316,0
pay_006828,cust_00718,1803.36,upi,SBI,insufficient_funds,1,8,8,0.129,1
pay_006829,cust_01359,2161.12,upi,ICICI,bank_timeout,2,8,5,0.114,1
pay_006830,cust_01606,688.57,upi,KOTAK,network_error,1,4,4,0.112,0
pay_006831,cust_02319,2232.5,upi,KOTAK,bank_timeout,0,3,3,0.033,1
pay_006832,cust_00562,1488.22,card,SBI,temporary_bank_failure,1,8,8,0.335,0
pay_006833,cust_02852,2405.81,wallet,SBI,account_closed,0,5,5,0.311,0
pay_006834,cust_02295,1138.95,netbanking,KOTAK,account_closed,0,9,9,0.257,0
pay_006835,cust_00387,1066.84,upi,AXIS,temporary_bank_failure,1,17,1,0.504,1
pay_006836,cust_00702,2174.54,card,SBI,network_error,2,2,2,0.264,0
pay_006837,cust_02607,2648.68,netbanking,HDFC,bank_timeout,2,19,9,0.172,0
pay_006838,cust_00973,1115.27,card,AXIS,gateway_timeout,2,6,0,0.082,0
pay_006839,cust_01385,5194.55,card,HDFC,account_closed,2,11,11,0.376,0
pay_006840,cust_00984,5166.13,upi,ICICI,account_closed,1,4,4,0.098,0
pay_006841,cust_01512,509.86,upi,SBI,bank_timeout,2,16,7,0.23,0
pay_006842,cust_00352,971.05,card,SBI,network_error,2,18,16,0.202,1
pay_006843,cust_01725,1984.19,upi,KOTAK,network_error,0,3,3,0.502,0
pay_006844,cust_01952,2432.36,upi,SBI,account_closed,1,11,11,0.165,0
pay_006845,cust_01280,9955.42,upi,HDFC,insufficient_funds,0,14,1,0.212,0
pay_006846,cust_01908,2023.77,card,AXIS,temporary_bank_failure,0,1,1,0.231,1
pay_006847,cust_00753,1647.27,card,ICICI,card_blocked,2,14,14,0.209,0
pay_006848,cust_02829,727.47,card,AXIS,card_blocked,2,10,8,0.118,0
pay_006849,cust_01025,508.61,card,HDFC,gateway_timeout,1,0,0,0.201,0
pay_006850,cust_00546,1624.67,card,ICICI,bank_timeout,0,13,9,0.254,1
pay_006851,cust_01470,9376.0,card,KOTAK,network_error,2,3,3,0.047,1
pay_006852,cust_00079,1526.27,card,SBI,bank_timeout,0,5,5,0.161,1
pay_006853,cust_01260,974.39,card,SBI,expired_card,2,7,7,0.05,0
pay_006854,cust_02382,2595.81,card,KOTAK,insufficient_funds,2,19,2,0.04,0
pay_006855,cust_00889,363.42,card,HDFC,insufficient_funds,2,1,1,0.442,0
pay_006856,cust_01106,1926.45,upi,KOTAK,bank_timeout,2,3,3,0.218,0
pay_006857,cust_02550,3496.45,upi,HDFC,invalid_card,1,16,10,0.115,1
pay_006858,cust_01991,847.21,card,ICICI,insufficient_funds,0,8,3,0.164,0
pay_006859,cust_01501,5405.09,card,AXIS,bank_timeout,0,18,18,0.106,1
pay_006860,cust_02813,3064.83,upi,AXIS,invalid_card,1,7,5,0.08,1
pay_006861,cust_00921,5444.37,card,KOTAK,card_blocked,1,8,0,0.191,0
pay_006862,cust_00550,601.21,netbanking,SBI,gateway_timeout,1,12,0,0.515,0
pay_006863,cust_02062,1564.69,upi,KOTAK,bank_timeout,2,7,5,0.099,0
pay_006864,cust_00392,3780.84,card,SBI,bank_timeout,2,13,0,0.12,0
pay_006865,cust_02358,545.51,upi,KOTAK,bank_timeout,0,17,14,0.045,0
pay_006866,cust_02434,3857.05,upi,KOTAK,invalid_card,1,17,0,0.31,0
pay_006867,cust_01381,1565.75,card,AXIS,expired_card,0,9,5,0.236,1
pay_006868,cust_00974,3834.15,card,SBI,insufficient_funds,1,19,8,0.142,0
pay_006869,cust_00340,2151.62,upi,AXIS,invalid_card,0,0,0,0.14,0
pay_006870,cust_02645,5589.59,netbanking,SBI,card_blocked,1,11,11,0.091,0
pay_006871,cust_00757,643.21,card,ICICI,gateway_timeout,1,2,2,0.158,1
pay_006872,cust_01046,2352.55,card,ICICI,expired_card,2,19,19,0.129,1
pay_006873,cust_02339,539.56,card,ICICI,gateway_timeout,0,11,0,0.138,1
pay_006874,cust_02354,2529.13,upi,HDFC,temporary_bank_failure,2,17,15,0.26,0
pay_006875,cust_02682,2350.2,upi,AXIS,account_closed,2,11,11,0.104,0
pay_006876,cust_02673,1439.33,card,AXIS,insufficient_funds,0,6,0,0.132,0
pay_006877,cust_00939,965.81,upi,ICICI,bank_timeout,2,2,2,0.078,1
pay_006878,cust_00848,1393.69,card,KOTAK,gateway_timeout,1,6,6,0.022,1
pay_006879,cust_00442,1954.95,upi,AXIS,invalid_card,1,12,12,0.114,0
pay_006880,cust_02551,2269.58,card,SBI,card_blocked,1,10,5,0.525,0
pay_006881,cust_00130,8483.28,upi,AXIS,insufficient_funds,1,19,16,0.076,0
pay_006882,cust_00597,3636.34,netbanking,AXIS,gateway_timeout,2,19,16,0.158,1
pay_006883,cust_01959,1130.58,upi,SBI,network_error,0,16,5,0.231,1
pay_006884,cust_01506,2874.12,card,ICICI,gateway_timeout,2,14,12,0.11,1
pay_006885,cust_00862,3659.4,upi,ICICI,insufficient_funds,0,5,5,0.125,1
pay_006886,cust_02641,1069.8,upi,SBI,bank_timeout,0,5,5,0.198,1
pay_006887,cust_00999,3170.75,wallet,AXIS,network_error,2,6,6,0.453,0
pay_006888,cust_02373,550.38,card,AXIS,expired_card,2,8,1,0.096,0
pay_006889,cust_02496,1039.07,upi,ICICI,expired_card,1,8,8,0.259,0
pay_006890,cust_01552,578.6,card,HDFC,expired_card,0,17,7,0.11,1
pay_006891,cust_02867,1527.14,card,ICICI,card_blocked,0,0,0,0.085,0
pay_006892,cust_01641,1237.79,card,SBI,insufficient_funds,0,17,8,0.087,0
pay_006893,cust_01512,1316.11,card,HDFC,network_error,1,17,12,0.028,1
pay_006894,cust_01737,3471.63,card,HDFC,account_closed,0,11,11,0.031,0
pay_006895,cust_02757,1943.93,card,SBI,gateway_timeout,0,0,0,0.188,1
pay_006896,cust_01450,3429.8,card,KOTAK,network_error,1,18,0,0.326,1
pay_006897,cust_01858,6641.41,upi,ICICI,insufficient_funds,2,13,4,0.355,0
pay_006898,cust_00265,9659.84,upi,AXIS,temporary_bank_failure,1,13,13,0.165,1
pay_006899,cust_02660,1616.72,netbanking,ICICI,gateway_timeout,1,15,13,0.209,0
pay_006900,cust_02880,2773.31,upi,SBI,expired_card,2,5,5,0.062,0
pay_006901,cust_02722,1597.5,netbanking,AXIS,card_blocked,0,16,5,0.173,0
pay_006902,cust_01463,4069.84,upi,KOTAK,expired_card,2,12,12,0.106,0
pay_006903,cust_00157,3483.36,card,SBI,temporary_bank_failure,0,18,4,0.016,1
pay_006904,cust_01446,1065.89,upi,ICICI,bank_timeout,1,19,8,0.061,1
pay_006905,cust_02299,1199.07,upi,HDFC,temporary_bank_failure,0,1,1,0.277,1
pay_006906,cust_02926,5479.87,upi,SBI,bank_timeout,1,9,9,0.355,1
pay_006907,cust_01633,1165.22,netbanking,SBI,insufficient_funds,0,8,6,0.296,1
pay_006908,cust_02578,1653.36,upi,ICICI,expired_card,1,11,11,0.247,0
pay_006909,cust_02375,3102.71,card,KOTAK,insufficient_funds,0,7,7,0.189,1
pay_006910,cust_00895,1583.73,netbanking,ICICI,account_closed,0,8,7,0.336,0
pay_006911,cust_02145,6168.26,upi,ICICI,insufficient_funds,0,10,10,0.212,1
pay_006912,cust_00513,4131.87,card,KOTAK,insufficient_funds,2,0,0,0.076,0
pay_006913,cust_00216,891.29,upi,KOTAK,temporary_bank_failure,1,10,10,0.365,1
pay_006914,cust_02173,1131.83,upi,SBI,account_closed,1,18,13,0.271,0
pay_006915,cust_01707,2893.0,upi,HDFC,account_closed,1,1,1,0.253,0
pay_006916,cust_02107,1734.34,netbanking,ICICI,card_blocked,2,13,9,0.031,0
pay_006917,cust_01568,382.82,card,HDFC,card_blocked,2,3,3,0.369,0
pay_006918,cust_02209,831.55,upi,KOTAK,card_blocked,2,19,5,0.217,0
pay_006919,cust_02332,2180.43,netbanking,KOTAK,expired_card,2,14,6,0.099,0
pay_006920,cust_02154,3686.52,upi,ICICI,insufficient_funds,0,1,1,0.151,0
pay_006921,cust_01129,3728.93,card,SBI,network_error,1,15,3,0.044,0
pay_006922,cust_00228,8692.97,card,ICICI,invalid_card,0,3,3,0.192,1
pay_006923,cust_02366,1039.85,upi,SBI,invalid_card,2,1,1,0.131,0
pay_006924,cust_01488,1080.41,card,AXIS,account_closed,2,14,8,0.132,0
pay_006925,cust_00802,1771.78,netbanking,SBI,insufficient_funds,0,18,18,0.344,0
pay_006926,cust_01623,473.06,card,ICICI,account_closed,1,18,15,0.245,0
pay_006927,cust_01906,1803.6,upi,ICICI,expired_card,2,15,2,0.05,0
pay_006928,cust_02922,1546.26,card,SBI,network_error,0,11,4,0.073,1
pay_006929,cust_00472,3406.27,upi,HDFC,network_error,0,2,2,0.293,1
pay_006930,cust_01080,3901.89,upi,SBI,account_closed,0,19,5,0.45,0
pay_006931,cust_02673,2406.24,card,AXIS,gateway_timeout,0,14,8,0.261,0
pay_006932,cust_02061,1812.2,upi,AXIS,network_error,1,6,6,0.087,1
pay_006933,cust_01042,2419.25,card,HDFC,gateway_timeout,1,8,8,0.294,1
pay_006934,cust_02742,958.85,upi,AXIS,network_error,2,14,14,0.129,0
pay_006935,cust_02161,1692.32,upi,ICICI,account_closed,2,19,15,0.376,0
pay_006936,cust_00229,1832.46,card,HDFC,bank_timeout,1,12,4,0.09,1
pay_006937,cust_00171,1702.63,card,HDFC,temporary_bank_failure,1,6,0,0.061,0
pay_006938,cust_00295,1576.84,upi,HDFC,insufficient_funds,0,15,2,0.152,0
pay_006939,cust_00189,1099.91,card,SBI,account_closed,0,9,5,0.031,0
pay_006940,cust_00426,795.94,card,SBI,invalid_card,0,1,1,0.071,1
pay_006941,cust_00977,1534.45,upi,HDFC,bank_timeout,2,18,15,0.12,0
pay_006942,cust_01103,2908.75,card,AXIS,account_closed,2,5,5,0.255,0
pay_006943,cust_02706,450.37,upi,ICICI,expired_card,2,17,13,0.571,0
pay_006944,cust_00919,1214.61,upi,ICICI,bank_timeout,2,1,1,0.101,1
pay_006945,cust_00499,9464.25,card,SBI,insufficient_funds,0,0,0,0.105,0
pay_006946,cust_01822,1549.39,card,KOTAK,account_closed,2,14,11,0.169,0
pay_006947,cust_02810,2040.76,upi,HDFC,insufficient_funds,2,9,6,0.1,0
pay_006948,cust_00866,7871.34,card,KOTAK,card_blocked,0,2,2,0.162,0
pay_006949,cust_00826,2334.49,card,ICICI,insufficient_funds,0,9,9,0.253,0
pay_006950,cust_01859,2377.52,upi,SBI,expired_card,1,2,0,0.103,0
pay_006951,cust_02119,872.95,upi,SBI,bank_timeout,0,5,5,0.198,0
pay_006952,cust_02296,2322.17,card,SBI,account_closed,2,1,1,0.199,0
pay_006953,cust_00146,1786.77,upi,SBI,insufficient_funds,0,8,8,0.311,0
pay_006954,cust_01642,3789.28,upi,SBI,insufficient_funds,2,7,5,0.364,1
pay_006955,cust_01320,5023.38,upi,HDFC,expired_card,1,0,0,0.182,0
pay_006956,cust_02630,1852.42,upi,KOTAK,insufficient_funds,1,16,16,0.087,1
pay_006957,cust_00470,2454.5,netbanking,ICICI,invalid_card,1,12,7,0.363,0
pay_006958,cust_00193,398.66,card,ICICI,insufficient_funds,2,4,4,0.168,0
pay_006959,cust_01092,302.32,card,SBI,insufficient_funds,2,6,6,0.047,0
pay_006960,cust_02542,4335.33,card,SBI,bank_timeout,1,8,8,0.065,0
pay_006961,cust_00052,245.69,card,SBI,insufficient_funds,1,13,13,0.18,0
pay_006962,cust_02930,2349.29,card,AXIS,insufficient_funds,2,18,15,0.047,0
pay_006963,cust_02411,1573.53,card,ICICI,insufficient_funds,2,0,0,0.199,0
pay_006964,cust_01821,4842.0,upi,SBI,insufficient_funds,2,2,2,0.391,0
pay_006965,cust_02965,1757.87,card,KOTAK,bank_timeout,2,15,15,0.191,1
pay_006966,cust_02522,7644.97,upi,AXIS,network_error,1,7,7,0.128,1
pay_006967,cust_01870,1535.91,card,HDFC,expired_card,1,6,6,0.124,0
pay_006968,cust_02569,4523.67,wallet,AXIS,expired_card,0,10,3,0.308,1
pay_006969,cust_01787,545.34,upi,AXIS,network_error,0,14,2,0.141,0
pay_006970,cust_01455,286.68,upi,AXIS,gateway_timeout,2,12,12,0.152,0
pay_006971,cust_01868,1767.69,netbanking,KOTAK,temporary_bank_failure,1,19,3,0.248,0
pay_006972,cust_02739,589.65,netbanking,ICICI,network_error,2,5,5,0.047,0
pay_006973,cust_02580,1723.41,upi,SBI,temporary_bank_failure,0,4,4,0.246,1
pay_006974,cust_02008,1299.12,card,KOTAK,network_error,2,3,3,0.144,0
pay_006975,cust_01435,2933.98,upi,KOTAK,bank_timeout,0,18,1,0.185,1
pay_006976,cust_00840,771.63,card,SBI,insufficient_funds,0,14,14,0.198,0
pay_006977,cust_00241,2539.5,card,AXIS,insufficient_funds,1,4,4,0.165,1
pay_006978,cust_00536,3608.9,card,HDFC,expired_card,2,10,10,0.225,0
pay_006979,cust_01408,1533.7,card,AXIS,insufficient_funds,1,17,12,0.191,0
pay_006980,cust_00083,2650.72,card,AXIS,temporary_bank_failure,0,9,2,0.04,1
pay_006981,cust_00982,826.45,card,ICICI,insufficient_funds,0,15,15,0.253,0
pay_006982,cust_00951,1331.25,card,AXIS,insufficient_funds,2,3,3,0.157,0
pay_006983,cust_00611,617.91,card,HDFC,card_blocked,2,18,11,0.443,0
pay_006984,cust_00574,11743.06,card,KOTAK,card_blocked,2,4,4,0.308,0
pay_006985,cust_02334,4832.09,upi,AXIS,account_closed,2,14,7,0.509,0
pay_006986,cust_00989,6823.28,card,KOTAK,insufficient_funds,0,5,5,0.085,1
pay_006987,cust_00459,4776.92,wallet,ICICI,card_blocked,0,1,1,0.084,0
pay_006988,cust_02174,1063.66,card,HDFC,network_error,0,9,9,0.255,1
pay_006989,cust_01523,529.74,netbanking,SBI,expired_card,1,19,10,0.217,0
pay_006990,cust_02473,1287.87,card,SBI,insufficient_funds,1,5,5,0.268,0
pay_006991,cust_02602,2644.52,netbanking,ICICI,bank_timeout,1,18,8,0.258,1
pay_006992,cust_02658,1433.39,card,HDFC,bank_timeout,2,5,5,0.121,1
pay_006993,cust_01985,302.53,upi,KOTAK,insufficient_funds,0,14,14,0.143,0
pay_006994,cust_01567,3286.77,card,ICICI,network_error,1,0,0,0.097,1
pay_006995,cust_02160,503.42,upi,AXIS,network_error,2,7,7,0.174,0
pay_006996,cust_02450,1289.65,card,KOTAK,temporary_bank_failure,2,10,1,0.23,1
pay_006997,cust_00122,7295.61,upi,AXIS,expired_card,2,13,13,0.025,1
pay_006998,cust_00273,1880.43,upi,AXIS,network_error,0,0,0,0.213,0
pay_006999,cust_01318,4278.37,netbanking,KOTAK,expired_card,2,13,13,0.078,0
pay_007000,cust_00398,2386.2,upi,AXIS,invalid_card,1,9,9,0.111,0
pay_007001,cust_02519,806.64,card,SBI,insufficient_funds,2,16,1,0.218,1
pay_007002,cust_00985,3240.4,card,KOTAK,network_error,0,10,7,0.307,1
pay_007003,cust_01231,1718.87,upi,ICICI,bank_timeout,0,9,6,0.173,1
pay_007004,cust_01134,550.78,card,SBI,gateway_timeout,2,14,0,0.014,0
pay_007005,cust_01302,481.58,netbanking,ICICI,account_closed,0,11,11,0.074,0
pay_007006,cust_01911,2456.8,card,HDFC,bank_timeout,0,2,2,0.116,1
pay_007007,cust_02617,10027.39,upi,ICICI,invalid_card,1,17,0,0.373,0
pay_007008,cust_01506,764.33,upi,KOTAK,insufficient_funds,1,6,6,0.137,1
pay_007009,cust_01917,840.86,card,ICICI,account_closed,2,10,3,0.098,0
pay_007010,cust_02945,2485.52,upi,HDFC,temporary_bank_failure,0,17,5,0.299,0
pay_007011,cust_00820,631.98,card,AXIS,expired_card,0,16,0,0.319,0
pay_007012,cust_02901,11887.46,card,KOTAK,invalid_card,0,15,2,0.032,0
pay_007013,cust_02758,904.57,wallet,SBI,network_error,1,2,1,0.232,0
pay_007014,cust_01957,1212.99,card,SBI,network_error,0,12,12,0.225,0
pay_007015,cust_02369,949.91,upi,ICICI,bank_timeout,1,7,7,0.171,0
pay_007016,cust_00179,3819.25,upi,SBI,expired_card,0,4,4,0.329,0
pay_007017,cust_00897,10196.5,upi,HDFC,insufficient_funds,1,6,6,0.129,0
pay_007018,cust_02267,1030.09,card,SBI,bank_timeout,2,18,14,0.164,1
pay_007019,cust_02837,3616.5,upi,ICICI,temporary_bank_failure,2,18,5,0.31,1
pay_007020,cust_01973,636.05,card,SBI,bank_timeout,0,11,5,0.045,1
pay_007021,cust_01552,3894.88,upi,AXIS,bank_timeout,0,8,7,0.276,0
pay_007022,cust_00492,7381.18,wallet,AXIS,temporary_bank_failure,1,16,2,0.14,0
pay_007023,cust_00061,5778.42,card,SBI,bank_timeout,1,9,9,0.054,1
pay_007024,cust_01078,2010.74,upi,KOTAK,network_error,1,17,17,0.12,1
pay_007025,cust_01704,791.36,card,SBI,insufficient_funds,0,0,0,0.448,1
pay_007026,cust_02586,1809.16,card,AXIS,insufficient_funds,1,14,10,0.213,0
pay_007027,cust_02896,1409.92,card,AXIS,network_error,0,10,10,0.191,1
pay_007028,cust_00065,1264.77,card,HDFC,network_error,1,3,3,0.186,0
pay_007029,cust_00586,2132.9,card,ICICI,account_closed,0,5,5,0.235,0
pay_007030,cust_01728,1714.3,card,HDFC,network_error,1,12,12,0.316,1
pay_007031,cust_02219,3185.22,upi,KOTAK,bank_timeout,1,7,7,0.08,1
pay_007032,cust_00535,3201.82,card,ICICI,network_error,1,6,2,0.035,0
pay_007033,cust_02741,1719.45,card,SBI,insufficient_funds,0,4,4,0.265,1
pay_007034,cust_02156,2555.0,card,SBI,bank_timeout,2,4,4,0.35,0
pay_007035,cust_01871,5203.61,upi,KOTAK,card_blocked,2,15,11,0.43,0
pay_007036,cust_02862,1181.71,card,AXIS,network_error,0,5,5,0.304,1
pay_007037,cust_01005,1831.18,netbanking,SBI,network_error,0,15,15,0.249,1
pay_007038,cust_02500,794.18,card,HDFC,invalid_card,2,14,8,0.188,0
pay_007039,cust_01230,2654.18,card,AXIS,network_error,2,5,4,0.127,1
pay_007040,cust_02638,2119.23,card,SBI,gateway_timeout,1,7,7,0.164,0
pay_007041,cust_01040,2614.15,card,AXIS,insufficient_funds,1,2,2,0.235,1
pay_007042,cust_00327,819.68,upi,ICICI,bank_timeout,0,8,0,0.175,0
pay_007043,cust_00608,3335.75,upi,SBI,account_closed,2,8,8,0.348,0
pay_007044,cust_02707,1961.8,card,SBI,insufficient_funds,2,4,4,0.104,0
pay_007045,cust_00002,4119.96,card,AXIS,temporary_bank_failure,0,18,11,0.113,1
pay_007046,cust_01034,1273.87,card,ICICI,gateway_timeout,2,15,10,0.098,1
pay_007047,cust_02482,3121.06,netbanking,HDFC,bank_timeout,1,15,8,0.063,1
pay_007048,cust_00125,2581.24,netbanking,ICICI,expired_card,2,17,14,0.352,0
pay_007049,cust_01105,6122.47,card,HDFC,insufficient_funds,2,11,11,0.406,1
pay_007050,cust_02533,1647.4,upi,KOTAK,card_blocked,1,15,11,0.194,0
pay_007051,cust_02700,1159.91,netbanking,ICICI,insufficient_funds,2,4,4,0.278,1
pay_007052,cust_01862,1218.01,upi,HDFC,account_closed,1,2,2,0.209,0
pay_007053,cust_01174,744.97,netbanking,AXIS,network_error,1,6,6,0.074,0
pay_007054,cust_02848,1208.99,upi,HDFC,bank_timeout,1,19,5,0.483,0
pay_007055,cust_02921,277.97,card,KOTAK,card_blocked,2,13,13,0.134,0
pay_007056,cust_00129,5404.64,upi,HDFC,network_error,1,15,9,0.023,1
pay_007057,cust_00438,8495.04,upi,ICICI,account_closed,0,0,0,0.403,0
pay_007058,cust_00751,1606.69,upi,HDFC,network_error,2,4,4,0.074,0
pay_007059,cust_02549,2566.97,card,ICICI,network_error,1,7,7,0.031,1
pay_007060,cust_01222,2061.54,upi,KOTAK,invalid_card,0,1,1,0.223,0
pay_007061,cust_02259,632.42,card,HDFC,invalid_card,0,6,3,0.146,1
pay_007062,cust_00902,4109.3,card,HDFC,account_closed,1,5,5,0.135,0
pay_007063,cust_02093,4630.22,upi,KOTAK,account_closed,0,9,9,0.113,0
pay_007064,cust_01303,786.2,upi,HDFC,insufficient_funds,1,2,2,0.34,1
pay_007065,cust_02583,2354.09,upi,ICICI,gateway_timeout,0,5,5,0.07,1
pay_007066,cust_01434,1465.26,wallet,SBI,invalid_card,2,18,14,0.025,1
pay_007067,cust_02509,4684.14,upi,SBI,insufficient_funds,1,1,1,0.12,0
pay_007068,cust_00391,1692.06,upi,ICICI,card_blocked,0,18,11,0.047,0
pay_007069,cust_01068,1729.12,upi,HDFC,gateway_timeout,0,16,15,0.071,1
pay_007070,cust_00027,7759.73,card,ICICI,bank_timeout,1,3,3,0.307,0
pay_007071,cust_02842,646.56,netbanking,KOTAK,insufficient_funds,2,2,2,0.112,0
pay_007072,cust_00548,2204.91,card,ICICI,temporary_bank_failure,1,13,13,0.19,1
pay_007073,cust_02669,1940.93,upi,SBI,temporary_bank_failure,0,2,2,0.05,1
pay_007074,cust_00567,1115.56,card,AXIS,insufficient_funds,1,10,10,0.194,0
pay_007075,cust_00704,9245.17,card,KOTAK,card_blocked,2,9,9,0.072,0
pay_007076,cust_01243,2366.67,card,HDFC,network_error,0,2,0,0.12,0
pay_007077,cust_00185,3094.61,upi,ICICI,gateway_timeout,2,8,4,0.03,0
pay_007078,cust_01591,3469.21,card,KOTAK,account_closed,2,15,6,0.313,0
pay_007079,cust_01914,1398.73,card,SBI,account_closed,0,17,17,0.251,0
pay_007080,cust_00848,4882.49,upi,HDFC,network_error,2,4,4,0.167,1
pay_007081,cust_00599,4156.5,card,ICICI,expired_card,0,14,14,0.148,1
pay_007082,cust_00806,1639.78,card,ICICI,gateway_timeout,2,15,11,0.109,0
pay_007083,cust_01358,3829.97,card,HDFC,card_blocked,2,17,11,0.04,0
pay_007084,cust_02127,4875.36,upi,AXIS,invalid_card,0,5,0,0.043,0
pay_007085,cust_02627,3415.49,upi,AXIS,insufficient_funds,2,3,1,0.199,0
pay_007086,cust_01879,926.88,netbanking,KOTAK,account_closed,2,12,12,0.133,0
pay_007087,cust_02461,1679.27,card,ICICI,card_blocked,2,0,0,0.299,0
pay_007088,cust_00546,2644.66,card,KOTAK,gateway_timeout,1,1,1,0.226,1
pay_007089,cust_01633,2212.1,card,HDFC,gateway_timeout,2,14,13,0.163,1
pay_007090,cust_02217,996.11,wallet,KOTAK,insufficient_funds,1,3,2,0.15,1
pay_007091,cust_02729,1437.63,upi,ICICI,expired_card,0,12,12,0.301,0
pay_007092,cust_02631,2395.85,upi,AXIS,expired_card,0,13,13,0.441,1
pay_007093,cust_02563,540.57,netbanking,AXIS,insufficient_funds,0,14,4,0.216,0
pay_007094,cust_02080,1836.22,card,HDFC,temporary_bank_failure,1,7,7,0.052,0
pay_007095,cust_02335,3156.81,card,SBI,account_closed,0,8,4,0.062,0
pay_007096,cust_02642,2267.31,upi,KOTAK,card_blocked,0,4,4,0.235,0
pay_007097,cust_01927,910.52,upi,HDFC,account_closed,2,2,2,0.047,0
pay_007098,cust_00617,1048.16,upi,AXIS,expired_card,1,6,5,0.171,1
pay_007099,cust_02318,5940.78,upi,ICICI,temporary_bank_failure,1,7,7,0.195,1
pay_007100,cust_01204,853.96,upi,ICICI,insufficient_funds,1,15,15,0.087,1
pay_007101,cust_01760,4668.23,netbanking,SBI,bank_timeout,0,16,16,0.047,1
pay_007102,cust_02566,1099.87,upi,SBI,insufficient_funds,1,9,9,0.193,1
pay_007103,cust_02631,4465.51,card,AXIS,invalid_card,0,0,0,0.018,0
pay_007104,cust_00226,2787.45,upi,SBI,network_error,0,18,13,0.451,1
pay_007105,cust_00670,1368.63,upi,SBI,insufficient_funds,0,17,15,0.133,1
pay_007106,cust_01764,440.0,upi,ICICI,bank_timeout,0,17,2,0.172,1
pay_007107,cust_00917,2487.05,card,KOTAK,account_closed,2,19,1,0.028,0
pay_007108,cust_02174,2090.69,card,ICICI,temporary_bank_failure,1,4,4,0.044,1
pay_007109,cust_02122,2517.77,card,ICICI,insufficient_funds,1,10,10,0.198,0
pay_007110,cust_01215,2783.66,wallet,AXIS,gateway_timeout,0,0,0,0.605,0
pay_007111,cust_01706,631.88,card,AXIS,insufficient_funds,0,10,10,0.127,1
pay_007112,cust_01843,2476.54,upi,KOTAK,invalid_card,0,10,10,0.467,0
pay_007113,cust_01984,3274.87,upi,HDFC,temporary_bank_failure,2,4,2,0.429,0
pay_007114,cust_00056,3244.1,netbanking,SBI,insufficient_funds,0,19,14,0.218,0
pay_007115,cust_00720,663.52,upi,SBI,invalid_card,1,17,11,0.093,0
pay_007116,cust_02601,4552.53,netbanking,ICICI,expired_card,1,7,7,0.254,0
pay_007117,cust_02080,2547.73,upi,ICICI,bank_timeout,2,14,5,0.257,1
pay_007118,cust_00574,2819.85,netbanking,KOTAK,insufficient_funds,0,2,2,0.405,0
pay_007119,cust_00667,883.1,card,SBI,gateway_timeout,1,15,15,0.177,1
pay_007120,cust_00284,3313.21,card,ICICI,expired_card,2,19,19,0.264,1
pay_007121,cust_01745,455.26,netbanking,ICICI,bank_timeout,1,11,2,0.114,1
pay_007122,cust_02235,917.31,card,AXIS,temporary_bank_failure,2,1,1,0.073,0
pay_007123,cust_00498,4980.41,netbanking,HDFC,bank_timeout,0,19,19,0.124,1
pay_007124,cust_01466,3187.13,card,KOTAK,card_blocked,1,19,5,0.26,0
pay_007125,cust_00130,2282.91,card,HDFC,account_closed,1,12,6,0.303,0
pay_007126,cust_00639,3846.7,card,HDFC,card_blocked,0,18,5,0.294,0
pay_007127,cust_02162,4066.57,upi,KOTAK,expired_card,0,12,11,0.285,1
pay_007128,cust_02061,3315.4,card,SBI,invalid_card,2,17,16,0.107,0
pay_007129,cust_02492,1519.38,card,ICICI,insufficient_funds,0,15,5,0.159,0
pay_007130,cust_02495,895.66,netbanking,KOTAK,insufficient_funds,1,9,9,0.465,1
pay_007131,cust_00986,1063.45,netbanking,ICICI,account_closed,1,6,4,0.171,0
pay_007132,cust_00993,5588.52,card,AXIS,invalid_card,0,1,1,0.205,0
pay_007133,cust_02763,651.71,upi,HDFC,invalid_card,0,3,3,0.032,0
pay_007134,cust_02122,2677.55,upi,AXIS,account_closed,0,3,3,0.04,0
pay_007135,cust_02585,2680.84,card,HDFC,card_blocked,0,0,0,0.156,0
pay_007136,cust_00101,5851.46,upi,SBI,gateway_timeout,1,15,2,0.089,1
pay_007137,cust_02224,2674.85,upi,KOTAK,temporary_bank_failure,2,5,5,0.121,0
pay_007138,cust_00427,1288.74,upi,SBI,insufficient_funds,1,18,5,0.035,0
pay_007139,cust_00041,1305.08,upi,HDFC,bank_timeout,1,4,0,0.094,0
pay_007140,cust_00429,1799.7,upi,AXIS,card_blocked,2,5,5,0.291,0
pay_007141,cust_00344,4474.44,card,HDFC,card_blocked,0,6,4,0.217,0
pay_007142,cust_00366,3446.85,upi,SBI,expired_card,2,4,1,0.107,0
pay_007143,cust_00609,758.57,upi,SBI,invalid_card,1,0,0,0.342,1
pay_007144,cust_02705,2259.57,upi,AXIS,temporary_bank_failure,0,1,1,0.178,1
pay_007145,cust_00728,3498.92,upi,AXIS,account_closed,0,9,8,0.434,0
pay_007146,cust_02277,1495.57,upi,SBI,account_closed,0,1,1,0.076,0
pay_007147,cust_00825,321.19,card,HDFC,bank_timeout,0,19,16,0.415,0
pay_007148,cust_01376,1545.07,card,HDFC,bank_timeout,0,13,6,0.374,1
pay_007149,cust_00889,551.08,upi,KOTAK,network_error,0,6,6,0.149,0
pay_007150,cust_02044,485.53,upi,SBI,expired_card,2,9,9,0.059,0
pay_007151,cust_01342,4239.21,card,KOTAK,network_error,0,7,0,0.271,1
pay_007152,cust_02884,13586.4,card,SBI,network_error,2,0,0,0.215,0
pay_007153,cust_01297,5385.3,upi,KOTAK,gateway_timeout,2,7,7,0.201,0
pay_007154,cust_00117,223.97,card,ICICI,insufficient_funds,2,15,9,0.157,1
pay_007155,cust_02866,1574.34,card,HDFC,card_blocked,0,13,5,0.558,0
pay_007156,cust_02416,1128.05,upi,HDFC,invalid_card,0,18,8,0.19,1
pay_007157,cust_01118,557.39,card,ICICI,insufficient_funds,0,9,0,0.162,0
pay_007158,cust_00168,2622.51,card,AXIS,bank_timeout,0,17,9,0.111,1
pay_007159,cust_01739,1559.57,card,ICICI,insufficient_funds,1,1,1,0.373,0
pay_007160,cust_01365,712.46,upi,HDFC,network_error,1,4,4,0.109,0
pay_007161,cust_02709,348.95,card,SBI,temporary_bank_failure,0,1,1,0.413,1
pay_007162,cust_00695,1110.83,upi,KOTAK,network_error,1,19,18,0.152,1
pay_007163,cust_00925,1819.52,upi,HDFC,temporary_bank_failure,0,2,2,0.272,1
pay_007164,cust_00152,1644.62,upi,ICICI,bank_timeout,0,8,8,0.31,0
pay_007165,cust_00586,4231.14,card,SBI,insufficient_funds,0,10,8,0.396,1
pay_007166,cust_00913,2369.39,upi,HDFC,bank_timeout,0,15,2,0.097,0
pay_007167,cust_02322,1372.37,card,ICICI,expired_card,0,13,3,0.177,1
pay_007168,cust_01578,940.32,card,HDFC,invalid_card,0,13,5,0.188,0
pay_007169,cust_00496,438.46,card,ICICI,insufficient_funds,0,19,1,0.372,0
pay_007170,cust_02149,755.2,card,ICICI,invalid_card,2,10,4,0.059,0
pay_007171,cust_00557,5359.66,netbanking,HDFC,card_blocked,2,10,10,0.13,0
pay_007172,cust_01106,3610.99,upi,SBI,temporary_bank_failure,1,17,12,0.176,1
pay_007173,cust_01553,2277.91,card,HDFC,insufficient_funds,1,10,0,0.125,1
pay_007174,cust_02121,1217.73,wallet,HDFC,temporary_bank_failure,2,13,13,0.194,0
pay_007175,cust_00157,4879.59,card,SBI,gateway_timeout,2,18,18,0.321,1
pay_007176,cust_00735,805.21,upi,HDFC,bank_timeout,2,17,10,0.155,0
pay_007177,cust_02180,812.61,netbanking,KOTAK,bank_timeout,1,3,1,0.185,1
pay_007178,cust_01428,1677.77,netbanking,KOTAK,invalid_card,0,12,12,0.101,0
pay_007179,cust_00559,315.29,card,KOTAK,bank_timeout,1,1,1,0.199,1
pay_007180,cust_02155,787.15,upi,ICICI,expired_card,0,18,4,0.015,1
pay_007181,cust_02313,1496.7,card,AXIS,expired_card,0,8,8,0.132,1
pay_007182,cust_00155,1250.14,card,HDFC,card_blocked,1,10,10,0.093,0
pay_007183,cust_00997,820.08,upi,AXIS,expired_card,0,16,15,0.323,0
pay_007184,cust_02295,9212.51,upi,KOTAK,bank_timeout,1,4,4,0.109,0
pay_007185,cust_00531,5380.89,card,SBI,insufficient_funds,2,8,6,0.406,0
pay_007186,cust_02906,7127.25,card,KOTAK,insufficient_funds,2,15,0,0.197,0
pay_007187,cust_01972,1670.31,card,HDFC,card_blocked,1,11,1,0.375,0
pay_007188,cust_02586,1223.08,card,AXIS,expired_card,1,0,0,0.319,1
pay_007189,cust_00729,6511.54,card,AXIS,insufficient_funds,1,16,4,0.109,1
pay_007190,cust_01178,1935.59,netbanking,ICICI,insufficient_funds,1,13,0,0.176,0
pay_007191,cust_00154,774.03,card,SBI,gateway_timeout,0,6,6,0.071,1
pay_007192,cust_00092,818.26,card,KOTAK,insufficient_funds,2,15,0,0.193,0
pay_007193,cust_02386,1394.73,upi,SBI,expired_card,1,14,14,0.155,1
pay_007194,cust_01504,1776.47,upi,HDFC,bank_timeout,1,3,0,0.342,0
pay_007195,cust_01717,1929.79,upi,ICICI,insufficient_funds,2,14,2,0.175,0
pay_007196,cust_02498,1561.08,upi,KOTAK,bank_timeout,1,16,4,0.177,1
pay_007197,cust_02017,11750.88,card,HDFC,account_closed,2,1,1,0.136,0
pay_007198,cust_02858,612.47,upi,SBI,card_blocked,2,7,7,0.162,0
pay_007199,cust_00787,3096.94,upi,ICICI,invalid_card,1,5,5,0.049,0
pay_007200,cust_00273,1234.03,upi,KOTAK,expired_card,0,6,4,0.239,1
pay_007201,cust_02028,1752.8,wallet,SBI,card_blocked,1,15,14,0.085,0
pay_007202,cust_02636,3836.81,netbanking,KOTAK,network_error,0,4,4,0.166,1
pay_007203,cust_00177,434.33,netbanking,ICICI,network_error,1,17,14,0.061,1
pay_007204,cust_02879,848.36,card,ICICI,insufficient_funds,0,19,4,0.259,1
pay_007205,cust_00643,1624.69,upi,SBI,bank_timeout,2,10,5,0.204,0
pay_007206,cust_01899,5889.94,netbanking,KOTAK,card_blocked,2,1,1,0.327,0
pay_007207,cust_00567,5865.15,upi,AXIS,bank_timeout,1,6,4,0.131,0
pay_007208,cust_00666,5023.29,card,HDFC,insufficient_funds,1,14,12,0.105,1
pay_007209,cust_01332,312.71,upi,ICICI,temporary_bank_failure,0,8,8,0.289,0
pay_007210,cust_02916,780.7,card,KOTAK,bank_timeout,0,1,1,0.15,1
pay_007211,cust_01799,806.81,upi,SBI,bank_timeout,0,3,3,0.026,1
pay_007212,cust_01070,1729.89,netbanking,SBI,network_error,0,14,9,0.302,1
pay_007213,cust_02350,410.58,card,ICICI,bank_timeout,0,7,5,0.224,1
pay_007214,cust_02916,4351.68,card,ICICI,card_blocked,1,3,3,0.098,0
pay_007215,cust_02960,366.68,card,AXIS,network_error,2,7,7,0.054,1
pay_007216,cust_00408,4129.95,netbanking,SBI,bank_timeout,0,6,6,0.251,0
pay_007217,cust_01213,3628.85,upi,KOTAK,invalid_card,2,12,3,0.094,0
pay_007218,cust_02870,753.32,upi,HDFC,gateway_timeout,2,4,4,0.046,0
pay_007219,cust_01854,4962.0,upi,HDFC,account_closed,1,19,3,0.271,0
pay_007220,cust_01153,1384.97,card,AXIS,account_closed,0,17,12,0.048,0
pay_007221,cust_02609,1125.34,card,KOTAK,card_blocked,0,18,10,0.069,0
pay_007222,cust_01142,1290.57,upi,HDFC,invalid_card,0,10,10,0.15,1
pay_007223,cust_02512,1382.23,wallet,HDFC,network_error,0,5,5,0.105,1
pay_007224,cust_00144,1487.81,card,KOTAK,insufficient_funds,1,3,0,0.396,0
pay_007225,cust_02490,1515.08,card,KOTAK,insufficient_funds,1,2,2,0.288,0
pay_007226,cust_00487,886.91,card,ICICI,insufficient_funds,0,19,12,0.314,0
pay_007227,cust_00860,1067.89,upi,HDFC,temporary_bank_failure,0,5,5,0.056,1
pay_007228,cust_01936,1144.49,card,HDFC,network_error,2,14,0,0.415,0
pay_007229,cust_00148,6892.47,wallet,AXIS,expired_card,2,2,2,0.052,1
pay_007230,cust_01360,1144.91,card,ICICI,bank_timeout,0,16,4,0.036,1
pay_007231,cust_01358,1087.58,card,ICICI,bank_timeout,0,1,1,0.142,1
pay_007232,cust_02859,6081.84,card,HDFC,gateway_timeout,2,15,13,0.221,1
pay_007233,cust_02714,1397.43,netbanking,SBI,invalid_card,2,16,1,0.365,0
pay_007234,cust_00090,886.97,card,SBI,account_closed,0,10,10,0.419,0
pay_007235,cust_01358,745.78,upi,KOTAK,insufficient_funds,2,3,3,0.116,0
pay_007236,cust_00199,580.49,card,ICICI,account_closed,1,11,1,0.314,0
pay_007237,cust_00538,2787.63,upi,HDFC,bank_timeout,2,7,3,0.334,0
pay_007238,cust_00301,426.89,card,HDFC,insufficient_funds,0,2,2,0.103,0
pay_007239,cust_00724,5308.53,upi,HDFC,bank_timeout,1,10,10,0.262,1
pay_007240,cust_01599,1680.65,card,AXIS,insufficient_funds,1,12,0,0.243,0
pay_007241,cust_01460,1274.54,netbanking,SBI,card_blocked,2,8,8,0.013,0
pay_007242,cust_00068,1506.16,netbanking,AXIS,bank_timeout,0,14,14,0.165,1
pay_007243,cust_02507,2618.73,card,HDFC,expired_card,2,11,8,0.467,0
pay_007244,cust_01538,1241.57,wallet,HDFC,invalid_card,2,9,1,0.051,0
pay_007245,cust_00398,1550.89,card,ICICI,invalid_card,2,3,3,0.209,1
pay_007246,cust_00620,4198.42,upi,ICICI,bank_timeout,1,6,3,0.163,1
pay_007247,cust_01585,2386.36,card,SBI,network_error,2,8,8,0.103,0
pay_007248,cust_01164,665.16,card,KOTAK,bank_timeout,2,5,5,0.127,0
pay_007249,cust_00730,1026.39,card,HDFC,bank_timeout,2,6,4,0.14,0
pay_007250,cust_00556,434.79,upi,ICICI,invalid_card,2,16,8,0.077,0
pay_007251,cust_01953,2957.79,card,SBI,gateway_timeout,0,3,3,0.188,0
pay_007252,cust_02829,3221.49,upi,AXIS,expired_card,0,1,1,0.525,0
pay_007253,cust_01752,856.2,card,HDFC,temporary_bank_failure,0,16,16,0.16,0
pay_007254,cust_02942,11428.69,upi,KOTAK,bank_timeout,1,6,6,0.181,1
pay_007255,cust_02658,12712.09,upi,SBI,expired_card,0,10,10,0.126,1
pay_007256,cust_02796,1841.34,upi,KOTAK,insufficient_funds,2,19,19,0.186,0
pay_007257,cust_02330,955.38,upi,HDFC,bank_timeout,2,17,17,0.053,1
pay_007258,cust_02709,2250.8,card,SBI,card_blocked,0,6,6,0.117,0
pay_007259,cust_02972,937.46,card,ICICI,temporary_bank_failure,1,17,0,0.196,0
pay_007260,cust_00996,3866.19,card,KOTAK,expired_card,1,18,11,0.093,0
pay_007261,cust_01960,2065.42,netbanking,AXIS,bank_timeout,1,13,13,0.127,1
pay_007262,cust_01602,2187.73,upi,AXIS,gateway_timeout,2,7,7,0.326,1
pay_007263,cust_02794,7385.93,upi,KOTAK,card_blocked,0,6,6,0.306,0
pay_007264,cust_01481,1101.89,netbanking,HDFC,account_closed,1,0,0,0.142,0
pay_007265,cust_02135,1137.75,netbanking,HDFC,network_error,2,5,5,0.151,0
pay_007266,cust_01103,3592.83,upi,HDFC,account_closed,1,3,3,0.087,0
pay_007267,cust_02839,1290.01,upi,AXIS,temporary_bank_failure,1,15,2,0.47,0
pay_007268,cust_02352,6522.84,netbanking,AXIS,account_closed,0,14,7,0.127,0
pay_007269,cust_01404,4025.47,netbanking,ICICI,expired_card,2,17,15,0.246,0
pay_007270,cust_02178,1343.34,upi,HDFC,temporary_bank_failure,1,17,14,0.05,1
pay_007271,cust_02644,424.43,upi,AXIS,card_blocked,2,7,6,0.326,0
pay_007272,cust_01300,565.78,upi,AXIS,insufficient_funds,1,9,9,0.1,0
pay_007273,cust_01723,1229.78,card,HDFC,temporary_bank_failure,0,4,4,0.141,1
pay_007274,cust_02606,2499.3,netbanking,HDFC,temporary_bank_failure,1,6,3,0.585,0
pay_007275,cust_00899,4366.96,upi,AXIS,card_blocked,0,16,15,0.479,0
pay_007276,cust_01207,1519.55,card,KOTAK,invalid_card,1,5,3,0.167,0
pay_007277,cust_01536,887.93,card,AXIS,temporary_bank_failure,0,10,10,0.035,1
pay_007278,cust_00078,1615.51,netbanking,ICICI,network_error,1,9,9,0.029,0
pay_007279,cust_02832,1837.75,upi,SBI,network_error,1,6,6,0.38,1
pay_007280,cust_02722,5135.62,card,HDFC,network_error,1,6,6,0.223,1
pay_007281,cust_01533,4912.51,card,ICICI,bank_timeout,2,9,5,0.325,1
pay_007282,cust_00238,811.17,upi,KOTAK,insufficient_funds,2,12,9,0.161,0
pay_007283,cust_01158,2600.02,card,SBI,bank_timeout,1,2,2,0.026,0
pay_007284,cust_01997,913.17,upi,AXIS,bank_timeout,2,8,8,0.113,0
pay_007285,cust_01216,934.04,upi,HDFC,insufficient_funds,2,4,4,0.154,1
pay_007286,cust_00278,4150.32,upi,AXIS,bank_timeout,1,15,3,0.202,0
pay_007287,cust_00524,1541.57,netbanking,ICICI,account_closed,1,10,5,0.071,0
pay_007288,cust_00180,3016.61,card,HDFC,bank_timeout,1,17,17,0.25,0
pay_007289,cust_00123,2773.28,card,AXIS,insufficient_funds,2,14,14,0.143,0
pay_007290,cust_01270,1696.65,card,HDFC,expired_card,2,4,4,0.314,0
pay_007291,cust_01758,2359.94,card,ICICI,network_error,2,7,5,0.043,0
pay_007292,cust_01095,2128.31,card,AXIS,account_closed,1,7,7,0.291,0
pay_007293,cust_00480,720.28,upi,SBI,insufficient_funds,2,18,4,0.042,1
pay_007294,cust_01798,2670.07,card,KOTAK,temporary_bank_failure,2,4,4,0.117,1
pay_007295,cust_02132,1027.83,netbanking,AXIS,account_closed,0,3,3,0.061,0
pay_007296,cust_02613,768.72,card,HDFC,account_closed,0,19,16,0.18,0
pay_007297,cust_02667,3582.14,upi,AXIS,expired_card,1,17,3,0.198,1
pay_007298,cust_02405,1126.58,wallet,HDFC,temporary_bank_failure,1,11,7,0.225,0
pay_007299,cust_00816,4396.44,card,ICICI,gateway_timeout,2,0,0,0.284,1
pay_007300,cust_02695,4353.29,card,KOTAK,expired_card,0,7,7,0.369,1
pay_007301,cust_00443,1234.72,upi,HDFC,network_error,0,8,8,0.275,1
pay_007302,cust_02571,4249.99,upi,AXIS,insufficient_funds,1,12,12,0.23,0
pay_007303,cust_00143,1324.17,upi,ICICI,invalid_card,2,0,0,0.272,0
pay_007304,cust_00192,1711.78,card,SBI,expired_card,1,5,5,0.109,0
pay_007305,cust_01411,2683.91,upi,AXIS,expired_card,2,0,0,0.136,0
pay_007306,cust_00378,9242.03,upi,KOTAK,account_closed,0,13,13,0.157,0
pay_007307,cust_02629,3838.04,card,ICICI,card_blocked,2,4,4,0.301,0
pay_007308,cust_00535,1726.36,wallet,AXIS,insufficient_funds,0,12,12,0.095,0
pay_007309,cust_01717,1963.81,upi,HDFC,bank_timeout,0,4,4,0.108,1
pay_007310,cust_01033,509.54,upi,HDFC,account_closed,0,14,14,0.066,0
pay_007311,cust_01411,4039.36,netbanking,HDFC,bank_timeout,1,2,2,0.022,1
pay_007312,cust_02141,3706.6,upi,AXIS,network_error,1,3,3,0.101,1
pay_007313,cust_01990,2268.32,card,KOTAK,expired_card,1,2,2,0.247,0
pay_007314,cust_02577,3210.57,upi,HDFC,invalid_card,2,19,12,0.024,0
pay_007315,cust_01178,357.76,upi,AXIS,expired_card,1,11,1,0.395,0
pay_007316,cust_00405,760.97,upi,AXIS,gateway_timeout,0,13,2,0.212,1
pay_007317,cust_02888,7640.2,wallet,KOTAK,card_blocked,1,5,5,0.128,0
pay_007318,cust_01173,1471.18,card,ICICI,account_closed,0,18,16,0.099,0
pay_007319,cust_00889,3314.12,card,ICICI,expired_card,1,4,4,0.103,0
pay_007320,cust_00422,994.95,upi,AXIS,gateway_timeout,2,16,2,0.322,0
pay_007321,cust_01642,1269.36,upi,ICICI,insufficient_funds,2,18,0,0.269,0
pay_007322,cust_00472,7972.44,card,SBI,network_error,0,17,14,0.251,1
pay_007323,cust_02941,1594.06,netbanking,KOTAK,invalid_card,1,11,7,0.265,0
pay_007324,cust_00547,2748.6,card,AXIS,account_closed,1,17,11,0.079,0
pay_007325,cust_00631,2006.94,card,ICICI,account_closed,0,4,4,0.226,0
pay_007326,cust_01038,2202.03,wallet,ICICI,insufficient_funds,2,12,12,0.133,0
pay_007327,cust_02826,2142.61,card,KOTAK,account_closed,1,3,3,0.116,0
pay_007328,cust_01830,371.64,wallet,HDFC,invalid_card,1,17,8,0.089,0
pay_007329,cust_00364,2648.25,card,ICICI,account_closed,1,19,7,0.197,0
pay_007330,cust_02167,1176.03,card,KOTAK,card_blocked,2,8,5,0.149,0
pay_007331,cust_00546,7507.47,upi,HDFC,account_closed,1,1,0,0.305,0
pay_007332,cust_02570,974.46,netbanking,AXIS,temporary_bank_failure,2,9,9,0.388,1
pay_007333,cust_00634,1239.82,upi,HDFC,account_closed,1,12,0,0.199,0
pay_007334,cust_01937,12796.04,card,ICICI,gateway_timeout,2,5,5,0.116,1
pay_007335,cust_01681,3225.12,upi,AXIS,insufficient_funds,0,19,10,0.412,1
pay_007336,cust_00963,823.25,card,AXIS,invalid_card,2,7,7,0.163,1
pay_007337,cust_00883,2082.09,netbanking,HDFC,temporary_bank_failure,0,12,12,0.139,1
pay_007338,cust_02828,681.08,card,AXIS,bank_timeout,1,3,3,0.303,0
pay_007339,cust_00871,2221.79,netbanking,HDFC,expired_card,1,18,10,0.068,0
pay_007340,cust_00516,950.03,card,HDFC,account_closed,1,6,6,0.154,0
pay_007341,cust_02986,8037.54,upi,HDFC,card_blocked,0,14,9,0.17,0
pay_007342,cust_01421,2531.86,upi,KOTAK,invalid_card,1,4,4,0.164,1
pay_007343,cust_00866,2757.4,card,ICICI,card_blocked,2,16,15,0.325,0
pay_007344,cust_02154,3865.33,netbanking,AXIS,account_closed,2,18,2,0.193,0
pay_007345,cust_01109,4227.21,card,SBI,bank_timeout,0,4,1,0.661,1
pay_007346,cust_00214,1041.84,card,ICICI,temporary_bank_failure,2,10,10,0.21,1
pay_007347,cust_02898,1950.76,upi,SBI,temporary_bank_failure,0,3,3,0.272,0
pay_007348,cust_02245,1266.0,netbanking,HDFC,network_error,0,13,7,0.282,1
pay_007349,cust_00019,9655.26,card,AXIS,invalid_card,1,3,0,0.159,1
pay_007350,cust_00642,290.55,upi,ICICI,insufficient_funds,0,3,3,0.267,0
pay_007351,cust_01105,1141.29,upi,SBI,account_closed,2,1,1,0.176,0
pay_007352,cust_00330,1696.01,card,SBI,insufficient_funds,2,6,6,0.427,0
pay_007353,cust_00866,2017.37,card,SBI,insufficient_funds,1,18,7,0.332,0
pay_007354,cust_00774,1984.68,upi,ICICI,gateway_timeout,0,0,0,0.023,1
pay_007355,cust_00392,1742.5,card,KOTAK,invalid_card,1,11,11,0.185,0
pay_007356,cust_00637,1587.74,upi,HDFC,expired_card,1,18,11,0.054,1
pay_007357,cust_02355,2193.03,upi,AXIS,temporary_bank_failure,1,11,11,0.208,1
pay_007358,cust_02943,2615.48,netbanking,SBI,card_blocked,1,8,0,0.268,0
pay_007359,cust_02700,7574.69,card,ICICI,insufficient_funds,1,6,6,0.176,1
pay_007360,cust_02889,7521.25,upi,SBI,temporary_bank_failure,0,0,0,0.053,1
pay_007361,cust_01026,2300.31,card,ICICI,expired_card,2,5,0,0.116,0
pay_007362,cust_02568,1216.49,upi,KOTAK,network_error,0,9,1,0.104,1
pay_007363,cust_01675,1286.51,wallet,SBI,account_closed,0,0,0,0.231,0
pay_007364,cust_02684,631.9,card,SBI,expired_card,1,17,16,0.199,1
pay_007365,cust_00740,3876.11,upi,AXIS,account_closed,2,2,1,0.025,0
pay_007366,cust_01546,1744.48,upi,ICICI,temporary_bank_failure,0,10,6,0.568,0
pay_007367,cust_00469,2565.25,upi,ICICI,account_closed,0,13,9,0.64,0
pay_007368,cust_02260,2361.37,card,KOTAK,insufficient_funds,2,5,5,0.088,0
pay_007369,cust_01136,1034.74,card,SBI,bank_timeout,0,10,10,0.143,1
pay_007370,cust_01032,937.42,upi,AXIS,network_error,2,6,4,0.145,0
pay_007371,cust_02852,1258.49,card,HDFC,network_error,0,7,6,0.308,0
pay_007372,cust_02525,2666.66,upi,AXIS,invalid_card,1,4,4,0.172,0
pay_007373,cust_00874,1694.93,card,AXIS,network_error,2,17,17,0.107,0
pay_007374,cust_00460,440.43,netbanking,AXIS,insufficient_funds,0,14,14,0.133,1
pay_007375,cust_02301,796.86,card,AXIS,expired_card,0,17,17,0.158,1
pay_007376,cust_01550,1459.87,card,SBI,invalid_card,2,2,2,0.267,0
pay_007377,cust_00752,1764.59,upi,AXIS,invalid_card,2,9,7,0.15,0
pay_007378,cust_01462,2730.89,card,ICICI,expired_card,2,14,1,0.308,0
pay_007379,cust_01778,1865.73,upi,ICICI,network_error,2,7,7,0.214,0
pay_007380,cust_00854,1352.66,card,AXIS,insufficient_funds,2,7,1,0.155,0
pay_007381,cust_02284,1315.97,card,ICICI,temporary_bank_failure,2,13,11,0.178,0
pay_007382,cust_01330,2124.24,card,SBI,invalid_card,1,9,9,0.168,1
pay_007383,cust_00478,2526.12,card,HDFC,invalid_card,1,12,12,0.269,0
pay_007384,cust_02727,1388.75,netbanking,AXIS,network_error,2,9,9,0.021,0
pay_007385,cust_02264,763.45,card,ICICI,expired_card,0,5,5,0.443,1
pay_007386,cust_02903,1670.9,netbanking,ICICI,bank_timeout,1,17,2,0.393,1
pay_007387,cust_00135,1075.04,card,SBI,invalid_card,1,15,15,0.457,0
pay_007388,cust_02953,2275.75,upi,SBI,invalid_card,0,17,10,0.474,1
pay_007389,cust_01153,5911.16,upi,HDFC,temporary_bank_failure,1,19,17,0.21,1
pay_007390,cust_00410,613.24,netbanking,KOTAK,invalid_card,1,5,2,0.232,0
pay_007391,cust_01446,4539.43,upi,KOTAK,account_closed,2,8,8,0.231,0
pay_007392,cust_01318,2631.3,wallet,KOTAK,network_error,1,15,3,0.245,0
pay_007393,cust_01270,4368.93,upi,HDFC,temporary_bank_failure,1,5,5,0.313,0
pay_007394,cust_01580,1275.9,card,AXIS,network_error,1,10,5,0.088,1
pay_007395,cust_00086,568.6,wallet,KOTAK,gateway_timeout,2,2,2,0.272,0
pay_007396,cust_02604,2087.57,wallet,KOTAK,gateway_timeout,0,7,0,0.183,1
pay_007397,cust_01866,5539.99,card,ICICI,insufficient_funds,0,0,0,0.138,0
pay_007398,cust_01470,774.01,netbanking,ICICI,bank_timeout,0,14,14,0.27,0
pay_007399,cust_00378,872.84,upi,AXIS,bank_timeout,0,14,1,0.232,1
pay_007400,cust_01681,2892.16,netbanking,SBI,expired_card,1,18,8,0.077,0
pay_007401,cust_01075,1200.19,netbanking,HDFC,gateway_timeout,2,9,7,0.154,1
pay_007402,cust_00242,6855.92,netbanking,KOTAK,bank_timeout,2,18,18,0.173,1
pay_007403,cust_00920,3046.23,netbanking,HDFC,gateway_timeout,1,8,8,0.283,1
pay_007404,cust_01587,1017.01,card,ICICI,insufficient_funds,0,6,6,0.053,0
pay_007405,cust_02314,1150.88,card,HDFC,expired_card,2,13,10,0.194,0
pay_007406,cust_02760,1187.87,card,ICICI,bank_timeout,1,1,1,0.263,1
pay_007407,cust_01272,1747.01,card,HDFC,card_blocked,1,12,3,0.098,0
pay_007408,cust_00070,2306.67,card,ICICI,insufficient_funds,1,19,7,0.283,0
pay_007409,cust_02105,2175.78,upi,HDFC,expired_card,1,3,3,0.219,0
pay_007410,cust_01406,735.27,card,KOTAK,account_closed,2,6,6,0.112,0
pay_007411,cust_02087,3720.08,upi,KOTAK,bank_timeout,1,7,7,0.03,1
pay_007412,cust_02008,1433.59,netbanking,AXIS,insufficient_funds,2,15,4,0.264,0
pay_007413,cust_00801,860.89,upi,HDFC,insufficient_funds,1,19,14,0.188,1
pay_007414,cust_01042,1248.33,upi,SBI,bank_timeout,1,8,2,0.172,1
pay_007415,cust_02780,4070.2,card,AXIS,expired_card,2,10,2,0.251,1
pay_007416,cust_00825,2105.4,card,HDFC,network_error,1,13,12,0.205,1
pay_007417,cust_00756,2257.58,upi,SBI,expired_card,0,3,3,0.165,0
pay_007418,cust_02400,709.11,upi,KOTAK,temporary_bank_failure,2,18,1,0.208,0
pay_007419,cust_01996,2009.79,upi,KOTAK,invalid_card,2,14,14,0.31,0
pay_007420,cust_01840,4015.93,upi,KOTAK,card_blocked,1,13,13,0.135,0
pay_007421,cust_01322,427.36,card,SBI,account_closed,2,15,7,0.064,0
pay_007422,cust_02331,1324.57,card,ICICI,insufficient_funds,2,19,2,0.074,0
pay_007423,cust_01610,2976.62,upi,HDFC,network_error,0,2,0,0.248,0
pay_007424,cust_00110,2052.05,card,AXIS,card_blocked,2,5,5,0.62,0
pay_007425,cust_01017,800.28,upi,AXIS,expired_card,0,3,3,0.366,1
pay_007426,cust_01962,2486.45,netbanking,KOTAK,gateway_timeout,2,0,0,0.059,1
pay_007427,cust_02592,710.57,card,ICICI,insufficient_funds,0,17,8,0.224,0
pay_007428,cust_01770,903.22,upi,HDFC,bank_timeout,2,7,7,0.228,0
pay_007429,cust_00025,982.36,upi,HDFC,insufficient_funds,2,15,4,0.11,0
pay_007430,cust_00843,6214.93,upi,AXIS,network_error,0,19,2,0.16,0
pay_007431,cust_02839,475.44,card,AXIS,temporary_bank_failure,0,15,8,0.031,1
pay_007432,cust_00738,504.36,netbanking,AXIS,insufficient_funds,0,14,6,0.15,1
pay_007433,cust_02105,2268.01,card,HDFC,card_blocked,2,1,1,0.304,0
pay_007434,cust_00180,1966.17,upi,AXIS,insufficient_funds,1,11,11,0.124,0
pay_007435,cust_00232,1241.47,card,HDFC,gateway_timeout,1,3,0,0.258,0
pay_007436,cust_01918,1828.15,card,KOTAK,bank_timeout,2,10,10,0.284,1
pay_007437,cust_00343,771.52,card,ICICI,invalid_card,2,1,1,0.243,1
pay_007438,cust_00477,1946.33,card,AXIS,insufficient_funds,0,5,5,0.127,0
pay_007439,cust_01823,2138.1,card,HDFC,bank_timeout,0,16,10,0.036,0
pay_007440,cust_02624,4777.92,card,KOTAK,expired_card,0,18,16,0.119,0
pay_007441,cust_00455,8315.06,netbanking,SBI,temporary_bank_failure,1,8,8,0.257,0
pay_007442,cust_01256,1459.58,card,KOTAK,gateway_timeout,2,4,3,0.144,1
pay_007443,cust_00289,652.85,netbanking,ICICI,account_closed,2,13,0,0.277,0
pay_007444,cust_01237,2460.15,netbanking,KOTAK,bank_timeout,1,15,0,0.128,0
pay_007445,cust_02306,1624.5,upi,AXIS,temporary_bank_failure,0,0,0,0.293,1
pay_007446,cust_00530,1567.96,upi,AXIS,temporary_bank_failure,0,19,8,0.426,0
pay_007447,cust_02735,498.27,card,SBI,bank_timeout,0,2,2,0.015,1
pay_007448,cust_02977,1956.46,wallet,HDFC,account_closed,0,9,9,0.058,0
pay_007449,cust_02277,2535.86,upi,KOTAK,account_closed,1,14,6,0.133,0
pay_007450,cust_00596,4002.7,wallet,SBI,expired_card,0,2,2,0.107,1
pay_007451,cust_00435,1206.66,card,AXIS,account_closed,0,0,0,0.257,0
pay_007452,cust_00882,934.2,netbanking,HDFC,temporary_bank_failure,1,12,2,0.01,0
pay_007453,cust_01782,1198.98,card,HDFC,network_error,0,14,4,0.294,0
pay_007454,cust_00402,3815.94,netbanking,ICICI,bank_timeout,1,9,5,0.271,1
pay_007455,cust_02670,5480.14,card,AXIS,insufficient_funds,0,2,2,0.146,0
pay_007456,cust_02136,4432.82,upi,HDFC,insufficient_funds,2,17,12,0.34,0
pay_007457,cust_02632,3035.56,upi,ICICI,account_closed,0,18,12,0.39,0
pay_007458,cust_01566,1762.09,upi,ICICI,insufficient_funds,2,4,0,0.253,0
pay_007459,cust_00309,1996.17,card,AXIS,network_error,1,9,9,0.218,0
pay_007460,cust_02954,2243.14,upi,HDFC,invalid_card,0,15,8,0.108,0
pay_007461,cust_00343,1477.79,card,HDFC,insufficient_funds,0,19,3,0.062,0
pay_007462,cust_00436,3682.49,upi,KOTAK,card_blocked,0,17,4,0.014,0
pay_007463,cust_00177,481.92,upi,HDFC,insufficient_funds,2,7,7,0.298,0
pay_007464,cust_00139,558.82,card,ICICI,bank_timeout,0,12,6,0.399,1
pay_007465,cust_00194,481.25,upi,SBI,account_closed,1,7,7,0.298,0
pay_007466,cust_01185,951.7,card,AXIS,account_closed,0,12,12,0.206,0
pay_007467,cust_00943,5307.91,card,SBI,gateway_timeout,1,11,0,0.388,1
pay_007468,cust_00525,698.43,upi,HDFC,bank_timeout,2,12,12,0.234,0
pay_007469,cust_01625,719.31,netbanking,ICICI,bank_timeout,1,16,13,0.034,1
pay_007470,cust_02963,934.21,upi,SBI,temporary_bank_failure,2,14,12,0.073,1
pay_007471,cust_02258,4385.29,netbanking,AXIS,expired_card,2,8,8,0.142,1
pay_007472,cust_00741,5700.05,upi,KOTAK,temporary_bank_failure,2,19,7,0.152,0
pay_007473,cust_00862,4072.63,upi,SBI,bank_timeout,1,3,0,0.317,0
pay_007474,cust_00954,4279.68,card,KOTAK,account_closed,1,11,11,0.132,0
pay_007475,cust_01303,6778.57,netbanking,HDFC,card_blocked,1,3,3,0.567,0
pay_007476,cust_01275,429.58,card,HDFC,temporary_bank_failure,0,12,12,0.183,1
pay_007477,cust_01744,678.64,upi,AXIS,bank_timeout,1,2,1,0.083,0
pay_007478,cust_02881,1032.16,card,KOTAK,temporary_bank_failure,2,4,4,0.241,1
pay_007479,cust_02188,1964.48,netbanking,KOTAK,invalid_card,1,12,0,0.236,0
pay_007480,cust_00792,1959.39,upi,AXIS,insufficient_funds,2,13,1,0.042,0
pay_007481,cust_00546,1984.0,netbanking,SBI,gateway_timeout,1,7,6,0.105,1
pay_007482,cust_01845,3524.08,card,AXIS,temporary_bank_failure,1,10,0,0.082,0
pay_007483,cust_01017,389.83,card,HDFC,bank_timeout,2,7,7,0.212,0
pay_007484,cust_01928,1616.04,card,KOTAK,temporary_bank_failure,1,11,11,0.316,0
pay_007485,cust_01554,2236.1,upi,ICICI,insufficient_funds,0,10,2,0.022,0
pay_007486,cust_00057,1393.53,netbanking,ICICI,expired_card,0,16,16,0.242,1
pay_007487,cust_02160,2103.4,card,HDFC,network_error,2,12,12,0.166,0
pay_007488,cust_00005,4096.01,card,KOTAK,account_closed,2,3,3,0.132,0
pay_007489,cust_01438,1900.32,card,KOTAK,insufficient_funds,2,12,1,0.38,0
pay_007490,cust_01363,9998.88,upi,AXIS,gateway_timeout,0,8,2,0.151,0
pay_007491,cust_01821,3868.84,card,SBI,insufficient_funds,2,13,3,0.265,0
pay_007492,cust_01283,2237.02,wallet,AXIS,network_error,2,11,11,0.436,0
pay_007493,cust_02138,2705.34,card,ICICI,bank_timeout,0,12,7,0.209,0
pay_007494,cust_02664,3276.91,upi,KOTAK,temporary_bank_failure,2,7,7,0.126,1
pay_007495,cust_02939,6962.8,upi,SBI,bank_timeout,1,4,2,0.1,1
pay_007496,cust_02746,4625.92,card,AXIS,gateway_timeout,1,10,10,0.095,1
pay_007497,cust_01274,2728.11,upi,SBI,expired_card,1,19,10,0.041,0
pay_007498,cust_02946,1009.37,card,ICICI,account_closed,1,5,5,0.126,0
pay_007499,cust_01132,2519.82,upi,SBI,insufficient_funds,0,6,6,0.219,1
pay_007500,cust_00668,2873.1,upi,KOTAK,expired_card,1,14,5,0.093,0
pay_007501,cust_02642,3368.7,card,SBI,account_closed,1,4,4,0.365,0
pay_007502,cust_02637,1005.14,netbanking,SBI,invalid_card,0,8,8,0.092,0
pay_007503,cust_02533,3263.18,upi,AXIS,temporary_bank_failure,0,19,17,0.383,0
pay_007504,cust_01282,3430.32,upi,SBI,insufficient_funds,0,18,12,0.275,1
pay_007505,cust_02687,686.84,card,SBI,network_error,1,4,4,0.381,1
pay_007506,cust_00997,691.49,card,ICICI,insufficient_funds,2,12,3,0.03,1
pay_007507,cust_01927,4422.29,card,SBI,gateway_timeout,2,11,11,0.351,0
pay_007508,cust_00282,912.21,netbanking,AXIS,gateway_timeout,1,4,0,0.358,0
pay_007509,cust_01228,6186.89,netbanking,AXIS,network_error,2,6,6,0.17,0
pay_007510,cust_02064,1446.42,upi,KOTAK,insufficient_funds,2,2,2,0.115,0
pay_007511,cust_00936,2459.95,card,ICICI,expired_card,0,12,4,0.274,0
pay_007512,cust_00254,2366.19,upi,HDFC,insufficient_funds,1,10,10,0.066,0
pay_007513,cust_01212,1020.88,upi,KOTAK,bank_timeout,1,9,4,0.181,1
pay_007514,cust_00329,5499.24,netbanking,SBI,card_blocked,2,8,8,0.25,0
pay_007515,cust_02592,1447.54,card,ICICI,bank_timeout,1,5,5,0.093,1
pay_007516,cust_02831,1895.11,card,KOTAK,account_closed,0,13,3,0.182,0
pay_007517,cust_01421,370.28,card,AXIS,invalid_card,2,9,0,0.083,0
pay_007518,cust_01541,620.72,card,ICICI,bank_timeout,0,16,7,0.027,1
pay_007519,cust_02893,4454.65,netbanking,ICICI,network_error,2,1,0,0.155,0
pay_007520,cust_01193,1800.06,upi,SBI,temporary_bank_failure,1,1,1,0.342,1
pay_007521,cust_01717,1131.78,netbanking,ICICI,card_blocked,0,3,3,0.204,0
pay_007522,cust_02414,1146.43,card,ICICI,card_blocked,0,6,1,0.108,0
pay_007523,cust_01202,2804.19,upi,HDFC,bank_timeout,0,19,4,0.32,0
pay_007524,cust_00655,4955.72,upi,SBI,gateway_timeout,2,3,3,0.156,1
pay_007525,cust_01386,1153.57,card,ICICI,bank_timeout,2,7,7,0.133,1
pay_007526,cust_00760,4344.6,upi,ICICI,temporary_bank_failure,0,13,13,0.038,1
pay_007527,cust_02687,1590.72,upi,HDFC,card_blocked,0,19,9,0.089,0
pay_007528,cust_01799,2698.68,netbanking,HDFC,card_blocked,2,2,2,0.169,0
pay_007529,cust_01064,437.02,card,AXIS,insufficient_funds,1,10,7,0.025,1
pay_007530,cust_02972,501.23,netbanking,SBI,network_error,1,2,2,0.333,0
pay_007531,cust_00416,3484.46,wallet,HDFC,insufficient_funds,0,4,4,0.109,1
pay_007532,cust_00255,2252.86,upi,ICICI,temporary_bank_failure,1,15,6,0.046,1
pay_007533,cust_01167,2497.24,upi,HDFC,card_blocked,2,10,10,0.439,0
pay_007534,cust_01877,762.79,card,KOTAK,account_closed,1,0,0,0.322,0
pay_007535,cust_02758,1289.76,upi,AXIS,temporary_bank_failure,2,8,3,0.101,1
pay_007536,cust_02625,474.47,upi,AXIS,bank_timeout,0,4,3,0.219,1
pay_007537,cust_00900,917.86,upi,SBI,card_blocked,1,19,0,0.006,0
pay_007538,cust_02059,1775.27,card,AXIS,expired_card,1,10,2,0.501,1
pay_007539,cust_00026,2350.21,netbanking,SBI,gateway_timeout,2,1,1,0.337,0
pay_007540,cust_00421,1022.14,upi,KOTAK,temporary_bank_failure,2,9,9,0.252,0
pay_007541,cust_01245,2812.2,wallet,ICICI,bank_timeout,0,4,4,0.407,0
pay_007542,cust_01877,1753.51,upi,KOTAK,network_error,0,16,13,0.22,1
pay_007543,cust_02544,1509.08,upi,SBI,bank_timeout,2,11,2,0.46,0
pay_007544,cust_01261,1933.15,upi,SBI,insufficient_funds,2,2,2,0.065,1
pay_007545,cust_02285,9698.2,upi,SBI,expired_card,0,6,6,0.078,0
pay_007546,cust_01009,1589.53,card,ICICI,invalid_card,2,10,10,0.051,0
pay_007547,cust_00219,3873.04,card,SBI,network_error,1,10,3,0.054,1
pay_007548,cust_01511,2799.03,upi,KOTAK,bank_timeout,0,11,11,0.403,1
pay_007549,cust_01960,1482.48,netbanking,ICICI,expired_card,1,4,4,0.331,0
pay_007550,cust_02509,523.1,upi,KOTAK,insufficient_funds,2,9,9,0.093,0
pay_007551,cust_00663,1094.68,card,ICICI,account_closed,0,11,0,0.093,0
pay_007552,cust_02683,1921.97,card,SBI,insufficient_funds,0,13,13,0.24,0
pay_007553,cust_00990,1662.67,upi,ICICI,gateway_timeout,0,0,0,0.034,0
pay_007554,cust_00189,5101.58,upi,HDFC,insufficient_funds,2,13,13,0.225,1
pay_007555,cust_00255,1005.46,wallet,KOTAK,invalid_card,0,6,6,0.385,0
pay_007556,cust_00068,1607.69,upi,HDFC,bank_timeout,0,9,9,0.126,1
pay_007557,cust_00616,2776.9,card,HDFC,card_blocked,0,11,11,0.237,0
pay_007558,cust_02384,1447.35,upi,SBI,expired_card,0,5,4,0.237,0
pay_007559,cust_02719,3940.01,upi,SBI,account_closed,2,15,3,0.34,0
pay_007560,cust_02869,757.44,upi,HDFC,card_blocked,0,9,4,0.252,0
pay_007561,cust_00874,536.03,card,ICICI,network_error,0,19,5,0.089,1
pay_007562,cust_02348,1437.79,card,SBI,insufficient_funds,2,11,2,0.155,0
pay_007563,cust_01626,1708.16,upi,KOTAK,insufficient_funds,0,9,9,0.065,1
pay_007564,cust_00357,2152.71,card,HDFC,insufficient_funds,1,9,2,0.188,0
pay_007565,cust_00256,2019.82,card,KOTAK,bank_timeout,0,10,10,0.447,1
pay_007566,cust_01008,1304.12,card,KOTAK,card_blocked,0,8,4,0.312,0
pay_007567,cust_02401,541.11,netbanking,KOTAK,card_blocked,1,8,8,0.248,0
pay_007568,cust_01756,1644.24,card,HDFC,expired_card,2,11,11,0.032,1
pay_007569,cust_02572,787.3,upi,AXIS,network_error,0,1,1,0.094,0
pay_007570,cust_02998,1913.03,upi,SBI,invalid_card,1,13,8,0.273,0
pay_007571,cust_02804,745.17,upi,KOTAK,invalid_card,2,8,8,0.139,1
pay_007572,cust_00284,2448.84,upi,HDFC,insufficient_funds,2,17,2,0.218,0
pay_007573,cust_00099,6865.95,card,AXIS,network_error,1,12,6,0.163,1
pay_007574,cust_00197,1011.53,card,HDFC,network_error,2,15,7,0.305,0
pay_007575,cust_02530,657.15,card,SBI,insufficient_funds,2,12,12,0.339,0
pay_007576,cust_00878,4517.02,upi,HDFC,bank_timeout,1,7,7,0.104,1
pay_007577,cust_01869,7432.37,netbanking,ICICI,expired_card,2,11,5,0.177,0
pay_007578,cust_02663,667.5,netbanking,ICICI,network_error,1,18,12,0.224,0
pay_007579,cust_02666,1680.38,upi,KOTAK,card_blocked,2,9,6,0.142,0
pay_007580,cust_01389,2668.86,netbanking,HDFC,account_closed,1,1,1,0.232,0
pay_007581,cust_02416,1468.2,wallet,HDFC,temporary_bank_failure,2,14,14,0.478,0
pay_007582,cust_00570,445.28,upi,KOTAK,bank_timeout,1,16,4,0.233,0
pay_007583,cust_02638,602.85,card,KOTAK,insufficient_funds,0,5,5,0.053,0
pay_007584,cust_01066,655.74,upi,AXIS,gateway_timeout,2,2,2,0.24,0
pay_007585,cust_00422,786.75,netbanking,HDFC,bank_timeout,1,10,10,0.228,1
pay_007586,cust_02884,1938.13,upi,SBI,insufficient_funds,2,4,4,0.131,0
pay_007587,cust_01205,4351.1,netbanking,SBI,card_blocked,2,12,3,0.095,0
pay_007588,cust_00545,610.35,card,SBI,bank_timeout,0,15,12,0.072,0
pay_007589,cust_00071,964.17,card,KOTAK,network_error,2,9,2,0.4,1
pay_007590,cust_01224,743.99,card,KOTAK,insufficient_funds,2,12,5,0.257,0
pay_007591,cust_00768,2277.27,card,KOTAK,invalid_card,0,10,5,0.019,1
pay_007592,cust_02355,936.79,netbanking,SBI,bank_timeout,1,15,3,0.1,0
pay_007593,cust_01707,805.47,card,AXIS,invalid_card,1,5,3,0.144,0
pay_007594,cust_02425,503.89,upi,ICICI,bank_timeout,1,0,0,0.079,1
pay_007595,cust_00655,5365.65,card,HDFC,account_closed,1,7,7,0.419,0
pay_007596,cust_02726,10421.74,card,ICICI,expired_card,1,19,9,0.448,0
pay_007597,cust_02447,1933.99,card,HDFC,insufficient_funds,1,16,10,0.157,0
pay_007598,cust_01797,5934.13,wallet,KOTAK,account_closed,0,9,9,0.527,0
pay_007599,cust_00221,1148.8,upi,SBI,invalid_card,1,1,1,0.156,0
pay_007600,cust_00182,1806.75,upi,ICICI,invalid_card,0,18,10,0.055,1
pay_007601,cust_00307,3044.28,netbanking,KOTAK,temporary_bank_failure,2,5,5,0.116,0
pay_007602,cust_02570,990.87,wallet,HDFC,insufficient_funds,0,1,1,0.035,1
pay_007603,cust_01420,1591.51,upi,ICICI,bank_timeout,0,17,8,0.153,0
pay_007604,cust_01014,1441.86,card,ICICI,account_closed,0,13,12,0.068,0
pay_007605,cust_02052,2566.22,card,ICICI,insufficient_funds,0,5,5,0.07,1
pay_007606,cust_02911,1900.08,card,ICICI,account_closed,1,11,11,0.246,0
pay_007607,cust_00848,1010.37,card,ICICI,network_error,2,19,14,0.266,0
pay_007608,cust_00804,1421.24,card,KOTAK,bank_timeout,2,7,4,0.204,1
pay_007609,cust_00215,4410.73,card,HDFC,expired_card,2,2,2,0.166,1
pay_007610,cust_01444,2804.79,netbanking,HDFC,bank_timeout,0,4,4,0.44,0
pay_007611,cust_00101,2616.2,netbanking,AXIS,network_error,0,16,5,0.257,0
pay_007612,cust_00573,10990.66,card,SBI,account_closed,1,19,0,0.099,0
pay_007613,cust_01333,731.6,netbanking,ICICI,bank_timeout,1,4,4,0.042,0
pay_007614,cust_00658,3190.1,upi,HDFC,gateway_timeout,2,13,13,0.329,0
pay_007615,cust_02987,1889.08,card,SBI,card_blocked,0,19,6,0.353,0
pay_007616,cust_01534,2380.47,upi,SBI,bank_timeout,0,13,13,0.031,0
pay_007617,cust_01657,2091.9,card,KOTAK,gateway_timeout,0,8,8,0.094,1
pay_007618,cust_00226,1031.53,card,ICICI,invalid_card,2,7,4,0.129,0
pay_007619,cust_00105,789.94,upi,AXIS,account_closed,2,10,10,0.218,0
pay_007620,cust_01998,1807.8,card,SBI,invalid_card,0,17,17,0.248,0
pay_007621,cust_00772,967.06,card,KOTAK,account_closed,0,8,8,0.103,0
pay_007622,cust_00429,1345.22,upi,ICICI,bank_timeout,2,1,1,0.338,0
pay_007623,cust_00434,3423.87,netbanking,HDFC,bank_timeout,2,1,1,0.068,1
pay_007624,cust_01231,677.56,upi,AXIS,invalid_card,1,5,5,0.236,0
pay_007625,cust_02730,1550.96,upi,ICICI,invalid_card,1,5,2,0.243,0
pay_007626,cust_02636,4203.25,upi,KOTAK,insufficient_funds,1,10,10,0.101,1
pay_007627,cust_00866,1205.03,upi,KOTAK,invalid_card,0,9,9,0.128,1
pay_007628,cust_02794,5858.0,card,KOTAK,account_closed,0,12,12,0.044,0
pay_007629,cust_02912,522.89,netbanking,KOTAK,insufficient_funds,0,18,0,0.149,1
pay_007630,cust_02416,7750.46,netbanking,KOTAK,card_blocked,2,1,1,0.157,0
pay_007631,cust_00251,1834.24,card,AXIS,expired_card,1,19,0,0.269,0
pay_007632,cust_02907,624.59,upi,SBI,insufficient_funds,2,13,13,0.246,0
pay_007633,cust_00856,3521.15,upi,SBI,gateway_timeout,2,0,0,0.103,0
pay_007634,cust_01194,2552.09,card,HDFC,invalid_card,2,11,3,0.079,0
pay_007635,cust_00561,5462.81,card,SBI,expired_card,0,17,10,0.438,1
pay_007636,cust_01470,529.09,card,KOTAK,account_closed,0,15,3,0.188,0
pay_007637,cust_02342,752.28,netbanking,SBI,invalid_card,2,4,4,0.237,0
pay_007638,cust_00919,3347.74,card,SBI,insufficient_funds,1,18,3,0.104,0
pay_007639,cust_01174,13899.79,card,KOTAK,card_blocked,0,13,4,0.038,0
pay_007640,cust_00433,2864.64,card,AXIS,expired_card,0,10,10,0.102,1
pay_007641,cust_02107,3242.4,upi,KOTAK,network_error,2,16,3,0.214,0
pay_007642,cust_00969,983.37,netbanking,SBI,insufficient_funds,0,14,9,0.171,1
pay_007643,cust_00836,1563.25,upi,SBI,network_error,1,15,15,0.29,1
pay_007644,cust_02247,1101.17,card,HDFC,insufficient_funds,2,13,2,0.213,0
pay_007645,cust_02263,2702.34,upi,KOTAK,invalid_card,0,16,16,0.343,0
pay_007646,cust_00898,3803.29,upi,HDFC,account_closed,2,3,3,0.023,0
pay_007647,cust_00472,2097.65,upi,HDFC,expired_card,2,13,10,0.167,0
pay_007648,cust_00247,3416.43,upi,ICICI,invalid_card,1,3,1,0.082,1
pay_007649,cust_02430,1766.94,card,HDFC,insufficient_funds,1,2,2,0.101,0
pay_007650,cust_00991,5217.24,card,SBI,insufficient_funds,0,3,3,0.088,1
pay_007651,cust_00927,907.56,card,SBI,account_closed,2,5,5,0.333,0
pay_007652,cust_01192,5612.49,wallet,ICICI,insufficient_funds,0,3,3,0.263,1
pay_007653,cust_02608,1019.52,upi,ICICI,temporary_bank_failure,0,6,1,0.128,1
pay_007654,cust_01075,1831.9,upi,KOTAK,invalid_card,0,6,6,0.149,1
pay_007655,cust_01835,695.46,netbanking,ICICI,bank_timeout,1,17,15,0.195,1
pay_007656,cust_00689,2710.19,netbanking,AXIS,card_blocked,2,11,3,0.22,0
pay_007657,cust_02428,2008.59,card,SBI,temporary_bank_failure,2,15,7,0.122,1
pay_007658,cust_02522,3264.68,card,SBI,insufficient_funds,1,5,3,0.286,0
pay_007659,cust_02745,451.68,netbanking,ICICI,expired_card,1,4,4,0.575,1
pay_007660,cust_01485,2012.4,wallet,ICICI,bank_timeout,0,9,7,0.037,1
pay_007661,cust_02959,2496.85,upi,SBI,account_closed,0,16,11,0.122,0
pay_007662,cust_00960,819.86,netbanking,ICICI,insufficient_funds,1,2,2,0.178,0
pay_007663,cust_00478,2769.47,card,KOTAK,temporary_bank_failure,1,8,6,0.171,1
pay_007664,cust_02974,287.8,card,ICICI,account_closed,2,9,9,0.13,0
pay_007665,cust_00707,1632.42,upi,ICICI,insufficient_funds,2,9,9,0.093,1
pay_007666,cust_02902,5597.06,netbanking,KOTAK,invalid_card,2,5,5,0.034,1
pay_007667,cust_01138,1621.17,upi,KOTAK,card_blocked,1,3,3,0.053,0
pay_007668,cust_00754,1017.14,upi,KOTAK,bank_timeout,0,10,5,0.314,0
pay_007669,cust_02551,1716.91,card,SBI,invalid_card,2,19,16,0.211,1
pay_007670,cust_01660,1957.15,card,ICICI,invalid_card,1,8,8,0.061,0
pay_007671,cust_02865,3703.68,netbanking,KOTAK,account_closed,1,11,5,0.019,0
pay_007672,cust_00588,2006.02,card,KOTAK,gateway_timeout,0,9,9,0.249,1
pay_007673,cust_01335,3326.33,upi,SBI,account_closed,2,5,5,0.1,0
pay_007674,cust_01493,1946.22,upi,AXIS,expired_card,2,12,12,0.125,1
pay_007675,cust_01848,992.82,upi,ICICI,bank_timeout,1,4,4,0.079,1
pay_007676,cust_02756,589.05,wallet,AXIS,bank_timeout,2,3,3,0.069,0
pay_007677,cust_00207,2434.13,card,AXIS,insufficient_funds,0,2,2,0.035,0
pay_007678,cust_02199,250.39,upi,KOTAK,invalid_card,2,4,4,0.093,0
pay_007679,cust_02716,440.47,card,SBI,gateway_timeout,0,17,7,0.077,0
pay_007680,cust_02576,590.86,card,ICICI,account_closed,1,2,2,0.456,0
pay_007681,cust_00165,3202.53,upi,ICICI,insufficient_funds,0,4,4,0.156,1
pay_007682,cust_02965,549.04,card,ICICI,bank_timeout,0,8,0,0.157,0
pay_007683,cust_01999,2633.61,netbanking,AXIS,card_blocked,0,5,5,0.203,0
pay_007684,cust_02085,791.89,upi,HDFC,insufficient_funds,0,14,7,0.046,0
pay_007685,cust_00333,1608.11,card,SBI,expired_card,1,17,7,0.202,0
pay_007686,cust_00403,1719.72,card,HDFC,network_error,0,7,6,0.065,1
pay_007687,cust_00414,1588.96,card,AXIS,temporary_bank_failure,1,11,6,0.176,1
pay_007688,cust_00045,1077.8,upi,KOTAK,insufficient_funds,2,5,5,0.175,0
pay_007689,cust_02254,516.41,netbanking,HDFC,account_closed,2,7,7,0.231,0
pay_007690,cust_00062,1847.27,upi,HDFC,bank_timeout,2,14,14,0.351,0
pay_007691,cust_02468,2824.6,card,SBI,invalid_card,2,15,15,0.253,0
pay_007692,cust_00868,3113.07,card,AXIS,insufficient_funds,1,4,1,0.059,0
pay_007693,cust_01492,1930.3,card,SBI,insufficient_funds,1,10,10,0.091,1
pay_007694,cust_02868,2221.82,upi,KOTAK,account_closed,2,16,15,0.207,0
pay_007695,cust_00019,975.66,card,ICICI,bank_timeout,0,12,12,0.317,1
pay_007696,cust_00365,2590.42,card,AXIS,card_blocked,2,19,5,0.403,0
pay_007697,cust_02476,2515.27,card,KOTAK,account_closed,2,15,15,0.222,0
pay_007698,cust_01141,1424.76,upi,KOTAK,temporary_bank_failure,2,17,9,0.101,1
pay_007699,cust_00580,1878.95,upi,HDFC,insufficient_funds,1,12,12,0.074,0
pay_007700,cust_00546,1769.7,netbanking,SBI,bank_timeout,2,2,2,0.386,1
pay_007701,cust_01730,2605.12,upi,HDFC,insufficient_funds,2,2,2,0.083,0
pay_007702,cust_02373,525.81,upi,HDFC,insufficient_funds,2,5,5,0.098,0
pay_007703,cust_00055,517.51,card,ICICI,card_blocked,1,14,14,0.079,0
pay_007704,cust_00778,539.45,card,SBI,gateway_timeout,2,18,1,0.27,0
pay_007705,cust_00042,1266.72,upi,ICICI,insufficient_funds,2,2,2,0.226,0
pay_007706,cust_01321,2602.55,card,KOTAK,invalid_card,0,2,2,0.294,0
pay_007707,cust_00231,299.83,card,ICICI,insufficient_funds,2,2,2,0.293,0
pay_007708,cust_00453,1949.26,card,KOTAK,network_error,1,17,7,0.047,1
pay_007709,cust_02442,4698.51,card,HDFC,network_error,0,7,7,0.177,1
pay_007710,cust_01546,2249.63,card,ICICI,bank_timeout,2,15,5,0.125,0
pay_007711,cust_01382,359.56,netbanking,SBI,network_error,1,2,2,0.22,0
pay_007712,cust_01468,2743.13,card,ICICI,temporary_bank_failure,0,10,2,0.149,1
pay_007713,cust_01152,2194.75,card,KOTAK,invalid_card,1,15,15,0.179,1
pay_007714,cust_02739,1374.56,card,AXIS,bank_timeout,0,1,1,0.147,0
pay_007715,cust_02440,2091.05,upi,SBI,account_closed,1,0,0,0.39,0
pay_007716,cust_01217,591.88,upi,KOTAK,network_error,0,7,4,0.056,1
pay_007717,cust_02652,1883.32,card,AXIS,insufficient_funds,2,11,4,0.234,0
pay_007718,cust_00881,2651.48,upi,SBI,insufficient_funds,2,18,14,0.284,0
pay_007719,cust_00085,1038.63,card,AXIS,network_error,2,17,1,0.108,0
pay_007720,cust_01054,1240.59,upi,HDFC,temporary_bank_failure,2,17,12,0.083,1
pay_007721,cust_00049,1148.14,upi,HDFC,temporary_bank_failure,0,10,10,0.1,1
pay_007722,cust_01169,1236.17,upi,ICICI,insufficient_funds,0,17,2,0.06,1
pay_007723,cust_00069,930.65,upi,ICICI,invalid_card,0,5,4,0.079,0
pay_007724,cust_02745,976.03,card,ICICI,card_blocked,0,0,0,0.253,0
pay_007725,cust_02527,2732.23,upi,ICICI,bank_timeout,0,8,8,0.192,0
pay_007726,cust_02868,448.47,card,AXIS,card_blocked,0,19,15,0.254,0
pay_007727,cust_01702,2093.08,wallet,SBI,insufficient_funds,2,15,8,0.258,0
pay_007728,cust_01599,2727.98,card,SBI,temporary_bank_failure,0,4,4,0.071,1
pay_007729,cust_02195,612.68,card,ICICI,temporary_bank_failure,1,18,11,0.064,0
pay_007730,cust_01870,1700.63,card,HDFC,network_error,1,16,10,0.123,1
pay_007731,cust_01016,868.5,card,KOTAK,insufficient_funds,1,7,0,0.223,0
pay_007732,cust_02657,4487.55,upi,ICICI,card_blocked,0,18,5,0.202,0
pay_007733,cust_00446,1533.79,upi,ICICI,network_error,2,17,12,0.321,0
pay_007734,cust_02269,5875.19,card,HDFC,gateway_timeout,1,11,1,0.169,0
pay_007735,cust_01402,5207.33,card,KOTAK,network_error,0,15,15,0.236,0
pay_007736,cust_02143,2311.99,upi,AXIS,network_error,0,13,13,0.398,1
pay_007737,cust_00262,10038.33,card,AXIS,account_closed,2,3,3,0.406,0
pay_007738,cust_01849,513.07,upi,KOTAK,network_error,0,7,7,0.058,0
pay_007739,cust_00897,5746.43,upi,KOTAK,network_error,0,11,11,0.08,1
pay_007740,cust_01095,1459.05,card,AXIS,account_closed,1,10,10,0.21,0
pay_007741,cust_02267,1633.78,card,ICICI,gateway_timeout,1,12,12,0.169,0
pay_007742,cust_01557,1250.15,upi,ICICI,bank_timeout,1,7,2,0.188,1
pay_007743,cust_00092,566.77,card,HDFC,expired_card,1,17,2,0.138,0
pay_007744,cust_00127,2851.72,card,KOTAK,insufficient_funds,1,12,8,0.045,1
pay_007745,cust_00080,670.1,upi,ICICI,invalid_card,0,3,3,0.114,1
pay_007746,cust_01848,1126.87,card,ICICI,insufficient_funds,0,0,0,0.075,1
pay_007747,cust_00983,1167.49,card,HDFC,temporary_bank_failure,2,9,9,0.116,0
pay_007748,cust_00916,4009.66,upi,KOTAK,bank_timeout,1,5,5,0.118,0
pay_007749,cust_02534,1704.55,netbanking,HDFC,account_closed,1,10,10,0.259,0
pay_007750,cust_00694,255.96,upi,HDFC,network_error,1,6,6,0.48,1
pay_007751,cust_00025,880.75,card,AXIS,card_blocked,1,9,9,0.184,0
pay_007752,cust_00156,518.16,card,HDFC,network_error,1,11,8,0.083,1
pay_007753,cust_02680,2702.64,upi,KOTAK,account_closed,0,5,5,0.315,0
pay_007754,cust_01813,701.83,card,ICICI,invalid_card,0,5,0,0.28,0
pay_007755,cust_01554,1113.58,card,ICICI,insufficient_funds,1,3,3,0.376,1
pay_007756,cust_01967,7333.95,upi,AXIS,gateway_timeout,0,1,1,0.074,1
pay_007757,cust_01734,3009.17,card,KOTAK,expired_card,1,6,6,0.219,0
pay_007758,cust_01081,712.18,card,ICICI,insufficient_funds,2,6,6,0.071,0
pay_007759,cust_01629,3498.32,card,HDFC,expired_card,1,1,1,0.228,0
pay_007760,cust_00019,1018.14,upi,SBI,insufficient_funds,2,9,0,0.379,0
pay_007761,cust_01408,3491.34,card,SBI,insufficient_funds,2,13,13,0.306,0
pay_007762,cust_01217,1300.02,card,SBI,network_error,1,4,4,0.016,1
pay_007763,cust_02285,838.8,card,SBI,bank_timeout,1,19,17,0.271,1
pay_007764,cust_01411,778.39,netbanking,HDFC,temporary_bank_failure,1,7,0,0.24,0
pay_007765,cust_00277,2275.84,upi,ICICI,insufficient_funds,1,19,0,0.361,1
pay_007766,cust_00745,3753.4,card,AXIS,account_closed,0,17,16,0.538,0
pay_007767,cust_00552,2435.53,upi,HDFC,gateway_timeout,0,4,1,0.053,0
pay_007768,cust_01177,1279.07,card,ICICI,gateway_timeout,2,3,3,0.347,0
pay_007769,cust_00639,429.29,card,KOTAK,expired_card,1,18,4,0.185,0
pay_007770,cust_00237,1084.12,upi,ICICI,network_error,0,10,4,0.129,1
pay_007771,cust_00998,664.06,upi,ICICI,account_closed,0,4,4,0.065,0
pay_007772,cust_02103,5403.79,card,ICICI,gateway_timeout,0,15,3,0.161,0
pay_007773,cust_02004,1314.5,netbanking,HDFC,card_blocked,2,8,0,0.286,0
pay_007774,cust_01460,2299.17,upi,ICICI,temporary_bank_failure,0,5,5,0.256,1
pay_007775,cust_02732,1373.44,wallet,ICICI,insufficient_funds,1,7,7,0.134,0
pay_007776,cust_02157,2549.74,upi,KOTAK,invalid_card,0,0,0,0.268,0
pay_007777,cust_01208,3211.65,wallet,KOTAK,insufficient_funds,1,0,0,0.312,0
pay_007778,cust_01392,11646.53,upi,SBI,expired_card,0,4,0,0.194,0
pay_007779,cust_02007,1255.46,card,HDFC,temporary_bank_failure,1,17,5,0.162,0
pay_007780,cust_01222,4165.05,upi,ICICI,temporary_bank_failure,2,3,3,0.312,1
pay_007781,cust_01395,2258.22,upi,SBI,insufficient_funds,0,15,12,0.243,1
pay_007782,cust_00373,1138.54,netbanking,SBI,network_error,0,19,16,0.131,0
pay_007783,cust_01521,1205.45,card,HDFC,bank_timeout,2,18,17,0.219,0
pay_007784,cust_02249,2635.22,upi,SBI,account_closed,2,6,6,0.127,0
pay_007785,cust_00849,1426.13,netbanking,SBI,invalid_card,2,14,5,0.168,0
pay_007786,cust_02557,1966.38,netbanking,HDFC,card_blocked,1,17,6,0.026,0
pay_007787,cust_01346,3077.02,card,AXIS,insufficient_funds,1,8,8,0.172,1
pay_007788,cust_02323,13309.61,upi,SBI,gateway_timeout,0,6,5,0.265,0
pay_007789,cust_02259,1855.64,upi,KOTAK,bank_timeout,1,0,0,0.49,1
pay_007790,cust_00504,733.23,card,SBI,account_closed,0,12,7,0.073,0
pay_007791,cust_00703,2485.9,netbanking,HDFC,insufficient_funds,2,3,3,0.226,0
pay_007792,cust_02090,1227.55,card,HDFC,insufficient_funds,0,1,1,0.388,0
pay_007793,cust_00315,8224.61,upi,AXIS,temporary_bank_failure,2,9,9,0.057,0
pay_007794,cust_02836,1214.77,netbanking,AXIS,insufficient_funds,2,4,4,0.295,0
pay_007795,cust_02377,1834.85,card,KOTAK,invalid_card,0,2,2,0.178,0
pay_007796,cust_01041,2975.99,netbanking,KOTAK,expired_card,1,4,4,0.254,0
pay_007797,cust_00283,2678.58,upi,SBI,card_blocked,1,10,10,0.178,0
pay_007798,cust_02991,5498.08,netbanking,AXIS,insufficient_funds,0,17,3,0.078,1
pay_007799,cust_00258,3084.01,upi,KOTAK,insufficient_funds,1,19,8,0.196,0
pay_007800,cust_00575,11782.34,card,SBI,bank_timeout,2,1,1,0.369,1
pay_007801,cust_00574,2590.47,upi,ICICI,gateway_timeout,2,15,5,0.044,0
pay_007802,cust_02660,5111.68,card,SBI,card_blocked,1,17,5,0.187,0
pay_007803,cust_01043,1242.15,card,KOTAK,temporary_bank_failure,1,5,1,0.013,0
pay_007804,cust_01553,8776.73,card,SBI,invalid_card,2,14,6,0.132,0
pay_007805,cust_02885,1369.01,upi,ICICI,card_blocked,0,11,0,0.098,0
pay_007806,cust_00423,5936.21,upi,KOTAK,bank_timeout,1,3,3,0.222,1
pay_007807,cust_01490,3690.57,upi,SBI,temporary_bank_failure,1,11,4,0.327,0
pay_007808,cust_01397,1907.09,upi,KOTAK,insufficient_funds,0,10,8,0.132,1
pay_007809,cust_00758,5982.16,upi,SBI,network_error,2,8,8,0.159,0
pay_007810,cust_02811,1790.78,netbanking,HDFC,bank_timeout,0,0,0,0.163,0
pay_007811,cust_01105,5402.99,card,KOTAK,insufficient_funds,0,17,17,0.255,1
pay_007812,cust_01575,2446.56,netbanking,KOTAK,insufficient_funds,0,5,5,0.181,0
pay_007813,cust_02472,1337.06,card,KOTAK,insufficient_funds,1,11,11,0.31,1
pay_007814,cust_00429,2336.04,upi,KOTAK,account_closed,2,2,2,0.071,0
pay_007815,cust_02022,1858.05,card,SBI,network_error,2,0,0,0.352,0
pay_007816,cust_00204,1269.0,upi,AXIS,bank_timeout,1,6,6,0.027,1
pay_007817,cust_02244,2178.49,card,SBI,bank_timeout,0,17,10,0.245,0
pay_007818,cust_02776,2497.26,card,ICICI,insufficient_funds,1,11,7,0.161,0
pay_007819,cust_02333,253.76,card,HDFC,card_blocked,0,19,5,0.173,0
pay_007820,cust_01993,2700.23,upi,SBI,card_blocked,0,15,5,0.61,0
pay_007821,cust_02244,3271.11,card,SBI,network_error,0,19,7,0.04,1
pay_007822,cust_00307,5775.13,card,KOTAK,network_error,0,6,6,0.505,0
pay_007823,cust_01688,672.63,card,ICICI,temporary_bank_failure,1,16,16,0.166,0
pay_007824,cust_00014,801.11,card,KOTAK,insufficient_funds,0,3,3,0.353,0
pay_007825,cust_01861,2137.56,netbanking,KOTAK,invalid_card,1,9,9,0.05,0
pay_007826,cust_01962,1022.15,upi,AXIS,invalid_card,0,5,5,0.279,1
pay_007827,cust_01081,697.98,netbanking,HDFC,card_blocked,1,1,1,0.079,0
pay_007828,cust_00723,1298.9,upi,AXIS,account_closed,2,3,3,0.032,0
pay_007829,cust_00780,1355.8,netbanking,KOTAK,gateway_timeout,1,17,6,0.214,0
pay_007830,cust_01234,802.3,upi,HDFC,bank_timeout,2,0,0,0.337,0
pay_007831,cust_00529,798.03,upi,SBI,network_error,1,0,0,0.29,1
pay_007832,cust_00798,1640.81,upi,ICICI,insufficient_funds,2,15,15,0.051,0
pay_007833,cust_00344,567.42,card,AXIS,insufficient_funds,1,12,4,0.322,1
pay_007834,cust_01303,560.16,upi,ICICI,network_error,0,13,13,0.215,0
pay_007835,cust_00209,1914.49,netbanking,KOTAK,bank_timeout,2,10,10,0.187,0
pay_007836,cust_00641,6030.07,upi,HDFC,network_error,0,19,18,0.408,1
pay_007837,cust_01312,3250.07,upi,SBI,network_error,2,7,7,0.222,0
pay_007838,cust_02300,4808.28,wallet,HDFC,account_closed,0,9,2,0.168,0
pay_007839,cust_02319,426.64,wallet,ICICI,expired_card,0,15,8,0.223,0
pay_007840,cust_01948,585.88,upi,ICICI,insufficient_funds,1,6,6,0.123,0
pay_007841,cust_00920,1823.51,netbanking,SBI,bank_timeout,0,4,4,0.058,0
pay_007842,cust_01724,3529.73,card,SBI,account_closed,2,9,1,0.159,0
pay_007843,cust_02045,3012.23,card,HDFC,insufficient_funds,2,17,7,0.501,0
pay_007844,cust_00419,616.88,card,AXIS,insufficient_funds,2,6,6,0.163,0
pay_007845,cust_01750,4485.32,upi,HDFC,bank_timeout,1,3,3,0.307,1
pay_007846,cust_02843,1694.12,card,ICICI,account_closed,1,9,9,0.202,0
pay_007847,cust_01389,3368.36,card,HDFC,account_closed,2,17,0,0.274,0
pay_007848,cust_01100,1114.25,card,KOTAK,account_closed,0,17,17,0.169,0
pay_007849,cust_02773,525.85,card,HDFC,insufficient_funds,1,2,2,0.219,0
pay_007850,cust_02481,3557.01,upi,HDFC,gateway_timeout,0,12,11,0.151,1
pay_007851,cust_02157,2632.57,card,KOTAK,bank_timeout,1,13,11,0.232,1
pay_007852,cust_02689,667.47,upi,ICICI,network_error,1,13,5,0.234,1
pay_007853,cust_01546,1059.4,card,SBI,network_error,1,0,0,0.358,1
pay_007854,cust_01071,3130.25,card,HDFC,bank_timeout,1,4,1,0.218,0
pay_007855,cust_02427,2132.03,netbanking,AXIS,network_error,2,9,9,0.138,0
pay_007856,cust_01851,2700.94,wallet,SBI,account_closed,1,13,13,0.349,0
pay_007857,cust_01120,1188.58,upi,AXIS,insufficient_funds,1,18,0,0.015,0
pay_007858,cust_00958,5644.86,card,HDFC,invalid_card,2,6,5,0.071,0
pay_007859,cust_00103,1654.21,netbanking,AXIS,temporary_bank_failure,2,14,9,0.087,0
pay_007860,cust_02940,272.06,upi,SBI,bank_timeout,2,8,8,0.306,1
pay_007861,cust_02902,1969.53,upi,AXIS,gateway_timeout,2,9,9,0.229,0
pay_007862,cust_01170,2933.51,card,AXIS,invalid_card,0,7,7,0.218,1
pay_007863,cust_01904,2293.1,card,SBI,temporary_bank_failure,2,8,8,0.458,0
pay_007864,cust_01756,1285.23,upi,SBI,network_error,2,10,8,0.114,0
pay_007865,cust_02578,378.81,upi,SBI,bank_timeout,2,7,7,0.201,1
pay_007866,cust_00679,1074.94,upi,SBI,insufficient_funds,0,17,9,0.147,0
pay_007867,cust_01969,1159.29,card,KOTAK,gateway_timeout,2,4,4,0.078,0
pay_007868,cust_00989,1067.04,netbanking,HDFC,network_error,0,7,3,0.174,1
pay_007869,cust_01106,2950.03,card,SBI,insufficient_funds,1,1,1,0.145,0
pay_007870,cust_02476,1384.73,upi,ICICI,expired_card,0,17,7,0.138,0
pay_007871,cust_01608,5460.74,card,AXIS,network_error,2,18,1,0.345,0
pay_007872,cust_02870,1509.53,upi,SBI,insufficient_funds,0,17,3,0.32,0
pay_007873,cust_01503,4782.45,card,SBI,network_error,0,19,5,0.136,1
pay_007874,cust_01790,2146.45,upi,HDFC,card_blocked,0,15,15,0.068,0
pay_007875,cust_01186,2232.88,card,SBI,invalid_card,0,3,3,0.3,1
pay_007876,cust_00932,1047.02,upi,KOTAK,insufficient_funds,0,16,12,0.277,0
pay_007877,cust_01426,613.69,card,ICICI,network_error,0,5,4,0.456,1
pay_007878,cust_01062,1705.03,wallet,ICICI,insufficient_funds,0,11,3,0.311,1
pay_007879,cust_01979,6970.74,wallet,SBI,invalid_card,0,6,5,0.263,0
pay_007880,cust_02559,1252.68,upi,HDFC,invalid_card,1,13,4,0.286,0
pay_007881,cust_02441,1103.35,wallet,SBI,invalid_card,1,11,4,0.35,0
pay_007882,cust_02043,1575.71,card,AXIS,temporary_bank_failure,2,19,6,0.205,0
pay_007883,cust_02761,7439.44,wallet,ICICI,temporary_bank_failure,2,1,1,0.165,0
pay_007884,cust_02542,3393.27,card,AXIS,insufficient_funds,2,3,3,0.327,0
pay_007885,cust_01279,4776.25,card,KOTAK,temporary_bank_failure,2,7,7,0.36,0
pay_007886,cust_01203,370.82,card,ICICI,bank_timeout,2,9,4,0.182,0
pay_007887,cust_02595,934.77,wallet,ICICI,insufficient_funds,2,16,1,0.393,0
pay_007888,cust_00594,961.08,upi,KOTAK,bank_timeout,1,6,6,0.071,0
pay_007889,cust_02437,4486.69,upi,AXIS,invalid_card,1,9,9,0.185,0
pay_007890,cust_01422,3065.31,wallet,SBI,invalid_card,1,16,6,0.122,0
pay_007891,cust_02206,4207.87,upi,HDFC,insufficient_funds,0,15,15,0.08,1
pay_007892,cust_01028,403.24,upi,AXIS,invalid_card,0,12,12,0.271,1
pay_007893,cust_02215,4395.21,card,KOTAK,insufficient_funds,2,17,15,0.005,0
pay_007894,cust_00960,3063.95,netbanking,KOTAK,expired_card,1,4,4,0.132,0
pay_007895,cust_02457,863.27,wallet,KOTAK,bank_timeout,2,7,7,0.313,1
pay_007896,cust_02242,1544.51,wallet,ICICI,account_closed,1,6,6,0.343,0
pay_007897,cust_02283,884.6,card,SBI,expired_card,1,17,12,0.18,0
pay_007898,cust_02766,1673.57,card,ICICI,insufficient_funds,2,5,5,0.288,0
pay_007899,cust_01174,2590.18,card,ICICI,gateway_timeout,2,12,12,0.306,1
pay_007900,cust_00816,5560.12,card,ICICI,bank_timeout,0,8,8,0.103,0
pay_007901,cust_00404,852.75,card,KOTAK,account_closed,1,7,7,0.227,0
pay_007902,cust_00893,1242.18,upi,AXIS,card_blocked,0,11,11,0.418,0
pay_007903,cust_02726,748.19,netbanking,HDFC,invalid_card,0,9,9,0.354,0
pay_007904,cust_00068,3338.41,netbanking,HDFC,card_blocked,0,6,5,0.418,0
pay_007905,cust_00088,512.62,card,SBI,bank_timeout,0,6,6,0.223,0
pay_007906,cust_02265,2083.1,card,SBI,bank_timeout,1,16,16,0.166,0
pay_007907,cust_02049,678.15,card,KOTAK,account_closed,1,4,4,0.468,0
pay_007908,cust_01159,1875.54,card,HDFC,bank_timeout,0,9,9,0.404,1
pay_007909,cust_01721,4558.41,card,AXIS,bank_timeout,1,19,12,0.161,0
pay_007910,cust_01375,1201.1,card,KOTAK,account_closed,0,14,11,0.091,0
pay_007911,cust_02188,2157.48,wallet,SBI,insufficient_funds,2,12,11,0.013,0
pay_007912,cust_02666,884.89,card,KOTAK,gateway_timeout,0,13,3,0.088,1
pay_007913,cust_02181,1652.52,upi,SBI,insufficient_funds,2,16,15,0.45,0
pay_007914,cust_01644,519.92,upi,HDFC,account_closed,0,6,0,0.14,0
pay_007915,cust_00178,3184.89,upi,KOTAK,invalid_card,0,3,3,0.348,1
pay_007916,cust_02858,1296.77,upi,ICICI,expired_card,1,8,8,0.246,1
pay_007917,cust_01382,1529.87,netbanking,SBI,card_blocked,2,18,12,0.04,0
pay_007918,cust_02428,1910.96,upi,ICICI,insufficient_funds,1,13,6,0.245,0
pay_007919,cust_00908,374.88,netbanking,SBI,bank_timeout,0,2,2,0.365,0
pay_007920,cust_02706,1039.21,card,ICICI,gateway_timeout,2,3,0,0.242,1
pay_007921,cust_02498,2014.63,card,HDFC,bank_timeout,0,1,1,0.113,0
pay_007922,cust_00586,1590.91,netbanking,HDFC,bank_timeout,2,7,0,0.086,1
pay_007923,cust_02511,10320.39,card,AXIS,network_error,2,1,1,0.196,1
pay_007924,cust_00990,4949.16,upi,AXIS,gateway_timeout,0,3,3,0.134,0
pay_007925,cust_01132,2021.66,upi,AXIS,insufficient_funds,0,1,1,0.287,1
pay_007926,cust_02170,797.91,card,KOTAK,network_error,1,3,2,0.098,0
pay_007927,cust_02065,1216.89,upi,SBI,temporary_bank_failure,1,8,8,0.36,0
pay_007928,cust_01220,3061.03,netbanking,KOTAK,temporary_bank_failure,0,1,0,0.254,1
pay_007929,cust_02375,1922.34,netbanking,AXIS,temporary_bank_failure,1,19,0,0.134,0
pay_007930,cust_00318,5018.48,upi,SBI,bank_timeout,1,16,15,0.147,1
pay_007931,cust_02857,1910.2,upi,KOTAK,gateway_timeout,0,0,0,0.122,1
pay_007932,cust_01503,1983.6,netbanking,HDFC,insufficient_funds,2,5,4,0.081,1
pay_007933,cust_02035,6630.06,upi,SBI,bank_timeout,0,15,10,0.205,0
pay_007934,cust_02043,752.01,card,AXIS,insufficient_funds,1,3,3,0.104,0
pay_007935,cust_00503,7237.9,card,HDFC,invalid_card,0,4,4,0.151,1
pay_007936,cust_02023,3346.62,card,SBI,bank_timeout,0,4,4,0.311,1
pay_007937,cust_00119,24061.69,card,KOTAK,bank_timeout,2,8,8,0.122,0
pay_007938,cust_00710,1031.59,card,AXIS,insufficient_funds,2,4,0,0.159,0
pay_007939,cust_00045,6657.66,wallet,KOTAK,account_closed,1,1,1,0.123,0
pay_007940,cust_00314,2012.43,upi,HDFC,card_blocked,1,6,2,0.163,0
pay_007941,cust_00418,1558.58,netbanking,HDFC,bank_timeout,1,14,14,0.312,1
pay_007942,cust_02604,2307.5,upi,HDFC,bank_timeout,1,7,7,0.191,1
pay_007943,cust_01102,1998.54,card,SBI,network_error,1,2,1,0.174,1
pay_007944,cust_00326,969.58,card,AXIS,insufficient_funds,0,10,8,0.185,0
pay_007945,cust_01440,1627.32,wallet,HDFC,insufficient_funds,0,9,9,0.36,1
pay_007946,cust_01987,2311.58,card,KOTAK,card_blocked,1,3,3,0.058,0
pay_007947,cust_02563,1286.75,upi,AXIS,account_closed,2,11,10,0.289,0
pay_007948,cust_02262,2785.98,card,KOTAK,insufficient_funds,2,12,0,0.044,1
pay_007949,cust_00074,1426.99,card,KOTAK,temporary_bank_failure,1,6,6,0.318,0
pay_007950,cust_01603,2608.88,card,HDFC,temporary_bank_failure,0,18,0,0.029,1
pay_007951,cust_00509,2368.88,upi,AXIS,insufficient_funds,2,15,15,0.217,0
pay_007952,cust_02380,2594.28,netbanking,ICICI,expired_card,2,9,8,0.151,0
pay_007953,cust_00688,614.64,upi,SBI,insufficient_funds,2,6,4,0.126,0
pay_007954,cust_00657,4348.85,upi,ICICI,temporary_bank_failure,2,2,2,0.258,0
pay_007955,cust_01543,904.31,netbanking,SBI,insufficient_funds,0,1,1,0.205,1
pay_007956,cust_01293,1558.25,upi,AXIS,insufficient_funds,0,0,0,0.108,1
pay_007957,cust_01400,1078.5,netbanking,HDFC,gateway_timeout,2,15,3,0.112,0
pay_007958,cust_02648,1914.25,card,AXIS,invalid_card,0,12,11,0.365,0
pay_007959,cust_01553,1654.25,netbanking,ICICI,temporary_bank_failure,0,2,1,0.266,1
pay_007960,cust_01076,3044.08,upi,KOTAK,insufficient_funds,1,13,5,0.137,1
pay_007961,cust_00325,1872.64,card,SBI,card_blocked,1,17,13,0.132,0
pay_007962,cust_00992,1321.67,card,SBI,expired_card,1,10,10,0.16,1
pay_007963,cust_01994,429.26,card,ICICI,gateway_timeout,1,18,2,0.103,1
pay_007964,cust_00717,3668.21,card,HDFC,insufficient_funds,2,2,2,0.324,1
pay_007965,cust_02771,2735.39,netbanking,AXIS,gateway_timeout,1,19,4,0.118,1
pay_007966,cust_00277,3789.92,upi,ICICI,bank_timeout,1,1,1,0.229,1
pay_007967,cust_02584,1558.82,wallet,AXIS,temporary_bank_failure,0,5,5,0.102,1
pay_007968,cust_00152,2405.58,upi,HDFC,account_closed,2,3,3,0.383,0
pay_007969,cust_00955,1072.01,upi,KOTAK,insufficient_funds,0,12,3,0.137,0
pay_007970,cust_01507,996.41,card,AXIS,insufficient_funds,0,7,7,0.285,0
pay_007971,cust_00259,1441.04,upi,HDFC,network_error,0,14,14,0.127,1
pay_007972,cust_02372,3779.87,upi,ICICI,temporary_bank_failure,1,0,0,0.036,1
pay_007973,cust_00869,1451.25,netbanking,KOTAK,card_blocked,2,15,9,0.09,0
pay_007974,cust_01192,1731.48,upi,KOTAK,temporary_bank_failure,1,19,18,0.144,0
pay_007975,cust_00688,2195.04,upi,KOTAK,network_error,2,4,0,0.183,0
pay_007976,cust_00310,1845.07,card,SBI,bank_timeout,0,12,12,0.08,1
pay_007977,cust_02851,4070.29,upi,HDFC,bank_timeout,2,16,3,0.321,0
pay_007978,cust_01503,993.81,netbanking,AXIS,insufficient_funds,0,1,1,0.042,1
pay_007979,cust_02668,1958.23,upi,ICICI,expired_card,1,12,12,0.13,0
pay_007980,cust_00473,2642.24,card,KOTAK,expired_card,0,1,1,0.152,0
pay_007981,cust_02509,485.98,card,KOTAK,insufficient_funds,1,10,10,0.084,1
pay_007982,cust_00814,2236.88,upi,KOTAK,insufficient_funds,1,14,1,0.181,1
pay_007983,cust_00846,5290.24,upi,HDFC,bank_timeout,1,8,8,0.294,1
pay_007984,cust_01165,1365.95,card,ICICI,account_closed,0,18,5,0.32,0
pay_007985,cust_00667,758.97,netbanking,HDFC,insufficient_funds,1,3,3,0.181,0
pay_007986,cust_02310,2627.08,card,ICICI,bank_timeout,2,16,16,0.033,1
pay_007987,cust_01809,2087.22,card,AXIS,bank_timeout,2,14,4,0.183,1
pay_007988,cust_01444,6111.68,upi,SBI,insufficient_funds,2,6,6,0.161,0
pay_007989,cust_01768,2566.08,upi,ICICI,network_error,2,12,7,0.162,1
pay_007990,cust_01265,849.94,netbanking,HDFC,card_blocked,1,7,7,0.215,0
pay_007991,cust_00355,819.75,card,HDFC,insufficient_funds,2,0,0,0.251,0
pay_007992,cust_01873,3597.0,card,HDFC,card_blocked,0,8,8,0.332,0
pay_007993,cust_02025,2405.54,card,SBI,invalid_card,2,17,12,0.185,0
pay_007994,cust_02818,1725.76,card,ICICI,account_closed,2,16,0,0.04,0
pay_007995,cust_00180,2075.4,netbanking,ICICI,gateway_timeout,0,16,1,0.053,1
pay_007996,cust_00066,2574.86,card,ICICI,bank_timeout,0,7,7,0.081,0
pay_007997,cust_00820,2436.35,wallet,ICICI,expired_card,2,2,2,0.117,0
pay_007998,cust_01372,542.19,upi,KOTAK,gateway_timeout,1,10,9,0.104,1
pay_007999,cust_00171,4785.56,upi,KOTAK,card_blocked,0,1,0,0.198,0
pay_008000,cust_02522,5048.71,wallet,HDFC,network_error,1,1,1,0.346,0
pay_008001,cust_02582,7693.28,card,KOTAK,insufficient_funds,1,15,15,0.528,1
pay_008002,cust_01391,6464.52,card,ICICI,account_closed,2,16,0,0.104,0
pay_008003,cust_01131,5642.24,upi,ICICI,gateway_timeout,1,8,8,0.286,0
pay_008004,cust_02487,1437.72,card,KOTAK,card_blocked,1,0,0,0.527,0
pay_008005,cust_00835,2300.99,wallet,AXIS,bank_timeout,1,11,8,0.177,0
pay_008006,cust_00227,4599.02,wallet,HDFC,insufficient_funds,2,5,5,0.13,0
pay_008007,cust_00442,428.12,netbanking,SBI,invalid_card,0,10,1,0.117,1
pay_008008,cust_02444,1517.86,netbanking,HDFC,network_error,2,5,5,0.031,1
pay_008009,cust_00728,462.06,upi,HDFC,bank_timeout,0,19,13,0.187,0
pay_008010,cust_01605,2262.5,upi,HDFC,bank_timeout,1,4,0,0.013,0
pay_008011,cust_02132,4977.32,card,KOTAK,temporary_bank_failure,0,12,12,0.17,1
pay_008012,cust_01037,1835.44,upi,HDFC,network_error,0,0,0,0.475,1
pay_008013,cust_01833,1146.67,card,ICICI,network_error,0,15,15,0.255,1
pay_008014,cust_01849,2267.72,netbanking,HDFC,insufficient_funds,0,18,5,0.099,1
pay_008015,cust_02741,2514.85,wallet,ICICI,bank_timeout,1,10,7,0.236,1
pay_008016,cust_00493,2660.73,card,KOTAK,card_blocked,0,1,1,0.294,0
pay_008017,cust_01549,684.06,card,KOTAK,expired_card,0,0,0,0.124,0
pay_008018,cust_01144,2196.87,upi,HDFC,bank_timeout,1,12,7,0.254,0
pay_008019,cust_00970,2095.05,upi,ICICI,expired_card,0,16,1,0.223,1
pay_008020,cust_02401,3860.82,upi,ICICI,invalid_card,2,13,13,0.442,0
pay_008021,cust_02088,1701.92,upi,ICICI,network_error,0,16,12,0.225,0
pay_008022,cust_00640,8772.52,netbanking,ICICI,account_closed,2,9,9,0.201,0
pay_008023,cust_00173,1931.14,card,SBI,insufficient_funds,2,16,6,0.086,0
pay_008024,cust_01571,1233.41,upi,KOTAK,account_closed,2,12,2,0.287,0
pay_008025,cust_00259,810.38,upi,ICICI,expired_card,1,5,5,0.124,0
pay_008026,cust_00517,1198.61,card,SBI,expired_card,2,3,0,0.25,0
pay_008027,cust_02778,954.14,card,SBI,network_error,2,3,3,0.386,0
pay_008028,cust_00523,1595.88,netbanking,KOTAK,temporary_bank_failure,1,13,7,0.154,1
pay_008029,cust_01918,6970.07,wallet,AXIS,insufficient_funds,1,3,3,0.131,0
pay_008030,cust_02887,562.59,upi,HDFC,bank_timeout,2,4,4,0.168,1
pay_008031,cust_02165,595.1,netbanking,KOTAK,insufficient_funds,1,13,10,0.177,0
pay_008032,cust_02232,1498.61,card,AXIS,gateway_timeout,0,14,7,0.514,1
pay_008033,cust_01930,607.69,wallet,HDFC,network_error,2,7,7,0.07,0
pay_008034,cust_01140,824.23,card,HDFC,network_error,2,10,9,0.062,0
pay_008035,cust_02210,2371.62,upi,HDFC,network_error,0,6,6,0.468,0
pay_008036,cust_02591,1733.53,card,SBI,insufficient_funds,1,12,12,0.168,0
pay_008037,cust_00839,2567.81,netbanking,ICICI,gateway_timeout,0,13,2,0.186,0
pay_008038,cust_01090,2901.1,card,HDFC,gateway_timeout,0,8,8,0.142,1
pay_008039,cust_01094,5292.65,card,ICICI,network_error,1,14,14,0.243,1
pay_008040,cust_02495,2448.49,card,HDFC,invalid_card,1,7,5,0.243,1
pay_008041,cust_02464,4740.91,card,SBI,expired_card,2,1,1,0.045,0
pay_008042,cust_02580,1969.75,card,HDFC,gateway_timeout,2,11,0,0.17,0
pay_008043,cust_02489,2470.92,upi,KOTAK,bank_timeout,2,15,2,0.485,0
pay_008044,cust_02786,2445.53,card,AXIS,expired_card,1,7,7,0.386,0
pay_008045,cust_01970,2270.25,card,HDFC,account_closed,2,0,0,0.133,0
pay_008046,cust_02512,2131.41,card,AXIS,network_error,0,16,10,0.393,1
pay_008047,cust_02444,7760.38,card,AXIS,insufficient_funds,2,18,15,0.253,0
pay_008048,cust_02759,3160.47,upi,SBI,gateway_timeout,1,19,0,0.411,1
pay_008049,cust_01575,1264.07,upi,AXIS,bank_timeout,1,12,10,0.251,1
pay_008050,cust_01581,11786.85,upi,SBI,expired_card,2,14,14,0.478,0
pay_008051,cust_02443,1337.23,card,HDFC,bank_timeout,1,12,12,0.035,1
pay_008052,cust_02374,1800.5,upi,ICICI,expired_card,1,2,1,0.415,1
pay_008053,cust_01115,930.29,upi,SBI,temporary_bank_failure,2,15,4,0.041,0
pay_008054,cust_00750,3208.92,card,AXIS,insufficient_funds,2,8,8,0.159,0
pay_008055,cust_01094,6989.67,card,AXIS,network_error,0,18,14,0.285,0
pay_008056,cust_01190,548.43,card,HDFC,gateway_timeout,1,7,6,0.031,1
pay_008057,cust_02690,1448.24,card,SBI,bank_timeout,2,7,5,0.176,0
pay_008058,cust_02262,4417.33,card,HDFC,insufficient_funds,0,13,4,0.272,0
pay_008059,cust_01876,774.75,card,SBI,network_error,1,18,14,0.053,0
pay_008060,cust_01788,2862.66,card,ICICI,network_error,1,12,2,0.079,1
pay_008061,cust_02417,638.32,upi,KOTAK,bank_timeout,0,2,2,0.42,0
pay_008062,cust_01608,2505.75,netbanking,HDFC,invalid_card,1,4,4,0.144,1
pay_008063,cust_00049,1924.18,upi,AXIS,expired_card,2,7,7,0.215,0
pay_008064,cust_01076,25695.38,upi,HDFC,network_error,0,5,5,0.312,0
pay_008065,cust_01313,3279.92,card,SBI,insufficient_funds,0,4,4,0.197,1
pay_008066,cust_01650,318.0,card,HDFC,expired_card,2,11,6,0.104,0
pay_008067,cust_02181,1703.1,card,ICICI,account_closed,0,5,5,0.109,0
pay_008068,cust_02834,3496.22,upi,SBI,bank_timeout,2,7,7,0.147,1
pay_008069,cust_01190,1299.16,upi,AXIS,temporary_bank_failure,2,6,6,0.071,1
pay_008070,cust_01398,1254.82,netbanking,AXIS,insufficient_funds,1,13,13,0.246,0
pay_008071,cust_02421,1304.8,card,SBI,bank_timeout,1,8,8,0.12,0
pay_008072,cust_01829,2800.99,card,ICICI,network_error,1,16,11,0.237,0
pay_008073,cust_00479,662.34,upi,HDFC,invalid_card,1,18,1,0.088,0
pay_008074,cust_00832,1153.76,upi,KOTAK,temporary_bank_failure,1,5,5,0.16,1
pay_008075,cust_02698,4131.45,card,AXIS,bank_timeout,2,18,10,0.236,1
pay_008076,cust_01615,1224.58,upi,ICICI,insufficient_funds,0,17,15,0.306,0
pay_008077,cust_00682,1167.33,card,ICICI,network_error,0,0,0,0.152,1
pay_008078,cust_02736,601.19,upi,ICICI,expired_card,1,4,4,0.403,1
pay_008079,cust_01324,3031.25,card,HDFC,account_closed,2,12,12,0.196,0
pay_008080,cust_00082,2541.1,upi,ICICI,insufficient_funds,2,10,10,0.29,0
pay_008081,cust_00087,3935.89,upi,ICICI,insufficient_funds,2,8,4,0.389,0
pay_008082,cust_02273,1651.85,wallet,SBI,insufficient_funds,0,9,3,0.145,0
pay_008083,cust_02064,2327.68,netbanking,SBI,account_closed,2,19,10,0.203,0
pay_008084,cust_00822,2312.06,upi,ICICI,network_error,1,18,16,0.092,0
pay_008085,cust_00163,578.25,upi,ICICI,gateway_timeout,2,1,1,0.136,0
pay_008086,cust_02562,11881.72,card,SBI,account_closed,1,7,1,0.267,0
pay_008087,cust_02398,3953.86,card,HDFC,expired_card,0,17,0,0.188,0
pay_008088,cust_01933,1926.0,card,SBI,temporary_bank_failure,0,17,17,0.072,1
pay_008089,cust_02729,1511.15,card,SBI,account_closed,2,1,1,0.168,0
pay_008090,cust_01851,5214.32,upi,SBI,network_error,0,14,10,0.226,0
pay_008091,cust_01861,1952.25,card,SBI,expired_card,0,16,6,0.348,0
pay_008092,cust_01116,3755.2,card,KOTAK,card_blocked,2,14,4,0.203,0
pay_008093,cust_02229,1138.63,upi,AXIS,insufficient_funds,0,19,17,0.074,1
pay_008094,cust_02791,897.52,upi,HDFC,invalid_card,1,14,3,0.224,0
pay_008095,cust_02708,1588.6,upi,HDFC,invalid_card,2,12,7,0.088,0
pay_008096,cust_01883,1823.41,upi,ICICI,account_closed,1,17,5,0.064,0
pay_008097,cust_02541,2537.2,card,KOTAK,card_blocked,0,14,0,0.266,0
pay_008098,cust_00923,5846.04,card,ICICI,bank_timeout,2,17,6,0.343,1
pay_008099,cust_02176,4401.17,netbanking,HDFC,bank_timeout,1,18,5,0.058,0
pay_008100,cust_01450,5189.57,card,HDFC,insufficient_funds,2,17,0,0.37,0
pay_008101,cust_01583,1006.18,upi,ICICI,card_blocked,1,14,6,0.153,0
pay_008102,cust_00565,1428.04,upi,AXIS,insufficient_funds,1,9,9,0.058,0
pay_008103,cust_02598,3922.15,netbanking,ICICI,account_closed,2,15,5,0.217,0
pay_008104,cust_02501,4778.86,upi,AXIS,invalid_card,1,8,8,0.163,0
pay_008105,cust_00471,3273.06,upi,AXIS,insufficient_funds,2,1,1,0.194,0
pay_008106,cust_00988,1152.66,card,SBI,insufficient_funds,0,12,12,0.144,1
pay_008107,cust_02786,785.8,wallet,HDFC,gateway_timeout,1,0,0,0.17,1
pay_008108,cust_01935,2178.48,upi,SBI,network_error,1,7,7,0.115,1
pay_008109,cust_00224,885.91,card,HDFC,account_closed,1,5,5,0.121,0
pay_008110,cust_02202,2613.68,upi,SBI,network_error,1,18,14,0.216,1
pay_008111,cust_02608,4917.46,card,AXIS,account_closed,0,18,11,0.167,0
pay_008112,cust_00351,2103.32,card,SBI,temporary_bank_failure,2,1,1,0.394,1
pay_008113,cust_01929,636.09,card,KOTAK,bank_timeout,2,17,15,0.33,0
pay_008114,cust_00349,1202.99,upi,SBI,network_error,2,17,3,0.032,0
pay_008115,cust_00182,3611.02,upi,SBI,account_closed,0,14,0,0.18,0
pay_008116,cust_00637,2641.59,upi,SBI,bank_timeout,0,15,0,0.239,1
pay_008117,cust_01018,2816.12,upi,KOTAK,invalid_card,2,12,12,0.074,0
pay_008118,cust_02227,7444.05,upi,HDFC,network_error,2,4,4,0.238,0
pay_008119,cust_00772,2390.49,card,SBI,insufficient_funds,0,17,14,0.128,0
pay_008120,cust_02942,2330.92,card,HDFC,network_error,0,4,1,0.227,1
pay_008121,cust_01016,3587.96,card,ICICI,temporary_bank_failure,1,15,15,0.383,0
pay_008122,cust_02112,707.31,card,AXIS,bank_timeout,2,5,4,0.044,1
pay_008123,cust_00029,1266.37,wallet,ICICI,insufficient_funds,2,6,6,0.176,0
pay_008124,cust_02420,1001.46,netbanking,KOTAK,temporary_bank_failure,2,0,0,0.336,1
pay_008125,cust_02145,3053.16,card,KOTAK,temporary_bank_failure,2,7,0,0.133,0
pay_008126,cust_01894,866.72,card,HDFC,bank_timeout,2,6,1,0.363,0
pay_008127,cust_01466,2837.73,netbanking,HDFC,bank_timeout,1,6,0,0.09,0
pay_008128,cust_01227,1520.18,card,SBI,expired_card,0,6,2,0.128,1
pay_008129,cust_02069,1359.78,upi,ICICI,temporary_bank_failure,1,0,0,0.149,0
pay_008130,cust_02783,3749.81,card,HDFC,gateway_timeout,1,11,0,0.17,0
pay_008131,cust_01126,622.83,upi,HDFC,invalid_card,2,10,10,0.091,0
pay_008132,cust_00066,1222.99,netbanking,HDFC,gateway_timeout,1,15,1,0.076,0
pay_008133,cust_02651,18837.71,netbanking,AXIS,network_error,1,0,0,0.037,1
pay_008134,cust_01135,7945.29,upi,HDFC,insufficient_funds,2,5,5,0.39,0
pay_008135,cust_00338,423.46,upi,AXIS,invalid_card,1,4,1,0.288,0
pay_008136,cust_02171,1204.66,upi,KOTAK,insufficient_funds,1,11,11,0.136,1
pay_008137,cust_01729,1901.22,card,SBI,gateway_timeout,0,16,7,0.13,0
pay_008138,cust_00447,584.66,card,ICICI,bank_timeout,2,12,7,0.077,0
pay_008139,cust_02659,9085.41,wallet,HDFC,network_error,2,4,4,0.637,0
pay_008140,cust_02719,1851.34,card,AXIS,card_blocked,1,14,10,0.14,0
pay_008141,cust_02663,1558.16,card,HDFC,invalid_card,2,1,1,0.099,0
pay_008142,cust_02945,2452.47,upi,HDFC,bank_timeout,0,1,1,0.117,1
pay_008143,cust_00281,2421.41,wallet,AXIS,bank_timeout,1,19,6,0.185,0
pay_008144,cust_00596,912.8,upi,HDFC,network_error,0,15,15,0.185,1
pay_008145,cust_01987,5178.28,upi,ICICI,card_blocked,1,11,11,0.128,0
pay_008146,cust_02751,2058.29,upi,KOTAK,insufficient_funds,1,3,3,0.208,0
pay_008147,cust_01075,5151.26,upi,SBI,account_closed,2,8,8,0.163,0
pay_008148,cust_00210,1140.8,upi,HDFC,insufficient_funds,2,11,11,0.361,0
pay_008149,cust_00126,429.77,netbanking,AXIS,account_closed,1,1,1,0.311,0
pay_008150,cust_00492,5709.19,upi,ICICI,bank_timeout,0,7,7,0.052,1
pay_008151,cust_00970,3269.25,card,HDFC,gateway_timeout,1,13,13,0.075,1
pay_008152,cust_00581,4603.5,netbanking,KOTAK,gateway_timeout,1,10,4,0.244,1
pay_008153,cust_02825,4835.72,upi,KOTAK,card_blocked,1,7,7,0.069,0
pay_008154,cust_02306,1836.15,card,AXIS,temporary_bank_failure,0,8,8,0.241,0
pay_008155,cust_01212,1348.1,card,HDFC,gateway_timeout,2,6,1,0.429,0
pay_008156,cust_00230,1680.18,wallet,HDFC,invalid_card,2,13,3,0.386,0
pay_008157,cust_00189,2810.57,card,HDFC,account_closed,0,6,1,0.249,0
pay_008158,cust_02058,2256.64,upi,KOTAK,account_closed,2,9,4,0.101,0
pay_008159,cust_02724,418.49,card,HDFC,gateway_timeout,1,6,6,0.322,1
pay_008160,cust_00502,1644.51,upi,HDFC,card_blocked,2,14,1,0.485,0
pay_008161,cust_02133,5603.34,upi,HDFC,expired_card,2,17,12,0.251,0
pay_008162,cust_00049,1806.15,upi,HDFC,account_closed,0,12,2,0.523,0
pay_008163,cust_02886,10717.49,card,AXIS,card_blocked,0,3,3,0.262,0
pay_008164,cust_00689,838.13,card,KOTAK,network_error,1,11,11,0.113,1
pay_008165,cust_00387,2389.47,netbanking,SBI,insufficient_funds,1,19,15,0.332,0
pay_008166,cust_00970,821.99,netbanking,AXIS,insufficient_funds,2,17,13,0.125,1
pay_008167,cust_01006,911.91,upi,HDFC,invalid_card,0,6,3,0.039,0
pay_008168,cust_02266,918.72,upi,SBI,gateway_timeout,0,3,3,0.035,1
pay_008169,cust_01725,10590.83,upi,ICICI,network_error,1,7,7,0.154,0
pay_008170,cust_02005,1477.76,netbanking,SBI,invalid_card,2,19,1,0.488,0
pay_008171,cust_02303,1030.59,upi,AXIS,insufficient_funds,2,17,17,0.118,0
pay_008172,cust_02284,1804.13,netbanking,KOTAK,account_closed,0,5,5,0.082,0
pay_008173,cust_01608,1513.33,card,AXIS,expired_card,0,8,2,0.077,0
pay_008174,cust_01790,3460.47,card,KOTAK,bank_timeout,0,11,11,0.17,0
pay_008175,cust_00271,353.75,upi,KOTAK,card_blocked,0,8,7,0.546,0
pay_008176,cust_00123,842.45,card,KOTAK,insufficient_funds,1,14,11,0.224,0
pay_008177,cust_02704,3558.89,upi,ICICI,insufficient_funds,1,12,8,0.118,0
pay_008178,cust_01281,1223.04,upi,SBI,account_closed,0,2,0,0.224,0
pay_008179,cust_01445,988.35,card,AXIS,expired_card,2,2,0,0.256,0
pay_008180,cust_00259,953.59,upi,AXIS,insufficient_funds,1,18,8,0.158,0
pay_008181,cust_00948,3225.73,card,KOTAK,bank_timeout,0,12,12,0.56,0
pay_008182,cust_02095,3114.96,upi,ICICI,card_blocked,0,11,9,0.172,0
pay_008183,cust_00863,3889.73,card,ICICI,bank_timeout,2,5,5,0.112,0
pay_008184,cust_00525,713.26,netbanking,HDFC,network_error,2,17,1,0.307,0
pay_008185,cust_00888,680.31,card,ICICI,account_closed,0,8,2,0.283,0
pay_008186,cust_00208,4491.22,upi,KOTAK,insufficient_funds,1,16,9,0.286,0
pay_008187,cust_02795,2130.47,upi,KOTAK,network_error,1,11,11,0.243,0
pay_008188,cust_00149,1113.48,card,SBI,temporary_bank_failure,2,16,8,0.23,0
pay_008189,cust_00438,1594.43,upi,KOTAK,card_blocked,1,14,14,0.388,0
pay_008190,cust_02203,673.53,netbanking,SBI,insufficient_funds,1,1,1,0.124,1
pay_008191,cust_01722,1183.6,card,ICICI,gateway_timeout,1,3,3,0.166,1
pay_008192,cust_00358,2053.65,card,HDFC,account_closed,0,8,8,0.131,0
pay_008193,cust_01241,2400.85,card,AXIS,insufficient_funds,0,11,8,0.119,1
pay_008194,cust_01931,1685.9,card,KOTAK,temporary_bank_failure,1,1,1,0.152,1
pay_008195,cust_00456,1553.45,netbanking,ICICI,network_error,0,3,3,0.301,1
pay_008196,cust_02824,3250.63,card,KOTAK,invalid_card,2,11,11,0.079,1
pay_008197,cust_01633,1667.2,upi,SBI,insufficient_funds,1,1,1,0.313,0
pay_008198,cust_00629,1264.34,card,ICICI,bank_timeout,1,5,5,0.11,1
pay_008199,cust_02880,982.56,card,AXIS,insufficient_funds,2,6,6,0.482,0
pay_008200,cust_00486,439.63,card,SBI,network_error,1,17,15,0.23,1
pay_008201,cust_02581,3040.98,card,ICICI,card_blocked,1,4,4,0.357,0
pay_008202,cust_00200,5830.56,upi,AXIS,network_error,1,9,8,0.091,1
pay_008203,cust_00371,933.36,card,SBI,expired_card,2,17,12,0.339,0
pay_008204,cust_01014,654.56,netbanking,AXIS,expired_card,0,10,2,0.053,0
pay_008205,cust_01983,1098.63,upi,ICICI,expired_card,0,16,4,0.356,0
pay_008206,cust_02901,2281.13,card,SBI,gateway_timeout,1,10,7,0.12,1
pay_008207,cust_01472,1206.84,card,HDFC,bank_timeout,0,4,2,0.184,1
pay_008208,cust_00248,1190.16,card,KOTAK,card_blocked,1,5,5,0.307,0
pay_008209,cust_00788,1691.99,card,HDFC,network_error,2,13,3,0.331,1
pay_008210,cust_02312,1959.9,upi,AXIS,invalid_card,2,15,8,0.128,0
pay_008211,cust_02079,2427.46,netbanking,ICICI,bank_timeout,1,13,6,0.18,0
pay_008212,cust_01522,1427.78,netbanking,KOTAK,temporary_bank_failure,1,0,0,0.079,0
pay_008213,cust_01273,1407.59,netbanking,ICICI,insufficient_funds,1,4,4,0.072,0
pay_008214,cust_00605,388.55,card,AXIS,gateway_timeout,0,4,4,0.062,1
pay_008215,cust_01690,3822.07,card,ICICI,card_blocked,2,7,7,0.253,0
pay_008216,cust_01418,2212.54,wallet,SBI,account_closed,1,13,4,0.329,0
pay_008217,cust_01821,6056.28,upi,SBI,card_blocked,0,7,7,0.26,0
pay_008218,cust_00502,2721.36,card,AXIS,expired_card,1,8,1,0.188,0
pay_008219,cust_02934,1704.66,card,ICICI,network_error,2,19,14,0.55,0
pay_008220,cust_00549,550.7,card,AXIS,insufficient_funds,2,2,2,0.527,0
pay_008221,cust_01366,489.31,upi,KOTAK,invalid_card,2,9,5,0.099,0
pay_008222,cust_00839,4182.56,netbanking,ICICI,bank_timeout,1,15,3,0.179,0
pay_008223,cust_01431,2833.42,card,SBI,account_closed,2,10,10,0.13,0
pay_008224,cust_01449,5839.03,card,HDFC,expired_card,1,1,1,0.264,0
pay_008225,cust_00848,3808.53,card,SBI,expired_card,0,0,0,0.122,1
pay_008226,cust_00614,1343.58,card,ICICI,expired_card,0,9,9,0.113,1
pay_008227,cust_00412,287.13,upi,ICICI,account_closed,0,5,5,0.079,0
pay_008228,cust_02480,2932.52,upi,ICICI,bank_timeout,1,7,7,0.459,1
pay_008229,cust_00678,802.01,card,ICICI,gateway_timeout,2,5,5,0.319,1
pay_008230,cust_00159,1560.18,upi,KOTAK,insufficient_funds,2,1,1,0.343,0
pay_008231,cust_02062,2514.15,card,HDFC,insufficient_funds,1,7,2,0.421,0
pay_008232,cust_00373,1091.69,upi,SBI,card_blocked,0,2,2,0.134,0
pay_008233,cust_02273,934.36,upi,KOTAK,bank_timeout,0,11,11,0.025,1
pay_008234,cust_01097,1414.11,card,AXIS,account_closed,1,5,5,0.108,0
pay_008235,cust_02559,351.8,upi,ICICI,insufficient_funds,2,18,18,0.078,1
pay_008236,cust_00603,790.8,card,SBI,insufficient_funds,2,6,3,0.226,1
pay_008237,cust_00216,781.71,card,AXIS,temporary_bank_failure,2,12,7,0.125,0
pay_008238,cust_01997,1497.15,card,HDFC,expired_card,2,3,3,0.25,0
pay_008239,cust_01565,847.49,card,SBI,expired_card,0,13,1,0.232,1
pay_008240,cust_01841,1196.72,upi,KOTAK,network_error,2,3,3,0.335,0
pay_008241,cust_01963,1266.52,card,AXIS,expired_card,1,17,14,0.17,1
pay_008242,cust_02888,9918.42,upi,SBI,network_error,2,6,6,0.25,1
pay_008243,cust_00727,3346.46,netbanking,KOTAK,expired_card,0,12,12,0.143,0
pay_008244,cust_01245,1642.04,card,ICICI,insufficient_funds,2,2,2,0.127,0
pay_008245,cust_02602,2589.61,card,SBI,expired_card,2,16,2,0.393,0
pay_008246,cust_01066,3776.58,card,ICICI,bank_timeout,1,0,0,0.295,1
pay_008247,cust_00676,2276.09,card,AXIS,bank_timeout,2,10,10,0.061,1
pay_008248,cust_02921,790.68,card,AXIS,account_closed,2,18,10,0.453,0
pay_008249,cust_00283,1620.34,upi,AXIS,gateway_timeout,1,6,0,0.213,1
pay_008250,cust_01082,828.23,card,ICICI,account_closed,1,13,13,0.326,0
pay_008251,cust_02882,1389.55,upi,ICICI,bank_timeout,1,6,1,0.136,0
pay_008252,cust_02585,1592.26,card,KOTAK,invalid_card,1,10,10,0.206,1
pay_008253,cust_01909,4196.74,card,SBI,bank_timeout,0,18,3,0.377,1
pay_008254,cust_02971,957.86,card,KOTAK,insufficient_funds,2,15,11,0.03,0
pay_008255,cust_01153,898.4,card,ICICI,card_blocked,2,16,0,0.424,0
pay_008256,cust_02890,1018.87,card,SBI,bank_timeout,0,13,9,0.48,0
pay_008257,cust_00948,1110.75,upi,AXIS,temporary_bank_failure,1,14,3,0.324,0
pay_008258,cust_00665,1401.73,upi,KOTAK,insufficient_funds,2,17,1,0.241,0
pay_008259,cust_01718,2353.03,card,KOTAK,account_closed,1,11,11,0.226,0
pay_008260,cust_01149,964.79,upi,KOTAK,temporary_bank_failure,1,12,7,0.316,0
pay_008261,cust_00067,1982.1,card,ICICI,invalid_card,0,3,1,0.194,1
pay_008262,cust_02054,2001.8,card,SBI,expired_card,0,9,2,0.078,0
pay_008263,cust_00637,2815.63,netbanking,AXIS,temporary_bank_failure,1,8,8,0.475,1
pay_008264,cust_00314,1527.49,netbanking,ICICI,temporary_bank_failure,2,11,6,0.146,0
pay_008265,cust_00565,3518.07,netbanking,AXIS,network_error,1,3,3,0.059,0
pay_008266,cust_01602,2428.98,card,HDFC,expired_card,2,5,5,0.115,1
pay_008267,cust_00826,2343.37,wallet,HDFC,insufficient_funds,1,13,10,0.137,0
pay_008268,cust_02554,1163.8,upi,AXIS,network_error,1,3,3,0.123,1
pay_008269,cust_01106,2252.17,upi,HDFC,insufficient_funds,2,9,9,0.097,0
pay_008270,cust_01026,2396.66,wallet,SBI,insufficient_funds,0,4,4,0.032,1
pay_008271,cust_02252,1120.95,netbanking,SBI,bank_timeout,0,6,0,0.194,0
pay_008272,cust_00662,4700.51,upi,ICICI,card_blocked,1,6,6,0.164,0
pay_008273,cust_00805,14747.14,netbanking,AXIS,account_closed,2,9,4,0.289,0
pay_008274,cust_02452,1068.8,card,ICICI,bank_timeout,0,19,6,0.404,1
pay_008275,cust_00536,1241.22,upi,SBI,card_blocked,2,12,12,0.2,0
pay_008276,cust_01392,1266.46,card,SBI,card_blocked,0,14,6,0.205,0
pay_008277,cust_01236,634.19,wallet,SBI,bank_timeout,2,4,4,0.083,1
pay_008278,cust_02625,896.92,upi,KOTAK,network_error,1,15,12,0.196,1
pay_008279,cust_02811,3589.55,netbanking,HDFC,expired_card,2,5,5,0.012,1
pay_008280,cust_01921,1693.22,card,ICICI,card_blocked,1,3,3,0.151,0
pay_008281,cust_02165,8393.5,upi,ICICI,account_closed,0,5,5,0.135,0
pay_008282,cust_00628,1435.4,card,SBI,temporary_bank_failure,2,15,6,0.207,1
pay_008283,cust_00749,2522.69,upi,KOTAK,bank_timeout,0,18,4,0.107,1
pay_008284,cust_00105,877.05,upi,ICICI,insufficient_funds,0,5,5,0.123,0
pay_008285,cust_02543,1655.49,card,ICICI,bank_timeout,1,10,10,0.314,0
pay_008286,cust_00046,1939.64,card,KOTAK,network_error,2,13,10,0.292,0
pay_008287,cust_02871,335.87,upi,SBI,expired_card,1,14,10,0.075,1
pay_008288,cust_01355,934.52,card,KOTAK,insufficient_funds,2,0,0,0.223,0
pay_008289,cust_01240,3007.14,card,HDFC,gateway_timeout,0,3,3,0.315,1
pay_008290,cust_00982,2881.7,card,ICICI,card_blocked,0,6,6,0.045,0
pay_008291,cust_00960,666.01,card,HDFC,network_error,2,9,5,0.116,1
pay_008292,cust_01516,1354.56,netbanking,ICICI,insufficient_funds,0,0,0,0.078,1
pay_008293,cust_01837,271.59,netbanking,HDFC,insufficient_funds,0,13,9,0.252,1
pay_008294,cust_02893,1803.08,upi,ICICI,temporary_bank_failure,1,5,1,0.378,1
pay_008295,cust_02497,4955.43,card,SBI,expired_card,0,13,10,0.388,1
pay_008296,cust_02584,5130.19,upi,AXIS,account_closed,0,18,4,0.123,0
pay_008297,cust_02559,4986.33,upi,KOTAK,insufficient_funds,0,5,5,0.121,0
pay_008298,cust_01482,2756.11,upi,ICICI,invalid_card,2,19,15,0.069,0
pay_008299,cust_01560,4566.78,card,KOTAK,bank_timeout,0,19,19,0.066,1
pay_008300,cust_02588,1554.0,card,ICICI,network_error,1,5,5,0.125,0
pay_008301,cust_01508,1190.95,upi,AXIS,insufficient_funds,1,10,10,0.254,0
pay_008302,cust_02064,4502.97,card,SBI,card_blocked,1,10,5,0.271,0
pay_008303,cust_02001,2277.35,netbanking,SBI,insufficient_funds,1,16,4,0.513,1
pay_008304,cust_02291,430.01,upi,KOTAK,gateway_timeout,0,19,9,0.258,1
pay_008305,cust_01974,4785.1,card,AXIS,insufficient_funds,1,8,8,0.17,1
pay_008306,cust_00912,1516.44,upi,KOTAK,bank_timeout,2,13,13,0.176,1
pay_008307,cust_01295,1060.29,upi,SBI,expired_card,2,5,5,0.281,0
pay_008308,cust_02809,3956.53,card,HDFC,bank_timeout,0,3,3,0.293,0
pay_008309,cust_01803,3551.95,card,KOTAK,insufficient_funds,2,6,6,0.15,0
pay_008310,cust_02753,840.92,card,ICICI,expired_card,2,9,1,0.18,0
pay_008311,cust_01754,1594.52,card,SBI,gateway_timeout,0,6,1,0.134,0
pay_008312,cust_00115,874.15,card,ICICI,card_blocked,0,4,4,0.262,0
pay_008313,cust_01604,892.87,card,AXIS,network_error,1,3,3,0.261,0
pay_008314,cust_01323,164.98,card,SBI,network_error,1,14,11,0.299,0
pay_008315,cust_01861,803.36,upi,SBI,insufficient_funds,0,3,1,0.162,0
pay_008316,cust_02445,1576.69,card,KOTAK,card_blocked,2,14,13,0.188,0
pay_008317,cust_02442,187.42,card,KOTAK,gateway_timeout,0,6,6,0.039,1
pay_008318,cust_01099,603.36,card,ICICI,card_blocked,1,5,5,0.143,0
pay_008319,cust_00978,2938.46,card,KOTAK,expired_card,0,3,3,0.014,1
pay_008320,cust_01506,584.15,wallet,HDFC,invalid_card,0,18,6,0.038,0
pay_008321,cust_01127,1594.34,upi,SBI,card_blocked,2,1,1,0.511,0
pay_008322,cust_00297,481.69,netbanking,AXIS,insufficient_funds,0,14,1,0.138,0
pay_008323,cust_02226,2508.78,upi,SBI,expired_card,1,19,1,0.36,0
pay_008324,cust_02363,1393.25,upi,ICICI,insufficient_funds,0,1,1,0.058,1
pay_008325,cust_01063,867.71,wallet,KOTAK,invalid_card,2,12,12,0.273,0
pay_008326,cust_00259,217.98,card,SBI,temporary_bank_failure,0,13,13,0.123,0
pay_008327,cust_02055,884.4,upi,KOTAK,invalid_card,2,8,1,0.042,0
pay_008328,cust_02097,3077.26,upi,ICICI,expired_card,0,15,6,0.19,1
pay_008329,cust_02209,6248.19,wallet,KOTAK,insufficient_funds,2,8,6,0.12,0
pay_008330,cust_01893,1517.16,card,AXIS,bank_timeout,0,16,16,0.066,1
pay_008331,cust_00176,1668.92,upi,ICICI,invalid_card,0,2,2,0.045,1
pay_008332,cust_01001,1051.56,card,SBI,bank_timeout,0,4,4,0.382,1
pay_008333,cust_01919,4833.99,netbanking,SBI,card_blocked,0,11,4,0.114,0
pay_008334,cust_02503,1491.4,upi,AXIS,bank_timeout,0,4,4,0.18,0
pay_008335,cust_01668,3695.91,netbanking,HDFC,expired_card,1,13,1,0.233,0
pay_008336,cust_00276,2205.19,netbanking,KOTAK,temporary_bank_failure,1,16,5,0.168,1
pay_008337,cust_02546,1994.85,upi,SBI,invalid_card,0,4,3,0.123,0
pay_008338,cust_00676,799.35,upi,AXIS,insufficient_funds,2,12,12,0.021,0
pay_008339,cust_01824,7525.67,upi,KOTAK,insufficient_funds,2,14,1,0.207,0
pay_008340,cust_01052,5841.52,upi,ICICI,bank_timeout,1,16,4,0.168,0
pay_008341,cust_01357,11151.8,card,AXIS,card_blocked,1,9,7,0.064,0
pay_008342,cust_02104,750.31,card,ICICI,bank_timeout,1,15,15,0.017,1
pay_008343,cust_00547,2233.28,card,ICICI,card_blocked,2,15,6,0.189,0
pay_008344,cust_01136,958.48,wallet,ICICI,insufficient_funds,1,16,2,0.168,1
pay_008345,cust_02084,2578.41,card,KOTAK,network_error,1,6,6,0.086,1
pay_008346,cust_02041,2284.22,upi,HDFC,expired_card,1,10,10,0.152,1
pay_008347,cust_00439,1298.3,card,ICICI,expired_card,0,13,1,0.044,0
pay_008348,cust_01753,1505.84,upi,SBI,invalid_card,0,11,11,0.109,1
pay_008349,cust_01616,9629.77,card,KOTAK,bank_timeout,1,8,8,0.218,0
pay_008350,cust_01850,1622.54,upi,KOTAK,card_blocked,2,6,6,0.26,0
pay_008351,cust_02643,310.42,card,ICICI,insufficient_funds,0,13,10,0.127,1
pay_008352,cust_01601,1177.42,upi,SBI,gateway_timeout,1,15,15,0.311,1
pay_008353,cust_01664,752.79,upi,AXIS,insufficient_funds,0,9,9,0.193,0
pay_008354,cust_00307,866.26,upi,KOTAK,network_error,2,4,2,0.159,0
pay_008355,cust_00619,3189.05,upi,ICICI,network_error,1,18,11,0.185,1
pay_008356,cust_01133,3687.6,netbanking,ICICI,bank_timeout,1,6,2,0.055,0
pay_008357,cust_01396,921.09,upi,HDFC,account_closed,0,7,4,0.245,0
pay_008358,cust_02405,1163.81,card,HDFC,network_error,1,9,5,0.008,1
pay_008359,cust_02229,1034.29,card,AXIS,invalid_card,0,2,2,0.325,0
pay_008360,cust_01380,6090.49,card,AXIS,temporary_bank_failure,2,13,9,0.327,0
pay_008361,cust_01700,3776.83,card,AXIS,bank_timeout,0,19,10,0.067,0
pay_008362,cust_02116,3107.43,upi,AXIS,bank_timeout,1,2,2,0.33,1
pay_008363,cust_02340,791.84,netbanking,ICICI,account_closed,2,14,14,0.19,0
pay_008364,cust_02740,460.63,upi,ICICI,bank_timeout,2,9,9,0.07,1
pay_008365,cust_00181,4838.61,upi,ICICI,bank_timeout,2,6,6,0.122,1
pay_008366,cust_02482,8392.83,card,SBI,bank_timeout,0,18,8,0.082,0
pay_008367,cust_01488,443.52,card,AXIS,temporary_bank_failure,2,9,2,0.084,0
pay_008368,cust_00914,10863.78,netbanking,SBI,card_blocked,1,13,0,0.085,0
pay_008369,cust_01558,1661.03,card,KOTAK,account_closed,2,7,1,0.272,0
pay_008370,cust_02114,2068.42,netbanking,KOTAK,bank_timeout,2,19,1,0.486,1
pay_008371,cust_01045,629.98,card,ICICI,bank_timeout,0,0,0,0.193,1
pay_008372,cust_01636,437.11,netbanking,KOTAK,invalid_card,0,5,5,0.182,1
pay_008373,cust_02432,295.59,upi,ICICI,temporary_bank_failure,1,14,14,0.048,1
pay_008374,cust_01639,4124.33,upi,AXIS,account_closed,1,4,4,0.117,0
pay_008375,cust_01583,1692.24,netbanking,SBI,network_error,0,13,5,0.128,1
pay_008376,cust_02087,2613.97,card,ICICI,insufficient_funds,2,8,6,0.033,0
pay_008377,cust_01309,4476.04,card,HDFC,bank_timeout,0,5,5,0.373,0
pay_008378,cust_00822,1674.65,card,HDFC,account_closed,0,0,0,0.13,0
pay_008379,cust_00602,6985.37,card,AXIS,network_error,0,18,11,0.315,1
pay_008380,cust_01621,934.18,card,SBI,temporary_bank_failure,1,14,13,0.159,1
pay_008381,cust_00785,1294.54,netbanking,ICICI,insufficient_funds,1,1,1,0.172,0
pay_008382,cust_01212,878.08,card,AXIS,temporary_bank_failure,1,18,3,0.172,0
pay_008383,cust_00671,3527.71,netbanking,SBI,bank_timeout,1,16,16,0.367,1
pay_008384,cust_01267,4406.55,netbanking,HDFC,bank_timeout,2,10,5,0.45,0
pay_008385,cust_01097,1258.48,upi,ICICI,card_blocked,1,17,17,0.342,0
pay_008386,cust_02527,593.17,netbanking,SBI,temporary_bank_failure,1,13,13,0.122,0
pay_008387,cust_01998,4839.12,upi,KOTAK,temporary_bank_failure,2,18,15,0.167,0
pay_008388,cust_02609,893.73,upi,ICICI,card_blocked,2,8,3,0.136,0
pay_008389,cust_00101,1309.97,upi,KOTAK,account_closed,0,10,4,0.028,0
pay_008390,cust_02562,766.16,upi,AXIS,expired_card,2,10,9,0.26,0
pay_008391,cust_01780,2275.53,card,SBI,expired_card,2,3,3,0.324,0
pay_008392,cust_00176,976.55,card,SBI,invalid_card,1,17,8,0.355,1
pay_008393,cust_00238,3168.86,upi,SBI,network_error,1,11,11,0.103,1
pay_008394,cust_02958,1155.39,card,SBI,expired_card,1,8,5,0.059,1
pay_008395,cust_01123,2780.19,wallet,ICICI,bank_timeout,1,4,4,0.362,1
pay_008396,cust_02919,862.86,upi,KOTAK,bank_timeout,2,0,0,0.105,0
pay_008397,cust_01978,4822.32,card,KOTAK,network_error,1,8,8,0.305,1
pay_008398,cust_02543,1212.06,card,AXIS,expired_card,1,6,2,0.103,0
pay_008399,cust_02995,1943.13,card,AXIS,account_closed,0,0,0,0.296,0
pay_008400,cust_02004,699.02,card,SBI,expired_card,2,19,5,0.175,0
pay_008401,cust_01538,1784.93,card,HDFC,gateway_timeout,2,16,0,0.138,1
pay_008402,cust_00755,720.09,wallet,HDFC,insufficient_funds,2,2,2,0.287,0
pay_008403,cust_02259,1745.65,card,SBI,expired_card,0,0,0,0.191,1
pay_008404,cust_01147,837.8,upi,KOTAK,insufficient_funds,2,12,11,0.138,0
pay_008405,cust_01412,1596.74,card,AXIS,insufficient_funds,2,19,5,0.08,0
pay_008406,cust_00140,2624.74,netbanking,ICICI,network_error,1,19,7,0.236,0
pay_008407,cust_00541,603.13,upi,HDFC,insufficient_funds,2,11,11,0.068,0
pay_008408,cust_01415,1746.16,upi,AXIS,bank_timeout,1,16,4,0.453,0
pay_008409,cust_00270,2506.51,upi,HDFC,insufficient_funds,0,7,7,0.409,0
pay_008410,cust_01036,2498.03,upi,KOTAK,account_closed,1,14,13,0.174,0
pay_008411,cust_01891,8389.25,card,KOTAK,network_error,0,16,15,0.131,1
pay_008412,cust_00506,996.64,card,SBI,bank_timeout,0,1,1,0.201,0
pay_008413,cust_01130,1803.98,card,SBI,card_blocked,0,9,9,0.078,0
pay_008414,cust_02080,7318.62,upi,HDFC,account_closed,1,0,0,0.185,0
pay_008415,cust_01873,602.69,card,HDFC,temporary_bank_failure,0,12,12,0.201,1
pay_008416,cust_01093,287.71,netbanking,AXIS,network_error,1,11,0,0.103,0
pay_008417,cust_00813,2775.14,card,SBI,temporary_bank_failure,1,14,14,0.256,0
pay_008418,cust_00362,4165.45,card,KOTAK,gateway_timeout,1,9,3,0.298,0
pay_008419,cust_01457,334.28,wallet,AXIS,account_closed,0,1,1,0.13,0
pay_008420,cust_00929,1399.9,netbanking,AXIS,network_error,1,14,2,0.029,0
pay_008421,cust_00100,800.83,wallet,ICICI,expired_card,1,19,12,0.211,1
pay_008422,cust_01682,2316.33,upi,KOTAK,card_blocked,0,9,9,0.241,0
pay_008423,cust_02057,1759.74,card,AXIS,gateway_timeout,1,1,1,0.194,0
pay_008424,cust_02745,5152.09,netbanking,ICICI,bank_timeout,0,12,10,0.172,1
pay_008425,cust_01053,616.54,card,SBI,account_closed,0,9,4,0.422,0
pay_008426,cust_02510,2462.24,card,KOTAK,expired_card,0,16,1,0.253,0
pay_008427,cust_00921,2972.89,card,SBI,bank_timeout,1,15,5,0.153,1
pay_008428,cust_02438,1882.35,upi,ICICI,insufficient_funds,1,14,4,0.366,0
pay_008429,cust_00632,363.03,card,KOTAK,account_closed,2,11,0,0.082,0
pay_008430,cust_00682,2521.05,upi,HDFC,network_error,2,8,8,0.064,0
pay_008431,cust_02205,1007.75,card,HDFC,network_error,2,11,5,0.095,0
pay_008432,cust_02383,448.26,card,HDFC,network_error,0,11,11,0.244,0
pay_008433,cust_02308,2429.31,card,AXIS,card_blocked,2,18,10,0.222,0
pay_008434,cust_02130,3340.12,card,HDFC,network_error,1,16,6,0.056,0
pay_008435,cust_00754,1105.09,wallet,AXIS,network_error,0,15,15,0.394,0
pay_008436,cust_01465,3523.02,wallet,AXIS,bank_timeout,0,9,9,0.102,0
pay_008437,cust_00720,3551.43,card,ICICI,card_blocked,1,9,4,0.057,0
pay_008438,cust_00075,1782.97,netbanking,HDFC,network_error,2,19,6,0.421,0
pay_008439,cust_01294,2913.39,upi,KOTAK,expired_card,2,1,1,0.039,0
pay_008440,cust_01923,3948.49,card,AXIS,bank_timeout,1,19,1,0.098,1
pay_008441,cust_02674,2751.87,upi,ICICI,invalid_card,1,0,0,0.243,1
pay_008442,cust_00062,290.15,netbanking,AXIS,invalid_card,2,15,7,0.062,1
pay_008443,cust_00874,240.74,card,KOTAK,bank_timeout,1,9,6,0.094,0
pay_008444,cust_00320,4242.25,card,KOTAK,bank_timeout,2,14,9,0.057,1
pay_008445,cust_02150,1042.38,card,HDFC,temporary_bank_failure,1,14,13,0.464,0
pay_008446,cust_01453,1215.89,card,AXIS,temporary_bank_failure,2,5,5,0.33,1
pay_008447,cust_00874,8200.87,card,KOTAK,invalid_card,1,16,10,0.061,1
pay_008448,cust_01746,1005.31,upi,SBI,bank_timeout,0,12,0,0.016,0
pay_008449,cust_02303,1618.46,netbanking,KOTAK,expired_card,0,0,0,0.146,0
pay_008450,cust_01556,1826.17,card,KOTAK,network_error,0,17,13,0.119,1
pay_008451,cust_02618,1524.82,card,AXIS,gateway_timeout,1,1,1,0.212,1
pay_008452,cust_00112,5298.96,upi,KOTAK,bank_timeout,2,2,2,0.106,1
pay_008453,cust_00461,1339.86,card,ICICI,temporary_bank_failure,2,10,9,0.1,0
pay_008454,cust_02756,3214.67,netbanking,KOTAK,network_error,2,0,0,0.098,1
pay_008455,cust_00887,1912.58,wallet,SBI,insufficient_funds,0,5,2,0.189,0
pay_008456,cust_01116,3918.82,wallet,KOTAK,network_error,0,15,3,0.075,1
pay_008457,cust_01076,603.32,upi,HDFC,account_closed,2,14,8,0.256,0
pay_008458,cust_00520,298.02,card,AXIS,account_closed,1,8,8,0.456,0
pay_008459,cust_00812,1851.59,card,SBI,account_closed,1,11,8,0.451,0
pay_008460,cust_02284,917.86,upi,ICICI,card_blocked,2,9,8,0.325,0
pay_008461,cust_01925,5836.6,wallet,KOTAK,card_blocked,2,6,6,0.237,0
pay_008462,cust_01605,1691.8,card,KOTAK,temporary_bank_failure,1,9,4,0.242,0
pay_008463,cust_00927,2155.59,card,ICICI,temporary_bank_failure,2,6,4,0.39,0
pay_008464,cust_00557,1413.9,netbanking,KOTAK,insufficient_funds,1,5,5,0.256,0
pay_008465,cust_02697,1073.77,card,HDFC,gateway_timeout,1,12,12,0.169,1
pay_008466,cust_02282,1893.17,card,SBI,card_blocked,0,10,10,0.317,0
pay_008467,cust_01056,4071.56,netbanking,KOTAK,temporary_bank_failure,0,7,7,0.13,1
pay_008468,cust_00579,1408.01,card,ICICI,invalid_card,0,4,4,0.212,1
pay_008469,cust_00542,1331.07,card,ICICI,insufficient_funds,2,2,2,0.008,0
pay_008470,cust_02162,3442.16,upi,SBI,card_blocked,1,3,3,0.041,0
pay_008471,cust_02252,469.78,upi,HDFC,invalid_card,2,3,3,0.107,1
pay_008472,cust_01053,4678.71,card,SBI,temporary_bank_failure,2,8,4,0.075,1
pay_008473,cust_02691,948.53,card,KOTAK,network_error,2,0,0,0.044,0
pay_008474,cust_00474,3849.31,upi,HDFC,account_closed,1,14,8,0.016,0
pay_008475,cust_02745,2287.18,upi,HDFC,card_blocked,0,12,8,0.087,0
pay_008476,cust_02301,341.33,card,ICICI,account_closed,1,4,4,0.062,0
pay_008477,cust_00905,1825.3,card,HDFC,invalid_card,1,17,17,0.087,0
pay_008478,cust_01946,5174.12,upi,KOTAK,temporary_bank_failure,2,4,4,0.603,0
pay_008479,cust_00386,1418.22,upi,KOTAK,insufficient_funds,2,10,10,0.166,0
pay_008480,cust_00062,1526.29,upi,KOTAK,card_blocked,0,2,2,0.048,0
pay_008481,cust_00515,978.55,upi,AXIS,bank_timeout,1,3,1,0.126,1
pay_008482,cust_00430,4705.13,upi,HDFC,insufficient_funds,0,6,6,0.283,1
pay_008483,cust_00580,1248.46,card,HDFC,temporary_bank_failure,2,3,2,0.015,0
pay_008484,cust_01561,7579.66,netbanking,KOTAK,expired_card,2,2,2,0.131,0
pay_008485,cust_01165,4556.31,netbanking,ICICI,expired_card,0,9,9,0.101,0
pay_008486,cust_02791,5247.75,upi,HDFC,insufficient_funds,0,19,18,0.205,0
pay_008487,cust_01324,1927.81,card,AXIS,temporary_bank_failure,1,10,2,0.355,0
pay_008488,cust_02723,1225.3,upi,HDFC,network_error,0,17,14,0.212,0
pay_008489,cust_02359,2651.13,upi,SBI,invalid_card,0,0,0,0.176,0
pay_008490,cust_00471,6257.86,card,AXIS,card_blocked,1,8,8,0.35,0
pay_008491,cust_01417,7469.57,upi,ICICI,network_error,2,16,6,0.14,1
pay_008492,cust_01666,409.22,upi,AXIS,bank_timeout,1,11,6,0.262,1
pay_008493,cust_01469,15738.07,netbanking,AXIS,invalid_card,2,0,0,0.428,0
pay_008494,cust_00809,2212.14,card,HDFC,temporary_bank_failure,2,6,6,0.299,0
pay_008495,cust_00172,3372.15,card,AXIS,network_error,0,13,3,0.144,1
pay_008496,cust_02624,883.4,upi,KOTAK,insufficient_funds,0,8,3,0.455,1
pay_008497,cust_00031,836.03,netbanking,AXIS,expired_card,0,11,6,0.077,1
pay_008498,cust_00047,571.89,upi,HDFC,network_error,0,7,1,0.165,1
pay_008499,cust_00130,7065.1,upi,KOTAK,card_blocked,0,6,4,0.052,0
pay_008500,cust_02400,1042.67,card,ICICI,temporary_bank_failure,2,13,9,0.196,0
pay_008501,cust_00978,1679.89,upi,SBI,temporary_bank_failure,1,1,1,0.106,1
pay_008502,cust_01646,1420.71,wallet,AXIS,gateway_timeout,0,1,1,0.429,1
pay_008503,cust_01605,798.98,upi,KOTAK,invalid_card,2,19,2,0.189,0
pay_008504,cust_00058,1542.0,netbanking,KOTAK,account_closed,0,16,2,0.325,0
pay_008505,cust_01130,1939.76,upi,ICICI,temporary_bank_failure,1,9,9,0.242,1
pay_008506,cust_02860,4909.97,netbanking,ICICI,bank_timeout,2,4,4,0.328,0
pay_008507,cust_01354,774.89,card,SBI,network_error,1,0,0,0.089,1
pay_008508,cust_00768,1133.65,card,SBI,bank_timeout,0,4,4,0.123,1
pay_008509,cust_00683,2807.6,card,HDFC,expired_card,2,3,3,0.128,0
pay_008510,cust_02009,1874.9,upi,SBI,invalid_card,1,11,11,0.148,0
pay_008511,cust_02334,1902.74,card,SBI,gateway_timeout,0,13,4,0.256,0
pay_008512,cust_01791,831.43,upi,KOTAK,card_blocked,0,10,5,0.22,0
pay_008513,cust_01478,3370.34,netbanking,AXIS,expired_card,2,3,3,0.127,1
pay_008514,cust_00886,5602.11,upi,AXIS,gateway_timeout,0,8,7,0.069,0
pay_008515,cust_00397,5202.7,card,SBI,bank_timeout,1,2,2,0.1,1
pay_008516,cust_01539,1548.6,netbanking,HDFC,insufficient_funds,0,2,2,0.123,1
pay_008517,cust_02074,228.98,upi,HDFC,insufficient_funds,1,2,2,0.063,0
pay_008518,cust_00313,2179.79,upi,AXIS,insufficient_funds,1,6,6,0.076,0
pay_008519,cust_02174,1959.12,netbanking,ICICI,expired_card,1,0,0,0.165,0
pay_008520,cust_01589,800.72,wallet,KOTAK,network_error,1,12,12,0.302,1
pay_008521,cust_01222,936.99,upi,SBI,bank_timeout,2,3,3,0.251,0
pay_008522,cust_00811,815.3,netbanking,KOTAK,account_closed,1,11,4,0.079,0
pay_008523,cust_02236,2252.1,upi,SBI,account_closed,2,7,7,0.104,0
pay_008524,cust_02746,936.43,upi,SBI,card_blocked,2,18,14,0.323,0
pay_008525,cust_02858,2063.32,upi,AXIS,card_blocked,2,5,5,0.201,0
pay_008526,cust_02764,12103.29,upi,KOTAK,network_error,0,9,0,0.17,0
pay_008527,cust_02033,1558.26,card,KOTAK,temporary_bank_failure,1,12,3,0.041,1
pay_008528,cust_01508,714.78,upi,ICICI,account_closed,0,2,2,0.242,0
pay_008529,cust_00450,565.28,card,ICICI,card_blocked,1,8,3,0.248,0
pay_008530,cust_02571,2354.43,upi,KOTAK,bank_timeout,2,9,9,0.201,0
pay_008531,cust_01895,8976.05,upi,ICICI,gateway_timeout,0,12,2,0.272,1
pay_008532,cust_01378,878.94,netbanking,ICICI,bank_timeout,0,15,5,0.406,0
pay_008533,cust_02706,322.48,card,SBI,invalid_card,2,7,7,0.484,0
pay_008534,cust_00597,7086.68,netbanking,AXIS,invalid_card,2,10,1,0.122,0
pay_008535,cust_02148,13534.58,netbanking,SBI,invalid_card,2,1,1,0.139,0
pay_008536,cust_00616,3312.24,upi,ICICI,gateway_timeout,0,18,2,0.128,0
pay_008537,cust_00948,2551.52,upi,SBI,gateway_timeout,2,1,1,0.328,1
pay_008538,cust_01582,1907.18,card,SBI,network_error,0,5,5,0.24,1
pay_008539,cust_00556,3117.59,wallet,HDFC,temporary_bank_failure,1,15,2,0.06,0
pay_008540,cust_00278,3004.43,upi,SBI,card_blocked,2,15,14,0.231,0
pay_008541,cust_02014,2267.4,card,SBI,bank_timeout,0,6,4,0.1,1
pay_008542,cust_00491,844.0,card,AXIS,temporary_bank_failure,2,10,0,0.523,1
pay_008543,cust_00255,2257.82,upi,KOTAK,invalid_card,2,15,15,0.094,1
pay_008544,cust_02429,1671.15,card,HDFC,gateway_timeout,0,5,5,0.267,0
pay_008545,cust_00892,951.81,upi,HDFC,card_blocked,0,4,4,0.145,0
pay_008546,cust_00542,2253.61,card,HDFC,temporary_bank_failure,0,8,8,0.131,1
pay_008547,cust_01288,1225.42,upi,HDFC,account_closed,2,2,2,0.064,0
pay_008548,cust_01634,1908.72,upi,AXIS,account_closed,1,7,1,0.603,0
pay_008549,cust_00825,2605.01,netbanking,KOTAK,bank_timeout,1,7,7,0.185,1
pay_008550,cust_02927,2917.62,upi,AXIS,gateway_timeout,2,16,16,0.367,0
pay_008551,cust_01353,1249.82,upi,HDFC,temporary_bank_failure,2,5,5,0.11,0
pay_008552,cust_00281,2592.33,netbanking,KOTAK,insufficient_funds,0,11,11,0.071,0
pay_008553,cust_01299,3122.99,upi,AXIS,insufficient_funds,1,5,5,0.468,1
pay_008554,cust_00773,3940.68,netbanking,KOTAK,account_closed,1,14,7,0.199,0
pay_008555,cust_02891,2307.43,card,AXIS,network_error,1,10,10,0.187,0
pay_008556,cust_02767,2934.46,netbanking,KOTAK,network_error,0,9,9,0.334,0
pay_008557,cust_00328,1290.62,card,AXIS,bank_timeout,1,1,1,0.007,0
pay_008558,cust_02259,14207.65,netbanking,HDFC,invalid_card,0,5,3,0.184,1
pay_008559,cust_02775,1717.65,card,HDFC,card_blocked,2,18,5,0.151,0
pay_008560,cust_00923,4433.51,card,HDFC,temporary_bank_failure,0,16,14,0.32,1
pay_008561,cust_00552,1224.87,card,AXIS,bank_timeout,2,8,8,0.315,0
pay_008562,cust_02074,2440.12,card,KOTAK,network_error,1,1,1,0.22,1
pay_008563,cust_02075,2368.33,card,KOTAK,bank_timeout,2,3,3,0.11,1
pay_008564,cust_00702,2757.97,upi,ICICI,insufficient_funds,2,8,8,0.279,0
pay_008565,cust_01920,917.45,netbanking,SBI,temporary_bank_failure,2,7,7,0.148,1
pay_008566,cust_02730,2468.96,card,HDFC,account_closed,0,3,3,0.211,0
pay_008567,cust_02461,1228.69,card,HDFC,network_error,0,0,0,0.109,1
pay_008568,cust_00167,3482.71,upi,HDFC,card_blocked,0,10,3,0.151,0
pay_008569,cust_00169,895.53,card,ICICI,temporary_bank_failure,2,10,10,0.126,0
pay_008570,cust_00229,2309.35,netbanking,ICICI,account_closed,2,6,4,0.084,0
pay_008571,cust_02003,1767.56,card,ICICI,card_blocked,2,17,3,0.217,0
pay_008572,cust_00367,7973.87,upi,HDFC,card_blocked,1,7,7,0.126,0
pay_008573,cust_00528,4421.48,card,KOTAK,invalid_card,0,14,14,0.119,0
pay_008574,cust_00791,5420.8,card,HDFC,bank_timeout,1,9,0,0.152,1
pay_008575,cust_00524,975.31,upi,ICICI,bank_timeout,1,13,13,0.53,1
pay_008576,cust_01096,1330.5,card,ICICI,invalid_card,1,1,1,0.047,0
pay_008577,cust_01669,1802.17,wallet,SBI,account_closed,2,9,9,0.047,0
pay_008578,cust_02154,4517.2,upi,AXIS,network_error,0,18,17,0.06,1
pay_008579,cust_02780,2442.7,netbanking,SBI,card_blocked,1,14,0,0.162,0
pay_008580,cust_01909,992.93,wallet,SBI,insufficient_funds,0,19,6,0.142,0
pay_008581,cust_01306,1027.08,card,HDFC,bank_timeout,0,1,1,0.303,1
pay_008582,cust_00133,4693.7,netbanking,AXIS,network_error,2,16,7,0.117,0
pay_008583,cust_02582,2506.57,card,AXIS,bank_timeout,1,2,2,0.071,1
pay_008584,cust_02317,1885.54,upi,HDFC,bank_timeout,2,3,3,0.213,1
pay_008585,cust_02721,1764.62,upi,KOTAK,invalid_card,0,4,4,0.254,1
pay_008586,cust_01643,3700.85,upi,HDFC,network_error,1,11,8,0.679,0
pay_008587,cust_02839,777.82,card,KOTAK,insufficient_funds,0,18,18,0.038,0
pay_008588,cust_01889,1884.63,upi,KOTAK,expired_card,0,11,6,0.378,1
pay_008589,cust_01771,1976.92,netbanking,AXIS,account_closed,2,4,4,0.468,0
pay_008590,cust_00018,667.32,netbanking,HDFC,insufficient_funds,1,14,13,0.104,0
pay_008591,cust_01778,1531.62,upi,HDFC,insufficient_funds,2,17,17,0.098,0
pay_008592,cust_00117,11262.34,card,AXIS,card_blocked,2,18,18,0.126,0
pay_008593,cust_00798,927.04,netbanking,SBI,temporary_bank_failure,0,2,2,0.1,1
pay_008594,cust_02599,1999.86,netbanking,HDFC,network_error,1,1,1,0.03,1
pay_008595,cust_02977,343.19,card,ICICI,account_closed,1,10,10,0.137,0
pay_008596,cust_01712,1617.88,card,ICICI,bank_timeout,1,13,4,0.435,0
pay_008597,cust_00753,765.48,netbanking,HDFC,network_error,2,4,4,0.449,0
pay_008598,cust_02470,1364.5,netbanking,KOTAK,gateway_timeout,2,12,2,0.084,0
pay_008599,cust_01393,2542.58,card,AXIS,temporary_bank_failure,2,7,6,0.038,1
pay_008600,cust_02694,734.64,wallet,KOTAK,expired_card,0,5,5,0.085,0
pay_008601,cust_02606,2192.57,upi,ICICI,bank_timeout,2,11,11,0.087,1
pay_008602,cust_02098,968.92,wallet,ICICI,insufficient_funds,1,6,5,0.289,0
pay_008603,cust_00678,621.19,card,AXIS,invalid_card,0,10,5,0.226,1
pay_008604,cust_00106,3968.58,upi,ICICI,expired_card,1,7,7,0.309,0
pay_008605,cust_00658,837.88,card,SBI,expired_card,2,8,8,0.108,0
pay_008606,cust_01947,1288.11,netbanking,ICICI,network_error,1,3,3,0.244,0
pay_008607,cust_01449,1145.29,card,KOTAK,gateway_timeout,0,4,3,0.099,1
pay_008608,cust_01096,2150.61,netbanking,KOTAK,network_error,2,3,3,0.308,1
pay_008609,cust_00988,1855.37,card,SBI,insufficient_funds,0,11,11,0.454,0
pay_008610,cust_02890,1584.17,upi,KOTAK,insufficient_funds,2,17,12,0.177,0
pay_008611,cust_01809,1025.58,upi,KOTAK,expired_card,0,14,0,0.07,1
pay_008612,cust_01783,1462.29,card,KOTAK,account_closed,0,7,0,0.073,0
pay_008613,cust_00446,2287.18,card,HDFC,bank_timeout,1,10,10,0.131,0
pay_008614,cust_01949,1986.87,card,SBI,gateway_timeout,2,13,4,0.101,0
pay_008615,cust_02118,4435.59,upi,SBI,insufficient_funds,2,6,6,0.181,0
pay_008616,cust_01998,3328.94,upi,ICICI,insufficient_funds,2,15,6,0.01,1
pay_008617,cust_02198,4381.61,card,SBI,bank_timeout,0,7,3,0.331,1
pay_008618,cust_00774,5338.64,card,AXIS,network_error,1,10,1,0.141,0
pay_008619,cust_01562,2099.95,upi,SBI,account_closed,1,0,0,0.453,0
pay_008620,cust_01676,3579.21,card,AXIS,insufficient_funds,2,16,3,0.327,0
pay_008621,cust_01123,2365.05,card,KOTAK,gateway_timeout,2,6,1,0.074,0
pay_008622,cust_01302,5226.05,upi,AXIS,account_closed,0,17,0,0.076,0
pay_008623,cust_01587,444.13,upi,HDFC,bank_timeout,0,11,11,0.23,1
pay_008624,cust_01687,1404.66,upi,KOTAK,card_blocked,0,19,7,0.042,0
pay_008625,cust_00944,2510.05,card,AXIS,bank_timeout,1,4,4,0.094,0
pay_008626,cust_00455,2852.55,card,KOTAK,insufficient_funds,0,5,5,0.194,0
pay_008627,cust_01128,1782.71,netbanking,HDFC,insufficient_funds,0,1,1,0.039,1
pay_008628,cust_00946,478.19,netbanking,KOTAK,expired_card,0,11,3,0.168,1
pay_008629,cust_00601,1568.62,upi,KOTAK,bank_timeout,2,10,6,0.416,0
pay_008630,cust_02701,3473.66,card,SBI,insufficient_funds,0,3,3,0.182,0
pay_008631,cust_00725,1404.56,upi,ICICI,bank_timeout,2,6,6,0.239,1
pay_008632,cust_02281,1946.91,netbanking,AXIS,network_error,1,4,2,0.047,1
pay_008633,cust_01418,8376.95,upi,ICICI,network_error,1,10,10,0.27,0
pay_008634,cust_01525,1556.97,netbanking,HDFC,insufficient_funds,2,15,3,0.19,0
pay_008635,cust_00251,1594.15,card,HDFC,gateway_timeout,2,9,9,0.358,0
pay_008636,cust_01545,2111.89,upi,KOTAK,bank_timeout,0,8,2,0.266,0
pay_008637,cust_00079,2186.44,upi,ICICI,temporary_bank_failure,0,5,5,0.099,0
pay_008638,cust_00898,2013.63,upi,AXIS,bank_timeout,1,12,12,0.251,1
pay_008639,cust_02969,2476.4,upi,AXIS,expired_card,1,3,0,0.172,0
pay_008640,cust_00781,697.81,upi,KOTAK,insufficient_funds,1,10,10,0.129,1
pay_008641,cust_00226,1640.96,netbanking,AXIS,gateway_timeout,1,10,10,0.152,1
pay_008642,cust_01075,676.75,netbanking,SBI,card_blocked,0,15,11,0.18,0
pay_008643,cust_01210,1890.83,card,ICICI,insufficient_funds,0,19,15,0.2,0
pay_008644,cust_01058,2932.65,upi,HDFC,account_closed,1,18,1,0.199,0
pay_008645,cust_00803,1618.16,netbanking,AXIS,insufficient_funds,0,5,5,0.006,1
pay_008646,cust_00742,847.7,card,AXIS,gateway_timeout,0,16,2,0.396,1
pay_008647,cust_02179,1280.83,card,AXIS,insufficient_funds,2,17,11,0.061,0
pay_008648,cust_02680,7637.36,card,KOTAK,network_error,2,3,3,0.309,1
pay_008649,cust_02886,5766.14,card,HDFC,expired_card,1,17,4,0.142,0
pay_008650,cust_02807,1171.72,netbanking,ICICI,card_blocked,1,10,0,0.242,0
pay_008651,cust_00704,1167.07,card,AXIS,network_error,1,11,11,0.035,1
pay_008652,cust_02545,1657.35,upi,SBI,temporary_bank_failure,1,9,7,0.272,1
pay_008653,cust_01427,4874.35,card,KOTAK,gateway_timeout,1,2,2,0.369,0
pay_008654,cust_02371,445.52,card,ICICI,insufficient_funds,0,14,13,0.074,0
pay_008655,cust_00615,1159.64,netbanking,AXIS,expired_card,2,17,10,0.227,0
pay_008656,cust_00329,2512.55,upi,ICICI,bank_timeout,2,15,11,0.22,1
pay_008657,cust_01396,2290.91,card,KOTAK,temporary_bank_failure,2,6,6,0.112,0
pay_008658,cust_01484,1284.19,wallet,SBI,insufficient_funds,0,10,7,0.183,0
pay_008659,cust_00133,1477.59,upi,AXIS,insufficient_funds,0,9,9,0.405,0
pay_008660,cust_00835,2356.11,upi,SBI,insufficient_funds,0,8,2,0.088,1
pay_008661,cust_02699,1302.03,upi,KOTAK,gateway_timeout,2,19,5,0.053,0
pay_008662,cust_00121,772.2,card,SBI,expired_card,2,17,17,0.112,1
pay_008663,cust_02654,1558.81,upi,KOTAK,network_error,2,12,12,0.224,0
pay_008664,cust_01476,2103.77,upi,SBI,temporary_bank_failure,2,9,9,0.176,1
pay_008665,cust_00965,330.45,card,ICICI,gateway_timeout,2,11,11,0.108,1
pay_008666,cust_00129,2474.46,upi,ICICI,expired_card,0,12,12,0.143,0
pay_008667,cust_01599,3941.59,card,KOTAK,bank_timeout,0,4,4,0.041,1
pay_008668,cust_02077,1358.58,upi,ICICI,bank_timeout,2,11,11,0.077,0
pay_008669,cust_02770,1378.44,card,SBI,invalid_card,0,3,3,0.145,1
pay_008670,cust_01548,1001.51,netbanking,SBI,network_error,2,2,2,0.191,1
pay_008671,cust_00333,1600.53,netbanking,AXIS,card_blocked,2,13,13,0.315,0
pay_008672,cust_01154,1156.86,card,KOTAK,card_blocked,2,2,2,0.176,0
pay_008673,cust_01317,5756.5,netbanking,ICICI,expired_card,0,1,1,0.248,1
pay_008674,cust_01197,1997.57,upi,KOTAK,expired_card,1,7,5,0.067,1
pay_008675,cust_02992,324.4,upi,ICICI,expired_card,1,6,6,0.038,1
pay_008676,cust_01430,2853.86,netbanking,AXIS,network_error,1,1,1,0.191,1
pay_008677,cust_00356,7153.18,card,SBI,insufficient_funds,1,17,9,0.189,0
pay_008678,cust_00139,2716.92,card,SBI,invalid_card,1,16,16,0.216,0
pay_008679,cust_01527,4684.49,card,HDFC,invalid_card,0,13,1,0.25,0
pay_008680,cust_01198,3108.03,upi,KOTAK,account_closed,2,11,11,0.261,0
pay_008681,cust_00029,3994.95,card,ICICI,account_closed,1,17,12,0.101,0
pay_008682,cust_00931,3842.33,upi,HDFC,network_error,1,16,16,0.269,1
pay_008683,cust_02544,3877.72,card,KOTAK,expired_card,1,15,15,0.129,1
pay_008684,cust_01014,2329.34,upi,ICICI,expired_card,2,9,1,0.148,0
pay_008685,cust_02703,458.51,card,AXIS,account_closed,1,3,1,0.187,0
pay_008686,cust_00828,756.4,card,KOTAK,network_error,0,1,1,0.146,0
pay_008687,cust_00351,767.57,card,ICICI,invalid_card,2,4,4,0.047,1
pay_008688,cust_02602,239.73,upi,SBI,gateway_timeout,2,13,9,0.338,1
pay_008689,cust_02025,1276.9,netbanking,KOTAK,gateway_timeout,2,9,3,0.096,0
pay_008690,cust_00299,5610.41,card,ICICI,bank_timeout,2,7,3,0.127,0
pay_008691,cust_01744,573.01,upi,SBI,card_blocked,1,0,0,0.09,0
pay_008692,cust_01866,3237.19,netbanking,SBI,expired_card,1,8,1,0.019,0
pay_008693,cust_01216,2760.82,wallet,HDFC,insufficient_funds,0,4,4,0.136,1
pay_008694,cust_01696,2173.24,upi,ICICI,network_error,1,8,8,0.139,1
pay_008695,cust_02112,4656.71,card,HDFC,expired_card,2,8,8,0.219,0
pay_008696,cust_00755,1749.26,card,HDFC,card_blocked,0,17,2,0.041,0
pay_008697,cust_00770,6107.18,card,AXIS,network_error,1,4,3,0.106,0
pay_008698,cust_01239,1541.34,upi,HDFC,card_blocked,2,15,8,0.275,0
pay_008699,cust_00834,2379.61,upi,HDFC,gateway_timeout,0,1,1,0.172,1
pay_008700,cust_02214,1614.4,upi,AXIS,card_blocked,0,3,3,0.073,0
pay_008701,cust_01907,863.47,card,AXIS,expired_card,1,17,9,0.079,1
pay_008702,cust_01565,615.68,card,KOTAK,temporary_bank_failure,2,4,4,0.314,0
pay_008703,cust_01219,2864.63,wallet,HDFC,gateway_timeout,1,7,7,0.322,1
pay_008704,cust_00506,5312.56,wallet,SBI,temporary_bank_failure,0,11,11,0.182,1
pay_008705,cust_01358,2198.04,upi,AXIS,temporary_bank_failure,2,13,5,0.287,0
pay_008706,cust_02841,2727.56,card,ICICI,expired_card,0,16,10,0.348,1
pay_008707,cust_02881,521.41,wallet,KOTAK,bank_timeout,0,11,10,0.424,1
pay_008708,cust_01461,2460.71,card,KOTAK,card_blocked,2,1,1,0.202,0
pay_008709,cust_02906,342.52,upi,HDFC,invalid_card,1,3,3,0.159,0
pay_008710,cust_01417,694.74,card,SBI,card_blocked,0,10,10,0.185,0
pay_008711,cust_02854,5257.2,upi,AXIS,expired_card,2,11,11,0.151,0
pay_008712,cust_01173,1827.89,upi,ICICI,insufficient_funds,1,18,5,0.022,0
pay_008713,cust_00761,1967.79,netbanking,HDFC,network_error,1,1,1,0.226,1
pay_008714,cust_00833,2815.91,upi,SBI,insufficient_funds,0,9,5,0.225,0
pay_008715,cust_01429,3423.79,netbanking,HDFC,expired_card,2,9,9,0.159,0
pay_008716,cust_00283,1455.84,upi,HDFC,account_closed,1,1,1,0.158,0
pay_008717,cust_00379,2285.49,upi,KOTAK,temporary_bank_failure,2,18,13,0.151,0
pay_008718,cust_00198,1710.24,card,ICICI,insufficient_funds,1,19,8,0.171,0
pay_008719,cust_00556,530.81,card,ICICI,insufficient_funds,2,3,2,0.311,1
pay_008720,cust_00356,1361.57,upi,ICICI,insufficient_funds,2,17,14,0.341,0
pay_008721,cust_01564,2516.03,netbanking,ICICI,bank_timeout,2,19,6,0.102,0
pay_008722,cust_01041,1328.78,card,AXIS,insufficient_funds,0,17,6,0.063,0
pay_008723,cust_02687,1338.46,card,AXIS,invalid_card,1,13,13,0.101,0
pay_008724,cust_00379,3380.43,card,ICICI,invalid_card,1,19,1,0.202,1
pay_008725,cust_00680,2056.78,netbanking,SBI,insufficient_funds,0,12,12,0.321,1
pay_008726,cust_02554,2395.87,card,AXIS,card_blocked,1,14,13,0.087,0
pay_008727,cust_01780,492.86,card,AXIS,account_closed,1,14,4,0.136,0
pay_008728,cust_00899,2588.04,card,SBI,invalid_card,0,19,0,0.217,0
pay_008729,cust_00076,744.9,card,ICICI,insufficient_funds,0,3,3,0.103,1
pay_008730,cust_00231,1772.92,upi,HDFC,insufficient_funds,0,14,11,0.152,0
pay_008731,cust_01740,772.35,wallet,AXIS,network_error,2,13,13,0.27,1
pay_008732,cust_00962,3813.64,card,HDFC,insufficient_funds,0,6,1,0.252,0
pay_008733,cust_02350,7814.11,card,HDFC,insufficient_funds,2,16,12,0.155,0
pay_008734,cust_02774,1606.7,netbanking,SBI,network_error,1,8,8,0.378,1
pay_008735,cust_02263,1594.78,netbanking,ICICI,card_blocked,0,3,3,0.268,0
pay_008736,cust_02117,4124.09,card,HDFC,network_error,0,17,1,0.183,1
pay_008737,cust_00393,2856.95,card,ICICI,bank_timeout,0,12,7,0.207,0
pay_008738,cust_01109,1707.82,wallet,KOTAK,insufficient_funds,0,14,14,0.094,1
pay_008739,cust_00267,2427.38,upi,ICICI,expired_card,1,3,3,0.051,0
pay_008740,cust_01093,9171.45,netbanking,SBI,network_error,2,17,17,0.012,0
pay_008741,cust_00611,1056.27,card,SBI,network_error,1,9,1,0.108,1
pay_008742,cust_01371,1131.49,upi,KOTAK,network_error,2,6,1,0.181,0
pay_008743,cust_01009,3414.3,upi,SBI,temporary_bank_failure,1,5,5,0.41,1
pay_008744,cust_00962,9798.14,netbanking,ICICI,network_error,1,12,5,0.105,1
pay_008745,cust_02776,2083.43,wallet,ICICI,insufficient_funds,1,17,7,0.213,0
pay_008746,cust_00673,460.52,card,ICICI,bank_timeout,0,8,8,0.256,1
pay_008747,cust_02471,2470.82,upi,SBI,bank_timeout,0,10,5,0.193,1
pay_008748,cust_01701,1188.02,card,ICICI,expired_card,2,15,15,0.278,1
pay_008749,cust_02163,2646.33,netbanking,AXIS,gateway_timeout,1,7,7,0.191,0
pay_008750,cust_02268,609.44,upi,KOTAK,temporary_bank_failure,0,4,4,0.437,1
pay_008751,cust_00031,555.22,netbanking,AXIS,bank_timeout,1,14,14,0.086,1
pay_008752,cust_01367,1425.82,card,ICICI,temporary_bank_failure,1,1,1,0.052,0
pay_008753,cust_01401,6780.46,card,SBI,account_closed,2,4,4,0.059,0
pay_008754,cust_01154,603.48,card,KOTAK,temporary_bank_failure,2,9,4,0.307,1
pay_008755,cust_00617,1399.29,card,AXIS,card_blocked,1,18,5,0.138,0
pay_008756,cust_00539,560.57,card,ICICI,gateway_timeout,1,13,10,0.399,1
pay_008757,cust_02787,2279.92,netbanking,SBI,insufficient_funds,1,12,6,0.15,0
pay_008758,cust_00871,2158.57,upi,ICICI,invalid_card,2,13,13,0.397,0
pay_008759,cust_00101,578.75,upi,AXIS,card_blocked,2,3,3,0.187,0
pay_008760,cust_01413,5065.38,netbanking,AXIS,gateway_timeout,0,6,6,0.26,1
pay_008761,cust_02740,388.48,netbanking,KOTAK,bank_timeout,2,17,14,0.162,0
pay_008762,cust_00941,6381.52,upi,SBI,insufficient_funds,1,5,5,0.219,0
pay_008763,cust_00341,5429.35,card,HDFC,insufficient_funds,1,14,5,0.052,0
pay_008764,cust_02909,2309.16,card,ICICI,card_blocked,2,10,3,0.03,0
pay_008765,cust_01044,3702.96,upi,SBI,gateway_timeout,0,16,16,0.466,1
pay_008766,cust_00038,1567.93,upi,HDFC,bank_timeout,2,9,9,0.299,1
pay_008767,cust_00660,527.26,upi,SBI,expired_card,2,15,3,0.221,0
pay_008768,cust_02034,2184.6,upi,ICICI,bank_timeout,1,18,0,0.126,0
pay_008769,cust_01561,514.54,netbanking,ICICI,gateway_timeout,1,10,2,0.098,1
pay_008770,cust_01657,1792.37,netbanking,KOTAK,gateway_timeout,0,6,4,0.095,1
pay_008771,cust_02976,672.18,wallet,AXIS,network_error,1,13,13,0.351,1
pay_008772,cust_01050,3945.5,netbanking,AXIS,card_blocked,0,0,0,0.135,0
pay_008773,cust_00454,2450.71,card,AXIS,gateway_timeout,2,16,3,0.522,0
pay_008774,cust_01705,3110.83,card,KOTAK,account_closed,0,12,4,0.089,0
pay_008775,cust_01347,2373.77,card,AXIS,insufficient_funds,2,7,7,0.095,0
pay_008776,cust_02785,8140.86,upi,SBI,account_closed,2,18,6,0.367,0
pay_008777,cust_00819,4096.63,upi,AXIS,insufficient_funds,1,7,7,0.357,1
pay_008778,cust_00773,7064.92,card,AXIS,card_blocked,2,16,7,0.023,0
pay_008779,cust_00013,880.03,netbanking,ICICI,expired_card,2,4,4,0.014,0
pay_008780,cust_02963,1171.37,card,KOTAK,network_error,0,10,10,0.205,1
pay_008781,cust_00921,260.17,netbanking,KOTAK,bank_timeout,1,13,9,0.22,1
pay_008782,cust_00825,1320.93,upi,AXIS,card_blocked,1,9,9,0.132,0
pay_008783,cust_02419,1757.35,card,HDFC,expired_card,1,11,7,0.151,1
pay_008784,cust_01315,2559.2,card,ICICI,bank_timeout,2,2,2,0.255,1
pay_008785,cust_02380,1182.33,card,AXIS,invalid_card,2,8,3,0.098,0
pay_008786,cust_02309,3258.82,card,HDFC,network_error,0,10,10,0.027,1
pay_008787,cust_02018,3081.2,upi,SBI,invalid_card,1,8,1,0.388,0
pay_008788,cust_01229,1237.86,card,ICICI,insufficient_funds,1,0,0,0.263,0
pay_008789,cust_00697,839.88,netbanking,KOTAK,bank_timeout,2,17,5,0.115,0
pay_008790,cust_02735,1905.93,card,HDFC,bank_timeout,0,2,2,0.159,1
pay_008791,cust_00950,1957.57,card,AXIS,insufficient_funds,2,13,2,0.113,0
pay_008792,cust_02435,1111.88,netbanking,HDFC,card_blocked,1,3,3,0.167,0
pay_008793,cust_02869,1469.43,upi,KOTAK,insufficient_funds,2,4,4,0.17,0
pay_008794,cust_02516,581.56,upi,SBI,invalid_card,0,9,9,0.279,1
pay_008795,cust_01439,3111.44,card,HDFC,insufficient_funds,0,4,4,0.092,1
pay_008796,cust_00069,3151.98,card,AXIS,gateway_timeout,2,2,2,0.264,1
pay_008797,cust_01782,1880.31,card,HDFC,account_closed,1,19,4,0.164,0
pay_008798,cust_02248,3335.58,upi,SBI,insufficient_funds,2,8,2,0.279,0
pay_008799,cust_02264,2008.06,card,HDFC,bank_timeout,2,11,6,0.187,0
pay_008800,cust_01970,6588.05,upi,SBI,temporary_bank_failure,0,1,1,0.072,1
pay_008801,cust_00212,640.9,netbanking,SBI,insufficient_funds,2,10,2,0.108,0
pay_008802,cust_00508,2124.8,card,ICICI,gateway_timeout,0,0,0,0.219,1
pay_008803,cust_02064,3724.47,netbanking,ICICI,temporary_bank_failure,0,15,12,0.3,1
pay_008804,cust_01522,5965.09,card,AXIS,expired_card,2,2,2,0.191,0
pay_008805,cust_02932,3408.61,netbanking,AXIS,expired_card,0,12,1,0.208,0
pay_008806,cust_00332,788.09,netbanking,AXIS,temporary_bank_failure,2,14,7,0.198,0
pay_008807,cust_02765,481.05,card,SBI,temporary_bank_failure,1,0,0,0.117,1
pay_008808,cust_00551,1578.29,wallet,SBI,invalid_card,1,15,11,0.124,0
pay_008809,cust_01625,2414.81,card,ICICI,card_blocked,0,14,14,0.265,0
pay_008810,cust_00942,3849.84,card,SBI,temporary_bank_failure,1,5,5,0.295,1
pay_008811,cust_02304,752.67,upi,ICICI,temporary_bank_failure,1,14,11,0.435,0
pay_008812,cust_00728,2947.14,wallet,HDFC,network_error,2,19,9,0.366,0
pay_008813,cust_00880,212.28,netbanking,AXIS,bank_timeout,2,17,2,0.096,0
pay_008814,cust_02863,1000.65,card,AXIS,gateway_timeout,1,16,5,0.24,1
pay_008815,cust_00649,3598.32,upi,KOTAK,insufficient_funds,1,13,13,0.24,0
pay_008816,cust_01000,697.17,card,ICICI,insufficient_funds,2,17,13,0.171,1
pay_008817,cust_01522,747.8,upi,KOTAK,expired_card,2,16,2,0.046,0
pay_008818,cust_02519,1187.57,upi,AXIS,bank_timeout,1,0,0,0.216,1
pay_008819,cust_02738,2083.06,card,KOTAK,insufficient_funds,0,13,13,0.053,0
pay_008820,cust_01613,740.85,upi,HDFC,network_error,2,6,6,0.086,1
pay_008821,cust_02748,1761.94,netbanking,KOTAK,network_error,2,0,0,0.082,0
pay_008822,cust_02555,1279.54,upi,HDFC,invalid_card,1,2,2,0.171,0
pay_008823,cust_01010,4565.78,netbanking,AXIS,network_error,1,10,10,0.171,1
pay_008824,cust_01551,1227.8,card,SBI,temporary_bank_failure,0,17,10,0.076,1
pay_008825,cust_00804,1849.5,wallet,ICICI,expired_card,2,13,4,0.252,0
pay_008826,cust_02879,2065.38,card,KOTAK,expired_card,1,2,0,0.132,0
pay_008827,cust_00214,1292.34,upi,HDFC,bank_timeout,1,1,1,0.178,1
pay_008828,cust_00169,3346.8,upi,AXIS,bank_timeout,0,19,17,0.516,1
pay_008829,cust_00978,3952.45,netbanking,AXIS,expired_card,0,14,13,0.183,1
pay_008830,cust_01329,1222.71,card,SBI,card_blocked,2,6,4,0.285,0
pay_008831,cust_00146,2285.86,card,AXIS,card_blocked,1,12,4,0.142,0
pay_008832,cust_01799,860.9,upi,AXIS,card_blocked,1,3,3,0.285,0
pay_008833,cust_00516,2838.53,card,SBI,temporary_bank_failure,2,7,7,0.179,1
pay_008834,cust_00453,2178.21,upi,AXIS,network_error,0,1,1,0.07,1
pay_008835,cust_00060,1351.33,card,HDFC,bank_timeout,2,12,8,0.252,0
pay_008836,cust_00528,2354.18,card,KOTAK,temporary_bank_failure,2,3,3,0.276,1
pay_008837,cust_01024,2905.28,card,KOTAK,temporary_bank_failure,2,12,0,0.232,1
pay_008838,cust_02522,4838.26,card,HDFC,insufficient_funds,0,15,5,0.198,0
pay_008839,cust_01565,2484.9,netbanking,KOTAK,temporary_bank_failure,0,11,6,0.328,1
pay_008840,cust_02805,3680.22,upi,AXIS,network_error,1,12,11,0.091,1
pay_008841,cust_02830,8298.95,upi,KOTAK,insufficient_funds,1,0,0,0.308,0
pay_008842,cust_01103,790.63,card,KOTAK,temporary_bank_failure,2,2,2,0.22,0
pay_008843,cust_00433,4614.96,card,AXIS,temporary_bank_failure,1,2,2,0.091,1
pay_008844,cust_01177,894.87,card,KOTAK,insufficient_funds,0,11,11,0.075,1
pay_008845,cust_00401,1021.72,card,AXIS,bank_timeout,1,3,3,0.565,1
pay_008846,cust_02105,1791.06,netbanking,SBI,invalid_card,1,0,0,0.089,1
pay_008847,cust_02234,1078.34,wallet,SBI,card_blocked,0,16,2,0.114,0
pay_008848,cust_02446,943.33,netbanking,KOTAK,insufficient_funds,1,19,11,0.084,0
pay_008849,cust_00605,1722.75,upi,SBI,insufficient_funds,0,8,8,0.253,0
pay_008850,cust_02836,1384.92,upi,KOTAK,gateway_timeout,1,4,4,0.14,1
pay_008851,cust_02206,1061.84,netbanking,SBI,card_blocked,1,2,2,0.387,0
pay_008852,cust_01811,843.79,upi,KOTAK,bank_timeout,2,6,6,0.267,1
pay_008853,cust_01464,5654.01,upi,ICICI,account_closed,1,2,2,0.252,0
pay_008854,cust_02637,692.18,upi,HDFC,expired_card,2,4,4,0.244,1
pay_008855,cust_02514,1581.07,upi,SBI,invalid_card,1,11,2,0.172,1
pay_008856,cust_02494,4421.96,upi,AXIS,card_blocked,2,2,2,0.078,0
pay_008857,cust_01774,3455.21,upi,HDFC,insufficient_funds,1,0,0,0.028,0
pay_008858,cust_02849,2179.76,upi,KOTAK,temporary_bank_failure,0,2,2,0.212,1
pay_008859,cust_01554,1097.83,netbanking,HDFC,invalid_card,1,15,15,0.165,0
pay_008860,cust_01097,1781.12,card,AXIS,account_closed,0,17,12,0.233,0
pay_008861,cust_00929,735.64,upi,AXIS,expired_card,0,2,2,0.303,1
pay_008862,cust_01952,1439.27,card,KOTAK,account_closed,2,4,4,0.154,0
pay_008863,cust_01974,1421.95,netbanking,SBI,invalid_card,0,4,4,0.11,1
pay_008864,cust_02065,1536.15,card,SBI,card_blocked,0,8,8,0.048,0
pay_008865,cust_01555,962.56,card,ICICI,insufficient_funds,2,11,11,0.064,1
pay_008866,cust_02779,465.59,netbanking,AXIS,gateway_timeout,1,15,6,0.177,1
pay_008867,cust_00326,4922.06,upi,ICICI,expired_card,1,8,7,0.374,1
pay_008868,cust_00995,4120.85,card,AXIS,bank_timeout,0,17,4,0.048,0
pay_008869,cust_00613,3639.94,card,ICICI,insufficient_funds,2,10,10,0.261,0
pay_008870,cust_02594,2447.29,wallet,SBI,invalid_card,1,16,11,0.082,0
pay_008871,cust_00596,2072.04,card,AXIS,network_error,2,0,0,0.095,0
pay_008872,cust_00921,1038.0,card,SBI,gateway_timeout,2,2,2,0.536,0
pay_008873,cust_00842,1130.64,upi,HDFC,temporary_bank_failure,0,4,2,0.18,0
pay_008874,cust_01226,5792.3,upi,SBI,temporary_bank_failure,2,0,0,0.192,1
pay_008875,cust_00344,6948.81,upi,AXIS,expired_card,0,14,14,0.157,0
pay_008876,cust_01877,1559.62,upi,HDFC,insufficient_funds,2,16,15,0.325,0
pay_008877,cust_00859,1813.5,netbanking,ICICI,invalid_card,0,3,2,0.249,0
pay_008878,cust_01424,3248.2,netbanking,KOTAK,bank_timeout,1,13,13,0.205,1
pay_008879,cust_00445,1948.42,upi,AXIS,insufficient_funds,2,1,0,0.13,1
pay_008880,cust_01789,2069.84,card,KOTAK,bank_timeout,0,3,3,0.146,1
pay_008881,cust_00222,1723.58,upi,KOTAK,network_error,1,4,4,0.226,0
pay_008882,cust_00592,853.83,upi,HDFC,invalid_card,0,6,5,0.362,0
pay_008883,cust_01031,1341.56,upi,ICICI,bank_timeout,0,3,3,0.282,0
pay_008884,cust_01296,1624.68,card,SBI,bank_timeout,0,7,7,0.113,1
pay_008885,cust_01018,240.79,upi,HDFC,gateway_timeout,0,10,5,0.096,1
pay_008886,cust_02064,1939.16,netbanking,ICICI,invalid_card,0,7,7,0.091,1
pay_008887,cust_01448,11591.79,card,SBI,expired_card,2,3,3,0.253,0
pay_008888,cust_02046,1282.42,upi,SBI,invalid_card,1,10,10,0.072,0
pay_008889,cust_00524,1856.6,upi,ICICI,bank_timeout,1,11,4,0.091,0
pay_008890,cust_02851,922.98,card,SBI,insufficient_funds,1,1,1,0.5,0
pay_008891,cust_02069,753.61,upi,AXIS,insufficient_funds,2,14,14,0.189,0
pay_008892,cust_02276,1410.82,card,AXIS,account_closed,0,13,12,0.361,0
pay_008893,cust_01809,2992.41,upi,HDFC,invalid_card,2,18,12,0.217,0
pay_008894,cust_01312,1499.67,upi,SBI,gateway_timeout,0,16,16,0.152,1
pay_008895,cust_02857,1340.42,upi,SBI,insufficient_funds,2,15,7,0.365,0
pay_008896,cust_01307,2687.8,card,ICICI,gateway_timeout,1,4,4,0.123,1
pay_008897,cust_02452,2121.92,card,AXIS,gateway_timeout,2,19,14,0.048,1
pay_008898,cust_01090,2260.68,upi,KOTAK,expired_card,0,0,0,0.179,1
pay_008899,cust_01673,4685.54,card,HDFC,network_error,1,9,3,0.01,1
pay_008900,cust_00437,4237.41,card,AXIS,temporary_bank_failure,1,6,6,0.119,1
pay_008901,cust_00829,5982.49,card,ICICI,temporary_bank_failure,0,9,9,0.382,1
pay_008902,cust_02982,685.22,upi,HDFC,invalid_card,0,15,15,0.032,1
pay_008903,cust_00259,3589.63,netbanking,KOTAK,card_blocked,2,4,4,0.122,0
pay_008904,cust_02004,6745.69,wallet,HDFC,gateway_timeout,0,18,18,0.351,1
pay_008905,cust_01990,489.74,card,AXIS,bank_timeout,0,5,5,0.037,1
pay_008906,cust_00103,1779.21,card,KOTAK,bank_timeout,0,11,11,0.296,1
pay_008907,cust_00993,1170.73,upi,ICICI,gateway_timeout,1,5,5,0.115,1
pay_008908,cust_00769,1773.18,netbanking,HDFC,gateway_timeout,0,9,9,0.041,1
pay_008909,cust_01125,4525.95,card,AXIS,bank_timeout,1,9,0,0.171,1
pay_008910,cust_01222,591.94,card,ICICI,invalid_card,1,12,3,0.199,0
pay_008911,cust_02861,2199.51,card,KOTAK,insufficient_funds,1,18,1,0.143,0
pay_008912,cust_02274,1150.91,upi,HDFC,bank_timeout,0,16,7,0.105,1
pay_008913,cust_02991,4638.35,card,SBI,bank_timeout,0,15,1,0.024,0
pay_008914,cust_02511,2531.96,wallet,AXIS,gateway_timeout,1,3,3,0.214,1
pay_008915,cust_00237,1593.68,upi,AXIS,bank_timeout,2,19,9,0.132,0
pay_008916,cust_01145,1017.91,card,SBI,insufficient_funds,2,2,2,0.401,0
pay_008917,cust_02554,15158.82,card,ICICI,gateway_timeout,2,4,4,0.16,1
pay_008918,cust_02862,2261.79,card,AXIS,card_blocked,0,12,3,0.151,0
pay_008919,cust_00767,580.59,upi,ICICI,gateway_timeout,1,13,3,0.19,0
pay_008920,cust_02682,945.21,upi,KOTAK,insufficient_funds,0,8,0,0.212,1
pay_008921,cust_00991,2515.16,card,SBI,account_closed,1,8,3,0.26,0
pay_008922,cust_02666,1008.26,upi,ICICI,temporary_bank_failure,2,7,0,0.083,0
pay_008923,cust_01760,1112.53,upi,KOTAK,insufficient_funds,0,9,3,0.111,1
pay_008924,cust_02321,3978.82,card,HDFC,bank_timeout,2,19,3,0.02,0
pay_008925,cust_02280,3706.81,card,AXIS,gateway_timeout,1,17,0,0.287,1
pay_008926,cust_02816,1144.86,card,SBI,gateway_timeout,2,11,11,0.378,0
pay_008927,cust_00496,4613.23,card,HDFC,gateway_timeout,1,12,12,0.053,1
pay_008928,cust_01048,1024.04,upi,HDFC,bank_timeout,0,15,8,0.108,0
pay_008929,cust_01727,7008.18,card,HDFC,gateway_timeout,0,2,2,0.208,1
pay_008930,cust_02550,2779.53,card,ICICI,account_closed,2,8,8,0.116,0
pay_008931,cust_02073,2280.49,netbanking,AXIS,card_blocked,0,15,4,0.045,0
pay_008932,cust_02336,1328.97,card,SBI,network_error,1,16,13,0.026,0
pay_008933,cust_00338,1111.07,card,AXIS,temporary_bank_failure,1,15,12,0.191,1
pay_008934,cust_01938,281.13,upi,AXIS,bank_timeout,2,9,1,0.343,1
pay_008935,cust_01818,1428.93,card,AXIS,bank_timeout,1,17,17,0.237,1
pay_008936,cust_00137,1792.92,card,KOTAK,temporary_bank_failure,0,1,1,0.017,1
pay_008937,cust_02556,419.52,upi,KOTAK,expired_card,2,13,6,0.083,0
pay_008938,cust_02275,3493.67,netbanking,KOTAK,temporary_bank_failure,2,4,1,0.24,1
pay_008939,cust_00320,1590.34,card,KOTAK,bank_timeout,0,5,5,0.086,1
pay_008940,cust_01864,4777.96,netbanking,AXIS,invalid_card,0,19,9,0.187,0
pay_008941,cust_00916,1046.36,upi,AXIS,insufficient_funds,0,0,0,0.188,0
pay_008942,cust_01206,4861.67,upi,SBI,insufficient_funds,2,14,6,0.05,0
pay_008943,cust_01898,1262.41,upi,SBI,temporary_bank_failure,2,2,2,0.112,1
pay_008944,cust_02134,1736.75,card,SBI,insufficient_funds,1,18,15,0.246,0
pay_008945,cust_00926,2148.43,card,SBI,account_closed,2,17,17,0.211,0
pay_008946,cust_02101,1748.77,card,SBI,insufficient_funds,2,14,14,0.185,0
pay_008947,cust_02908,2306.5,card,KOTAK,insufficient_funds,1,17,17,0.105,0
pay_008948,cust_02915,387.75,wallet,AXIS,gateway_timeout,2,0,0,0.146,0
pay_008949,cust_01259,1617.26,upi,SBI,bank_timeout,1,13,13,0.227,0
pay_008950,cust_01983,1695.38,upi,ICICI,gateway_timeout,1,16,7,0.266,1
pay_008951,cust_00433,369.01,upi,SBI,card_blocked,1,19,14,0.225,0
pay_008952,cust_00999,3022.91,wallet,SBI,expired_card,0,7,7,0.048,1
pay_008953,cust_02148,872.11,wallet,AXIS,insufficient_funds,0,7,7,0.142,0
pay_008954,cust_00990,3842.44,upi,KOTAK,insufficient_funds,2,16,9,0.055,1
pay_008955,cust_00599,1936.74,card,HDFC,insufficient_funds,1,0,0,0.31,0
pay_008956,cust_02451,1142.04,card,AXIS,card_blocked,0,6,6,0.156,0
pay_008957,cust_00396,4039.0,card,KOTAK,network_error,1,13,13,0.067,1
pay_008958,cust_00415,6832.83,card,ICICI,account_closed,1,5,5,0.094,0
pay_008959,cust_00939,1864.61,card,HDFC,expired_card,0,16,16,0.262,1
pay_008960,cust_01637,5431.16,netbanking,KOTAK,bank_timeout,1,13,5,0.088,1
pay_008961,cust_02725,1570.42,netbanking,KOTAK,gateway_timeout,2,6,6,0.201,1
pay_008962,cust_02511,3904.39,upi,AXIS,gateway_timeout,2,14,10,0.332,0
pay_008963,cust_00541,1347.52,upi,KOTAK,bank_timeout,2,7,0,0.076,0
pay_008964,cust_01650,7790.91,upi,SBI,insufficient_funds,2,15,8,0.22,0
pay_008965,cust_01946,4280.59,card,KOTAK,network_error,0,9,9,0.193,1
pay_008966,cust_00084,2634.04,netbanking,HDFC,insufficient_funds,0,8,4,0.215,0
pay_008967,cust_00271,238.15,card,KOTAK,gateway_timeout,2,18,6,0.153,0
pay_008968,cust_02292,2589.07,upi,ICICI,insufficient_funds,0,1,1,0.346,1
pay_008969,cust_00388,673.21,card,SBI,account_closed,2,7,7,0.365,0
pay_008970,cust_00214,2398.51,netbanking,HDFC,invalid_card,0,10,10,0.224,0
pay_008971,cust_02866,5024.09,upi,HDFC,account_closed,0,3,3,0.051,0
pay_008972,cust_00059,3137.55,upi,AXIS,insufficient_funds,1,17,0,0.119,1
pay_008973,cust_01626,3593.82,card,AXIS,insufficient_funds,2,17,4,0.364,0
pay_008974,cust_02931,1341.55,card,SBI,gateway_timeout,1,1,1,0.222,0
pay_008975,cust_00843,533.96,upi,HDFC,expired_card,2,4,4,0.256,0
pay_008976,cust_02972,975.39,card,ICICI,network_error,0,13,13,0.214,1
pay_008977,cust_01528,1388.82,netbanking,KOTAK,insufficient_funds,2,12,11,0.035,0
pay_008978,cust_01730,1787.82,netbanking,KOTAK,expired_card,1,7,5,0.04,0
pay_008979,cust_00123,4990.55,upi,KOTAK,invalid_card,1,10,6,0.203,0
pay_008980,cust_01437,3243.68,card,AXIS,network_error,0,7,7,0.37,0
pay_008981,cust_01163,10676.28,netbanking,HDFC,network_error,1,14,12,0.361,1
pay_008982,cust_02487,811.57,card,HDFC,temporary_bank_failure,0,5,1,0.24,0
pay_008983,cust_00562,4587.88,card,ICICI,card_blocked,0,16,16,0.349,0
pay_008984,cust_02166,3641.99,card,AXIS,bank_timeout,0,10,4,0.189,0
pay_008985,cust_01738,1647.07,card,ICICI,card_blocked,0,6,1,0.242,0
pay_008986,cust_00905,838.18,upi,HDFC,card_blocked,0,1,1,0.379,0
pay_008987,cust_00395,1105.02,card,KOTAK,invalid_card,1,2,0,0.283,0
pay_008988,cust_01727,1063.32,upi,AXIS,invalid_card,1,17,0,0.057,0
pay_008989,cust_02924,7104.86,upi,AXIS,card_blocked,1,19,7,0.265,0
pay_008990,cust_01717,3507.3,upi,AXIS,temporary_bank_failure,1,13,10,0.204,1
pay_008991,cust_00935,3613.84,card,KOTAK,bank_timeout,0,8,8,0.044,1
pay_008992,cust_01102,1939.41,netbanking,AXIS,account_closed,2,7,3,0.062,0
pay_008993,cust_01436,1505.62,upi,SBI,network_error,2,17,6,0.308,1
pay_008994,cust_00075,2368.16,card,AXIS,bank_timeout,2,11,11,0.051,1
pay_008995,cust_00295,1962.5,upi,KOTAK,network_error,2,11,6,0.162,1
pay_008996,cust_00021,1674.34,card,AXIS,gateway_timeout,1,9,3,0.295,0
pay_008997,cust_01039,2424.43,card,SBI,insufficient_funds,0,8,8,0.238,1
pay_008998,cust_01235,770.7,wallet,SBI,bank_timeout,1,1,1,0.211,1
pay_008999,cust_00560,2238.6,card,AXIS,gateway_timeout,1,10,10,0.068,1
pay_009000,cust_01110,1654.68,upi,HDFC,insufficient_funds,1,9,9,0.273,0
pay_009001,cust_01173,1020.76,card,HDFC,card_blocked,0,7,2,0.044,0
pay_009002,cust_00372,3018.46,netbanking,ICICI,network_error,1,4,4,0.147,1
pay_009003,cust_02028,7601.84,card,SBI,network_error,0,4,4,0.103,1
pay_009004,cust_00818,5026.38,card,HDFC,gateway_timeout,2,8,1,0.046,0
pay_009005,cust_01175,1442.18,upi,ICICI,card_blocked,1,10,10,0.075,0
pay_009006,cust_01165,3076.41,upi,HDFC,temporary_bank_failure,0,11,0,0.211,1
pay_009007,cust_01093,3550.02,upi,AXIS,bank_timeout,1,4,4,0.12,1
pay_009008,cust_01284,1988.9,upi,SBI,network_error,2,5,3,0.118,0
pay_009009,cust_02012,1773.67,card,HDFC,insufficient_funds,0,0,0,0.064,0
pay_009010,cust_00846,2380.36,card,AXIS,gateway_timeout,2,15,6,0.131,0
pay_009011,cust_01992,13494.85,upi,ICICI,invalid_card,2,13,10,0.299,1
pay_009012,cust_00521,2221.31,upi,AXIS,insufficient_funds,0,13,11,0.054,0
pay_009013,cust_00371,655.94,card,ICICI,insufficient_funds,1,12,7,0.272,0
pay_009014,cust_01443,782.87,upi,HDFC,temporary_bank_failure,0,11,6,0.28,1
pay_009015,cust_00101,1576.63,netbanking,KOTAK,insufficient_funds,2,6,2,0.206,0
pay_009016,cust_00661,666.8,upi,AXIS,insufficient_funds,0,5,1,0.126,0
pay_009017,cust_01682,1626.17,card,KOTAK,network_error,1,8,8,0.28,1
pay_009018,cust_00243,10723.24,upi,SBI,invalid_card,0,15,9,0.319,0
pay_009019,cust_02801,1200.93,card,KOTAK,gateway_timeout,2,8,8,0.193,0
pay_009020,cust_00512,757.61,card,SBI,invalid_card,1,13,13,0.239,1
pay_009021,cust_02897,1531.4,upi,HDFC,network_error,1,8,8,0.209,1
pay_009022,cust_02603,1663.77,card,HDFC,expired_card,0,3,3,0.323,1
pay_009023,cust_02274,819.7,card,AXIS,bank_timeout,0,8,2,0.351,0
pay_009024,cust_01542,671.36,card,KOTAK,network_error,0,7,7,0.063,1
pay_009025,cust_02262,5350.8,card,SBI,account_closed,2,13,1,0.085,0
pay_009026,cust_02766,2698.93,card,SBI,insufficient_funds,1,4,4,0.172,0
pay_009027,cust_02115,1228.82,card,KOTAK,insufficient_funds,1,15,15,0.147,0
pay_009028,cust_00396,717.43,card,HDFC,account_closed,1,9,0,0.046,0
pay_009029,cust_00612,1195.17,card,HDFC,insufficient_funds,1,2,2,0.094,0
pay_009030,cust_01261,678.02,netbanking,SBI,expired_card,1,8,0,0.335,0
pay_009031,cust_01858,1137.3,upi,AXIS,network_error,2,2,2,0.355,1
pay_009032,cust_00770,9447.7,card,HDFC,bank_timeout,1,18,2,0.107,0
pay_009033,cust_01423,2188.75,netbanking,ICICI,temporary_bank_failure,0,18,12,0.036,1
pay_009034,cust_00407,1102.78,card,SBI,invalid_card,2,0,0,0.418,1
pay_009035,cust_02973,3113.89,upi,KOTAK,gateway_timeout,2,18,14,0.235,1
pay_009036,cust_01873,859.17,card,KOTAK,network_error,1,14,8,0.086,0
pay_009037,cust_01504,1307.01,netbanking,SBI,insufficient_funds,0,18,6,0.18,0
pay_009038,cust_02695,410.21,card,SBI,network_error,0,6,6,0.089,1
pay_009039,cust_02270,5010.32,card,HDFC,card_blocked,1,0,0,0.109,0
pay_009040,cust_01180,1538.58,card,SBI,insufficient_funds,2,15,1,0.139,0
pay_009041,cust_00654,939.16,netbanking,SBI,card_blocked,1,7,0,0.203,0
pay_009042,cust_02476,3039.94,card,ICICI,bank_timeout,2,11,11,0.379,0
pay_009043,cust_01182,781.97,card,KOTAK,bank_timeout,1,5,5,0.165,0
pay_009044,cust_00977,820.94,card,HDFC,insufficient_funds,0,9,9,0.165,1
pay_009045,cust_01440,1335.1,netbanking,AXIS,account_closed,1,13,13,0.172,0
pay_009046,cust_02419,693.66,card,HDFC,insufficient_funds,0,4,4,0.093,1
pay_009047,cust_01368,1071.96,upi,KOTAK,account_closed,1,3,1,0.104,0
pay_009048,cust_02898,1542.98,card,AXIS,bank_timeout,0,13,1,0.009,1
pay_009049,cust_02904,1658.55,upi,SBI,expired_card,0,16,9,0.166,0
pay_009050,cust_00229,626.59,card,ICICI,expired_card,0,0,0,0.441,1
pay_009051,cust_02328,1487.03,card,ICICI,insufficient_funds,0,16,4,0.241,1
pay_009052,cust_01894,2877.09,netbanking,KOTAK,gateway_timeout,0,19,7,0.178,0
pay_009053,cust_01314,3287.72,upi,KOTAK,expired_card,1,8,8,0.337,0
pay_009054,cust_01071,1214.37,wallet,ICICI,insufficient_funds,1,15,8,0.162,0
pay_009055,cust_00975,1554.53,upi,AXIS,temporary_bank_failure,1,2,2,0.203,0
pay_009056,cust_01739,1482.88,upi,AXIS,bank_timeout,2,9,9,0.088,0
pay_009057,cust_00758,593.86,upi,HDFC,gateway_timeout,0,16,13,0.213,0
pay_009058,cust_00321,1173.65,upi,SBI,insufficient_funds,2,15,7,0.21,0
pay_009059,cust_02322,3418.59,card,AXIS,insufficient_funds,0,0,0,0.056,1
pay_009060,cust_00556,3462.31,card,SBI,gateway_timeout,0,18,10,0.252,1
pay_009061,cust_00844,2513.71,card,KOTAK,temporary_bank_failure,1,14,7,0.278,1
pay_009062,cust_01337,215.08,card,AXIS,temporary_bank_failure,2,6,6,0.199,1
pay_009063,cust_01387,967.57,card,AXIS,network_error,0,7,0,0.069,0
pay_009064,cust_00668,2628.26,netbanking,AXIS,insufficient_funds,1,3,3,0.171,0
pay_009065,cust_02428,7114.67,netbanking,HDFC,account_closed,2,11,11,0.182,0
pay_009066,cust_02759,1787.1,upi,KOTAK,account_closed,2,1,1,0.228,0
pay_009067,cust_01943,1952.17,card,ICICI,card_blocked,0,6,6,0.362,0
pay_009068,cust_02005,1651.57,card,HDFC,bank_timeout,0,5,5,0.256,0
pay_009069,cust_01931,635.73,upi,HDFC,network_error,1,1,1,0.25,1
pay_009070,cust_00746,2395.96,upi,AXIS,invalid_card,2,6,2,0.262,0
pay_009071,cust_00675,535.35,upi,HDFC,expired_card,2,1,1,0.329,0
pay_009072,cust_02164,1688.86,netbanking,ICICI,bank_timeout,0,3,3,0.552,0
pay_009073,cust_02653,1941.55,card,HDFC,expired_card,1,15,9,0.176,1
pay_009074,cust_01066,1880.77,card,HDFC,gateway_timeout,2,5,5,0.09,0
pay_009075,cust_02427,639.88,card,AXIS,card_blocked,0,9,9,0.317,0
pay_009076,cust_02514,1025.34,card,KOTAK,account_closed,2,13,10,0.154,0
pay_009077,cust_02328,3136.9,card,ICICI,bank_timeout,2,2,2,0.23,1
pay_009078,cust_00618,1916.56,netbanking,AXIS,bank_timeout,2,13,13,0.133,0
pay_009079,cust_02166,1030.73,wallet,HDFC,gateway_timeout,1,10,6,0.149,1
pay_009080,cust_02357,767.47,netbanking,ICICI,bank_timeout,1,10,2,0.077,1
pay_009081,cust_02148,3436.64,netbanking,SBI,bank_timeout,1,10,7,0.265,1
pay_009082,cust_02309,1858.44,wallet,HDFC,card_blocked,1,3,3,0.104,0
pay_009083,cust_00993,731.72,netbanking,KOTAK,invalid_card,2,4,4,0.253,1
pay_009084,cust_01329,1554.76,upi,HDFC,expired_card,1,5,5,0.081,1
pay_009085,cust_01378,948.72,card,KOTAK,account_closed,0,13,13,0.067,0
pay_009086,cust_00286,2301.01,card,SBI,network_error,0,6,6,0.158,0
pay_009087,cust_02376,4929.02,card,AXIS,expired_card,0,5,5,0.188,1
pay_009088,cust_02111,761.53,card,AXIS,insufficient_funds,0,13,1,0.335,1
pay_009089,cust_00687,2050.3,netbanking,AXIS,account_closed,0,15,15,0.43,0
pay_009090,cust_01306,2020.68,upi,ICICI,temporary_bank_failure,0,3,3,0.288,1
pay_009091,cust_01465,325.18,card,KOTAK,invalid_card,2,17,16,0.215,0
pay_009092,cust_00738,3519.57,card,HDFC,account_closed,1,6,6,0.016,0
pay_009093,cust_02687,9692.99,card,ICICI,insufficient_funds,0,18,15,0.105,1
pay_009094,cust_02984,2019.14,card,ICICI,gateway_timeout,0,13,6,0.252,1
pay_009095,cust_01959,5365.24,card,HDFC,card_blocked,1,14,14,0.288,0
pay_009096,cust_01895,662.72,card,SBI,network_error,1,5,5,0.103,0
pay_009097,cust_02524,1017.38,card,AXIS,bank_timeout,2,9,9,0.306,0
pay_009098,cust_01486,1914.08,upi,SBI,network_error,0,2,2,0.401,0
pay_009099,cust_02101,913.29,card,SBI,expired_card,0,12,6,0.274,0
pay_009100,cust_02802,1864.0,upi,AXIS,invalid_card,0,18,7,0.289,0
pay_009101,cust_00486,4034.75,card,SBI,expired_card,2,17,13,0.096,0
pay_009102,cust_01514,892.07,card,ICICI,gateway_timeout,1,2,2,0.376,1
pay_009103,cust_02002,4179.79,upi,HDFC,card_blocked,2,2,2,0.167,0
pay_009104,cust_01388,388.14,card,ICICI,gateway_timeout,2,16,2,0.049,0
pay_009105,cust_02457,1147.09,card,ICICI,card_blocked,0,6,6,0.234,0
pay_009106,cust_01031,1544.5,netbanking,KOTAK,card_blocked,1,1,1,0.276,0
pay_009107,cust_01766,861.29,upi,AXIS,gateway_timeout,0,4,4,0.083,1
pay_009108,cust_00668,1159.97,upi,AXIS,network_error,2,8,8,0.349,0
pay_009109,cust_01221,5524.32,netbanking,ICICI,bank_timeout,2,2,2,0.239,1
pay_009110,cust_00835,4875.34,netbanking,AXIS,insufficient_funds,1,7,2,0.058,1
pay_009111,cust_00876,3216.43,card,KOTAK,invalid_card,1,3,3,0.124,1
pay_009112,cust_02415,4158.75,netbanking,HDFC,network_error,1,2,2,0.059,1
pay_009113,cust_01002,1100.7,netbanking,SBI,temporary_bank_failure,0,17,17,0.23,1
pay_009114,cust_00250,679.75,card,AXIS,expired_card,2,14,9,0.483,0
pay_009115,cust_01940,947.59,upi,ICICI,insufficient_funds,1,10,10,0.143,0
pay_009116,cust_01619,1067.19,card,AXIS,insufficient_funds,1,4,3,0.335,0
pay_009117,cust_01264,1110.3,upi,ICICI,expired_card,1,15,0,0.287,0
pay_009118,cust_02428,2758.69,upi,SBI,gateway_timeout,0,18,3,0.114,1
pay_009119,cust_00872,2341.49,card,AXIS,invalid_card,0,3,3,0.142,1
pay_009120,cust_00835,1571.0,netbanking,SBI,expired_card,0,10,10,0.115,1
pay_009121,cust_02823,1650.34,netbanking,ICICI,expired_card,0,11,5,0.112,0
pay_009122,cust_00919,4341.34,netbanking,KOTAK,bank_timeout,1,4,0,0.528,0
pay_009123,cust_01725,643.26,card,KOTAK,insufficient_funds,2,9,9,0.379,1
pay_009124,cust_02503,3400.71,card,HDFC,insufficient_funds,2,9,0,0.159,0
pay_009125,cust_02414,333.94,netbanking,ICICI,network_error,1,18,18,0.048,0
pay_009126,cust_01314,1149.73,card,ICICI,invalid_card,2,4,4,0.086,0
pay_009127,cust_01898,6053.97,upi,ICICI,bank_timeout,0,4,3,0.281,1
pay_009128,cust_00403,2300.02,netbanking,KOTAK,bank_timeout,0,3,1,0.154,0
pay_009129,cust_02106,1244.75,card,KOTAK,gateway_timeout,0,3,3,0.045,1
pay_009130,cust_02569,3760.31,card,KOTAK,bank_timeout,1,1,1,0.232,1
pay_009131,cust_01328,2910.51,card,AXIS,bank_timeout,0,2,2,0.163,1
pay_009132,cust_01139,2817.74,card,AXIS,gateway_timeout,0,3,3,0.113,1
pay_009133,cust_00210,1539.04,upi,KOTAK,expired_card,0,7,4,0.213,0
pay_009134,cust_01065,3896.98,card,SBI,insufficient_funds,2,8,8,0.109,0
pay_009135,cust_00816,1080.18,card,AXIS,bank_timeout,1,7,4,0.353,0
pay_009136,cust_02221,1040.08,netbanking,AXIS,network_error,1,11,11,0.09,0
pay_009137,cust_00234,8098.42,card,AXIS,insufficient_funds,1,9,9,0.137,0
pay_009138,cust_00793,1212.05,upi,AXIS,invalid_card,2,4,4,0.259,0
pay_009139,cust_01908,355.86,card,HDFC,invalid_card,0,4,4,0.12,0
pay_009140,cust_01614,4230.16,upi,AXIS,insufficient_funds,1,14,10,0.043,1
pay_009141,cust_02841,5372.46,wallet,SBI,expired_card,1,19,4,0.08,1
pay_009142,cust_02167,1497.27,upi,HDFC,account_closed,0,2,2,0.129,0
pay_009143,cust_00335,338.49,upi,AXIS,bank_timeout,0,1,1,0.23,0
pay_009144,cust_01360,1729.91,card,ICICI,bank_timeout,2,14,6,0.523,1
pay_009145,cust_01640,9488.55,card,HDFC,insufficient_funds,1,12,5,0.277,0
pay_009146,cust_01098,2126.11,netbanking,AXIS,insufficient_funds,1,11,11,0.31,0
pay_009147,cust_01215,3345.88,netbanking,SBI,bank_timeout,1,13,13,0.082,0
pay_009148,cust_00324,3503.26,upi,KOTAK,insufficient_funds,2,11,11,0.199,1
pay_009149,cust_01791,3932.52,netbanking,AXIS,network_error,1,14,9,0.244,0
pay_009150,cust_00284,8022.65,card,ICICI,expired_card,1,12,12,0.026,0
pay_009151,cust_00213,4290.24,upi,SBI,network_error,1,2,2,0.136,0
pay_009152,cust_01659,1694.98,card,HDFC,account_closed,2,14,14,0.123,0
pay_009153,cust_01742,740.48,upi,SBI,bank_timeout,1,19,1,0.126,0
pay_009154,cust_00929,2549.8,card,AXIS,invalid_card,1,17,2,0.171,0
pay_009155,cust_00752,1548.8,netbanking,ICICI,gateway_timeout,2,5,5,0.299,0
pay_009156,cust_01418,3208.08,upi,SBI,account_closed,1,14,2,0.322,0
pay_009157,cust_02387,906.6,card,SBI,account_closed,0,11,6,0.237,0
pay_009158,cust_01822,1421.56,upi,KOTAK,network_error,2,1,1,0.209,0
pay_009159,cust_01046,1824.26,upi,KOTAK,bank_timeout,0,4,4,0.11,1
pay_009160,cust_01795,852.89,card,AXIS,expired_card,0,16,12,0.183,1
pay_009161,cust_01893,1866.63,card,HDFC,network_error,1,12,5,0.336,1
pay_009162,cust_00105,3393.05,card,HDFC,card_blocked,1,12,1,0.128,0
pay_009163,cust_01490,8334.1,card,ICICI,bank_timeout,1,3,1,0.084,1
pay_009164,cust_01483,1004.0,upi,AXIS,temporary_bank_failure,2,15,15,0.075,0
pay_009165,cust_01456,3731.86,card,HDFC,bank_timeout,2,7,7,0.153,0
pay_009166,cust_00770,371.51,upi,SBI,temporary_bank_failure,2,2,2,0.242,1
pay_009167,cust_02764,1797.17,upi,AXIS,insufficient_funds,0,19,1,0.319,1
pay_009168,cust_02811,1913.18,wallet,SBI,expired_card,2,1,1,0.147,0
pay_009169,cust_01960,3468.06,upi,ICICI,expired_card,2,2,2,0.342,0
pay_009170,cust_02028,1193.04,upi,AXIS,account_closed,1,10,10,0.105,0
pay_009171,cust_00379,2199.11,card,ICICI,bank_timeout,0,10,3,0.408,1
pay_009172,cust_00713,4388.46,card,KOTAK,invalid_card,2,9,9,0.195,1
pay_009173,cust_01373,733.79,card,ICICI,temporary_bank_failure,1,10,2,0.19,1
pay_009174,cust_00225,377.35,upi,KOTAK,bank_timeout,1,16,11,0.216,0
pay_009175,cust_01738,4288.17,card,AXIS,network_error,2,6,2,0.127,1
pay_009176,cust_00738,814.02,card,SBI,account_closed,0,0,0,0.094,0
pay_009177,cust_00236,2605.97,netbanking,SBI,insufficient_funds,0,19,8,0.053,0
pay_009178,cust_00183,8604.76,upi,SBI,insufficient_funds,2,14,14,0.302,1
pay_009179,cust_00712,3530.18,netbanking,ICICI,insufficient_funds,2,6,6,0.594,0
pay_009180,cust_01893,831.25,netbanking,AXIS,gateway_timeout,2,3,3,0.151,0
pay_009181,cust_02492,561.27,card,AXIS,gateway_timeout,0,2,2,0.08,1
pay_009182,cust_01889,969.93,netbanking,KOTAK,bank_timeout,0,19,6,0.123,0
pay_009183,cust_00623,2076.14,card,AXIS,temporary_bank_failure,1,2,2,0.315,1
pay_009184,cust_01260,1480.4,wallet,SBI,insufficient_funds,1,19,11,0.239,0
pay_009185,cust_01151,5374.85,upi,AXIS,insufficient_funds,0,9,9,0.241,0
pay_009186,cust_00749,3083.13,upi,KOTAK,bank_timeout,1,2,2,0.113,1
pay_009187,cust_02203,1007.77,upi,AXIS,temporary_bank_failure,0,4,4,0.284,1
pay_009188,cust_02305,3557.65,upi,AXIS,temporary_bank_failure,1,19,16,0.083,0
pay_009189,cust_02283,6033.81,upi,SBI,insufficient_funds,2,18,14,0.234,1
pay_009190,cust_02548,1405.2,netbanking,AXIS,expired_card,0,9,9,0.366,0
pay_009191,cust_02337,2653.58,netbanking,ICICI,expired_card,1,8,3,0.2,0
pay_009192,cust_00510,898.16,upi,KOTAK,insufficient_funds,2,10,10,0.097,0
pay_009193,cust_01576,1614.21,upi,KOTAK,temporary_bank_failure,1,0,0,0.094,0
pay_009194,cust_01824,885.72,card,KOTAK,account_closed,1,19,4,0.125,0
pay_009195,cust_02757,4872.84,netbanking,AXIS,invalid_card,2,12,12,0.258,0
pay_009196,cust_00785,1210.25,upi,ICICI,network_error,2,3,3,0.21,1
pay_009197,cust_02942,2570.95,netbanking,KOTAK,expired_card,0,9,3,0.173,1
pay_009198,cust_02824,3005.49,upi,HDFC,account_closed,1,3,3,0.327,0
pay_009199,cust_02346,21747.67,card,SBI,gateway_timeout,2,7,7,0.071,0
pay_009200,cust_00137,1461.78,card,HDFC,card_blocked,1,16,8,0.12,0
pay_009201,cust_02424,970.96,card,HDFC,bank_timeout,2,1,1,0.495,0
pay_009202,cust_02135,1706.54,upi,KOTAK,insufficient_funds,0,6,6,0.14,0
pay_009203,cust_01778,915.61,card,HDFC,network_error,2,2,2,0.166,0
pay_009204,cust_01223,1224.18,upi,HDFC,network_error,1,10,10,0.395,0
pay_009205,cust_02485,3235.46,card,ICICI,account_closed,1,17,8,0.278,0
pay_009206,cust_01334,1056.43,card,SBI,temporary_bank_failure,0,5,5,0.31,0
pay_009207,cust_01778,2834.37,card,AXIS,bank_timeout,0,19,10,0.159,1
pay_009208,cust_01305,2913.64,card,KOTAK,insufficient_funds,2,13,11,0.115,0
pay_009209,cust_00764,2207.24,card,KOTAK,card_blocked,2,12,1,0.099,0
pay_009210,cust_00702,3089.01,upi,HDFC,bank_timeout,1,1,1,0.218,1
pay_009211,cust_02990,1428.64,card,AXIS,temporary_bank_failure,2,15,15,0.07,1
pay_009212,cust_00152,364.24,card,AXIS,insufficient_funds,0,7,2,0.219,1
pay_009213,cust_01326,1895.83,netbanking,AXIS,account_closed,2,14,13,0.04,0
pay_009214,cust_01302,1924.91,card,KOTAK,network_error,0,12,2,0.387,0
pay_009215,cust_01712,1344.63,netbanking,KOTAK,temporary_bank_failure,1,0,0,0.177,0
pay_009216,cust_01032,3036.02,wallet,ICICI,gateway_timeout,2,1,1,0.062,0
pay_009217,cust_00807,3332.39,upi,KOTAK,gateway_timeout,0,3,2,0.045,1
pay_009218,cust_00235,2152.8,upi,KOTAK,network_error,2,12,12,0.177,1
pay_009219,cust_02723,1956.5,card,ICICI,card_blocked,0,11,7,0.082,0
pay_009220,cust_00561,4793.54,card,KOTAK,invalid_card,0,11,1,0.091,0
pay_009221,cust_01326,765.7,upi,HDFC,card_blocked,0,0,0,0.274,0
pay_009222,cust_00038,1387.0,card,HDFC,gateway_timeout,2,5,5,0.036,0
pay_009223,cust_01160,4016.86,card,ICICI,bank_timeout,0,10,2,0.085,1
pay_009224,cust_02870,2775.59,netbanking,ICICI,bank_timeout,2,15,9,0.162,0
pay_009225,cust_00421,1498.14,card,HDFC,temporary_bank_failure,0,1,1,0.317,1
pay_009226,cust_01243,2471.2,upi,AXIS,card_blocked,0,2,2,0.113,0
pay_009227,cust_00348,1166.12,upi,KOTAK,card_blocked,2,10,10,0.087,0
pay_009228,cust_01832,2057.04,card,SBI,account_closed,2,8,8,0.04,0
pay_009229,cust_01570,3135.19,card,SBI,network_error,2,6,6,0.067,1
pay_009230,cust_02796,5082.18,card,ICICI,expired_card,1,3,3,0.165,0
pay_009231,cust_01919,3067.83,upi,SBI,insufficient_funds,1,9,0,0.288,0
pay_009232,cust_02321,5382.48,card,AXIS,account_closed,1,0,0,0.248,0
pay_009233,cust_01902,570.14,upi,SBI,insufficient_funds,0,12,1,0.487,1
pay_009234,cust_02356,307.92,upi,HDFC,temporary_bank_failure,0,3,1,0.211,0
pay_009235,cust_01398,315.46,netbanking,ICICI,bank_timeout,0,12,4,0.159,0
pay_009236,cust_02781,4415.36,card,SBI,invalid_card,2,10,0,0.125,0
pay_009237,cust_01825,2930.56,upi,KOTAK,insufficient_funds,1,14,11,0.207,0
pay_009238,cust_02492,1017.75,card,ICICI,insufficient_funds,0,12,4,0.263,1
pay_009239,cust_01229,1328.87,card,AXIS,card_blocked,2,3,3,0.301,0
pay_009240,cust_00405,2366.53,card,HDFC,insufficient_funds,1,5,5,0.11,1
pay_009241,cust_01722,1013.69,upi,SBI,temporary_bank_failure,1,1,1,0.236,1
pay_009242,cust_02901,940.34,wallet,HDFC,temporary_bank_failure,2,1,1,0.315,0
pay_009243,cust_01221,1070.99,card,AXIS,bank_timeout,0,5,5,0.162,0
pay_009244,cust_02826,999.84,upi,SBI,bank_timeout,1,2,2,0.127,0
pay_009245,cust_00115,1873.11,card,ICICI,bank_timeout,0,19,14,0.211,1
pay_009246,cust_01677,6839.25,upi,ICICI,network_error,0,10,9,0.354,1
pay_009247,cust_00065,807.8,card,KOTAK,bank_timeout,0,14,3,0.142,0
pay_009248,cust_01300,1705.17,upi,AXIS,temporary_bank_failure,0,8,8,0.277,0
pay_009249,cust_00825,2613.62,upi,SBI,bank_timeout,0,6,6,0.39,0
pay_009250,cust_02287,2775.1,upi,HDFC,card_blocked,0,14,14,0.212,0
pay_009251,cust_02350,1206.28,card,HDFC,card_blocked,0,9,9,0.152,0
pay_009252,cust_01416,2965.97,upi,SBI,insufficient_funds,2,10,0,0.272,0
pay_009253,cust_00969,2530.12,card,AXIS,invalid_card,0,1,1,0.368,0
pay_009254,cust_00369,1260.16,card,AXIS,expired_card,0,13,13,0.3,1
pay_009255,cust_00233,612.67,card,HDFC,account_closed,1,15,15,0.161,0
pay_009256,cust_02243,724.4,netbanking,SBI,expired_card,1,8,8,0.477,0
pay_009257,cust_00907,3283.56,netbanking,SBI,gateway_timeout,0,15,2,0.151,0
pay_009258,cust_00921,5662.67,card,HDFC,account_closed,1,0,0,0.108,0
pay_009259,cust_00689,1809.13,upi,SBI,gateway_timeout,2,1,0,0.247,0
pay_009260,cust_00177,5549.84,upi,SBI,gateway_timeout,2,6,6,0.253,0
pay_009261,cust_02265,1733.84,netbanking,ICICI,insufficient_funds,2,11,10,0.095,1
pay_009262,cust_01035,723.73,netbanking,ICICI,card_blocked,1,17,4,0.211,0
pay_009263,cust_01470,1529.09,upi,KOTAK,gateway_timeout,2,5,2,0.178,0
pay_009264,cust_00630,5963.93,card,KOTAK,insufficient_funds,2,1,1,0.124,0
pay_009265,cust_00164,1115.69,upi,AXIS,insufficient_funds,1,13,8,0.064,1
pay_009266,cust_02101,1621.71,upi,ICICI,account_closed,0,15,7,0.058,0
pay_009267,cust_02266,4668.1,wallet,ICICI,expired_card,0,9,1,0.07,0
pay_009268,cust_00824,4417.96,card,ICICI,gateway_timeout,0,4,4,0.094,0
pay_009269,cust_02433,2309.4,upi,ICICI,insufficient_funds,1,15,15,0.026,1
pay_009270,cust_00056,2773.09,upi,AXIS,network_error,0,6,6,0.269,1
pay_009271,cust_00118,4231.36,card,HDFC,temporary_bank_failure,2,14,3,0.443,1
pay_009272,cust_02948,2314.26,upi,AXIS,invalid_card,0,12,9,0.103,1
pay_009273,cust_00798,5036.21,card,HDFC,insufficient_funds,2,16,16,0.106,0
pay_009274,cust_00780,3095.03,upi,KOTAK,temporary_bank_failure,0,17,14,0.116,1
pay_009275,cust_02851,1606.29,upi,ICICI,temporary_bank_failure,0,17,17,0.173,1
pay_009276,cust_02893,2559.63,wallet,HDFC,invalid_card,0,16,1,0.205,1
pay_009277,cust_01439,1328.29,netbanking,AXIS,insufficient_funds,1,2,2,0.201,0
pay_009278,cust_01894,835.11,card,HDFC,network_error,0,11,9,0.25,1
pay_009279,cust_02903,725.49,card,SBI,temporary_bank_failure,2,5,0,0.096,0
pay_009280,cust_00708,1532.62,upi,KOTAK,insufficient_funds,2,11,11,0.342,1
pay_009281,cust_01104,2322.46,upi,KOTAK,invalid_card,0,10,10,0.488,0
pay_009282,cust_00022,7637.62,netbanking,ICICI,card_blocked,1,8,8,0.061,0
pay_009283,cust_01501,2522.14,card,ICICI,network_error,0,18,4,0.206,1
pay_009284,cust_00843,2107.37,netbanking,AXIS,invalid_card,0,18,8,0.233,1
pay_009285,cust_01761,1669.52,card,HDFC,insufficient_funds,2,1,1,0.305,0
pay_009286,cust_01117,1358.46,card,SBI,insufficient_funds,1,12,4,0.177,1
pay_009287,cust_00192,2007.42,card,KOTAK,card_blocked,2,17,6,0.145,0
pay_009288,cust_01019,1450.1,netbanking,HDFC,temporary_bank_failure,1,3,3,0.202,0
pay_009289,cust_01127,1394.26,upi,SBI,network_error,0,13,13,0.182,1
pay_009290,cust_00396,3486.38,wallet,HDFC,account_closed,2,13,13,0.198,0
pay_009291,cust_02688,874.83,upi,ICICI,bank_timeout,0,4,4,0.028,0
pay_009292,cust_01019,1480.39,card,KOTAK,account_closed,0,18,9,0.253,0
pay_009293,cust_00567,1043.05,upi,SBI,insufficient_funds,2,1,1,0.414,0
pay_009294,cust_00231,1986.41,card,ICICI,network_error,0,15,7,0.231,0
pay_009295,cust_00874,3579.61,upi,AXIS,network_error,1,5,5,0.3,1
pay_009296,cust_02622,2392.25,card,AXIS,network_error,0,10,3,0.199,0
pay_009297,cust_00240,1515.17,upi,ICICI,expired_card,1,11,8,0.159,0
pay_009298,cust_00090,3836.46,upi,SBI,bank_timeout,0,12,5,0.5,0
pay_009299,cust_02280,3663.47,card,SBI,expired_card,1,9,1,0.199,0
pay_009300,cust_00457,1866.09,card,KOTAK,bank_timeout,2,13,2,0.148,0
pay_009301,cust_02281,6466.55,card,ICICI,invalid_card,0,3,3,0.154,1
pay_009302,cust_00354,2528.83,wallet,AXIS,card_blocked,2,1,1,0.101,0
pay_009303,cust_01005,2474.86,card,ICICI,insufficient_funds,2,18,0,0.008,0
pay_009304,cust_01357,690.81,upi,HDFC,card_blocked,1,18,2,0.055,0
pay_009305,cust_00439,470.15,card,SBI,gateway_timeout,0,14,13,0.296,1
pay_009306,cust_01399,1902.17,card,HDFC,network_error,2,8,8,0.412,0
pay_009307,cust_00345,4015.04,upi,AXIS,network_error,0,3,3,0.344,1
pay_009308,cust_02712,2351.49,upi,SBI,insufficient_funds,1,12,12,0.115,0
pay_009309,cust_00657,3868.83,upi,AXIS,bank_timeout,2,8,8,0.252,1
pay_009310,cust_02178,1298.78,upi,AXIS,account_closed,1,11,8,0.202,0
pay_009311,cust_02189,1931.39,upi,AXIS,invalid_card,2,13,1,0.339,0
pay_009312,cust_02463,1832.34,card,KOTAK,insufficient_funds,1,11,9,0.036,0
pay_009313,cust_01117,427.86,card,AXIS,expired_card,0,12,2,0.132,0
pay_009314,cust_00626,7563.85,card,AXIS,bank_timeout,2,17,14,0.478,0
pay_009315,cust_00284,4712.86,card,HDFC,network_error,2,4,4,0.112,0
pay_009316,cust_01980,3799.96,wallet,HDFC,insufficient_funds,0,18,18,0.359,0
pay_009317,cust_01679,5054.03,upi,HDFC,insufficient_funds,2,2,2,0.482,0
pay_009318,cust_00223,1244.46,card,SBI,insufficient_funds,1,16,13,0.051,0
pay_009319,cust_00744,3417.35,netbanking,KOTAK,bank_timeout,2,19,14,0.39,1
pay_009320,cust_00463,1242.17,netbanking,SBI,expired_card,2,6,6,0.128,1
pay_009321,cust_01569,2035.3,card,KOTAK,invalid_card,2,2,2,0.062,0
pay_009322,cust_01706,448.64,netbanking,KOTAK,insufficient_funds,1,6,2,0.108,0
pay_009323,cust_01164,1605.15,card,ICICI,temporary_bank_failure,0,5,5,0.109,1
pay_009324,cust_02405,531.55,netbanking,ICICI,network_error,1,13,0,0.055,0
pay_009325,cust_01737,662.94,card,ICICI,network_error,1,0,0,0.191,0
pay_009326,cust_01047,1732.01,upi,KOTAK,insufficient_funds,2,13,13,0.135,0
pay_009327,cust_02907,1026.4,card,KOTAK,network_error,2,10,9,0.115,1
pay_009328,cust_00665,2371.23,wallet,SBI,invalid_card,0,8,8,0.351,0
pay_009329,cust_01357,6904.73,card,KOTAK,bank_timeout,2,9,0,0.377,0
pay_009330,cust_01015,1099.52,card,AXIS,insufficient_funds,1,10,2,0.124,0
pay_009331,cust_02133,1462.91,upi,AXIS,insufficient_funds,2,17,2,0.223,0
pay_009332,cust_02669,3076.69,upi,KOTAK,bank_timeout,2,16,16,0.209,1
pay_009333,cust_01055,1057.94,upi,AXIS,card_blocked,0,13,13,0.087,0
pay_009334,cust_01765,1020.13,upi,KOTAK,account_closed,1,16,12,0.048,0
pay_009335,cust_02288,1267.05,upi,ICICI,gateway_timeout,1,6,2,0.177,1
pay_009336,cust_01914,3658.12,card,KOTAK,expired_card,0,7,7,0.12,0
pay_009337,cust_00363,439.41,card,ICICI,expired_card,1,7,7,0.277,0
pay_009338,cust_02870,917.83,card,HDFC,expired_card,1,18,7,0.163,0
pay_009339,cust_01413,6153.09,wallet,AXIS,gateway_timeout,2,4,4,0.44,0
pay_009340,cust_00668,151.51,card,HDFC,account_closed,0,6,0,0.406,0
pay_009341,cust_01881,1632.89,card,AXIS,invalid_card,0,12,0,0.174,0
pay_009342,cust_01395,6148.4,upi,HDFC,insufficient_funds,2,14,7,0.315,1
pay_009343,cust_00099,8333.09,card,KOTAK,bank_timeout,0,13,11,0.298,1
pay_009344,cust_02095,3427.15,card,HDFC,network_error,0,14,7,0.226,1
pay_009345,cust_02887,4616.86,upi,AXIS,insufficient_funds,2,13,10,0.123,0
pay_009346,cust_00422,846.5,card,SBI,account_closed,2,12,12,0.282,0
pay_009347,cust_01504,904.01,upi,AXIS,insufficient_funds,1,19,17,0.102,1
pay_009348,cust_00062,7124.76,card,SBI,gateway_timeout,1,3,3,0.223,0
pay_009349,cust_01133,1464.0,card,KOTAK,bank_timeout,2,8,7,0.102,0
pay_009350,cust_01703,402.76,netbanking,AXIS,insufficient_funds,0,13,0,0.054,1
pay_009351,cust_00598,2526.85,card,HDFC,temporary_bank_failure,2,16,9,0.115,0
pay_009352,cust_00392,1551.85,card,KOTAK,insufficient_funds,2,0,0,0.289,0
pay_009353,cust_01076,1929.29,netbanking,AXIS,invalid_card,2,0,0,0.085,1
pay_009354,cust_02651,269.07,card,KOTAK,invalid_card,1,3,3,0.119,0
pay_009355,cust_01313,217.33,card,SBI,account_closed,2,19,11,0.247,0
pay_009356,cust_02030,2303.18,card,KOTAK,expired_card,0,7,3,0.115,1
pay_009357,cust_02385,1418.7,upi,HDFC,account_closed,2,4,4,0.201,0
pay_009358,cust_00810,1254.52,card,AXIS,expired_card,2,13,13,0.211,0
pay_009359,cust_01406,2471.02,upi,SBI,invalid_card,2,19,5,0.068,0
pay_009360,cust_02800,969.61,card,KOTAK,expired_card,1,13,10,0.423,0
pay_009361,cust_01160,1462.13,card,ICICI,account_closed,0,1,1,0.046,0
pay_009362,cust_01532,1262.68,upi,SBI,network_error,0,11,11,0.125,1
pay_009363,cust_01386,3671.5,card,SBI,invalid_card,1,17,1,0.134,0
pay_009364,cust_00881,402.18,card,HDFC,bank_timeout,1,5,5,0.134,1
pay_009365,cust_01600,1077.2,upi,HDFC,bank_timeout,1,8,8,0.197,0
pay_009366,cust_02683,4323.45,wallet,KOTAK,insufficient_funds,0,8,1,0.365,0
pay_009367,cust_00254,925.46,card,ICICI,temporary_bank_failure,0,3,2,0.235,1
pay_009368,cust_02068,1990.14,upi,SBI,insufficient_funds,2,9,9,0.106,0
pay_009369,cust_02576,6874.35,card,KOTAK,expired_card,0,11,11,0.193,1
pay_009370,cust_01169,2052.29,netbanking,ICICI,network_error,1,7,7,0.162,1
pay_009371,cust_01232,10020.64,netbanking,KOTAK,expired_card,0,19,0,0.175,0
pay_009372,cust_02424,5540.91,netbanking,SBI,card_blocked,0,15,14,0.3,0
pay_009373,cust_00166,1073.49,card,KOTAK,invalid_card,0,11,11,0.032,0
pay_009374,cust_01574,657.72,card,HDFC,network_error,0,16,14,0.201,0
pay_009375,cust_02909,1115.29,card,HDFC,expired_card,2,16,3,0.302,0
pay_009376,cust_00617,2450.49,card,AXIS,bank_timeout,1,18,18,0.05,1
pay_009377,cust_02660,2385.13,upi,ICICI,insufficient_funds,0,6,2,0.286,0
pay_009378,cust_01626,3076.73,card,SBI,insufficient_funds,1,19,12,0.194,1
pay_009379,cust_00503,862.36,upi,ICICI,card_blocked,1,3,3,0.223,0
pay_009380,cust_00913,970.07,netbanking,HDFC,invalid_card,0,19,11,0.026,1
pay_009381,cust_02127,2826.59,card,SBI,expired_card,2,8,1,0.241,0
pay_009382,cust_00585,8890.34,upi,AXIS,insufficient_funds,2,11,11,0.066,0
pay_009383,cust_01959,751.78,card,HDFC,insufficient_funds,2,12,7,0.251,0
pay_009384,cust_02736,1706.25,card,HDFC,card_blocked,0,8,8,0.037,0
pay_009385,cust_00396,1355.8,card,ICICI,bank_timeout,0,10,1,0.141,1
pay_009386,cust_01632,2031.03,card,KOTAK,temporary_bank_failure,0,4,4,0.422,1
pay_009387,cust_01881,693.82,card,ICICI,bank_timeout,0,7,7,0.236,1
pay_009388,cust_00402,1940.11,upi,HDFC,temporary_bank_failure,0,19,8,0.145,1
pay_009389,cust_00975,4801.23,upi,ICICI,insufficient_funds,1,11,11,0.213,0
pay_009390,cust_00224,493.15,card,KOTAK,temporary_bank_failure,1,15,2,0.466,1
pay_009391,cust_00518,4011.12,netbanking,AXIS,card_blocked,0,9,9,0.269,0
pay_009392,cust_02682,695.11,netbanking,SBI,expired_card,2,14,14,0.174,0
pay_009393,cust_00236,2222.78,upi,HDFC,expired_card,1,11,11,0.496,1
pay_009394,cust_00116,2673.25,card,ICICI,invalid_card,0,13,0,0.391,0
pay_009395,cust_00226,2440.95,card,HDFC,account_closed,0,12,6,0.359,0
pay_009396,cust_02278,1384.67,upi,SBI,invalid_card,1,15,3,0.081,0
pay_009397,cust_00182,3071.72,netbanking,ICICI,bank_timeout,1,9,0,0.162,0
pay_009398,cust_01342,661.3,card,AXIS,network_error,0,7,7,0.139,1
pay_009399,cust_00210,3758.06,upi,SBI,card_blocked,2,19,10,0.082,0
pay_009400,cust_01416,1246.35,card,KOTAK,expired_card,0,13,13,0.11,1
pay_009401,cust_02144,2339.28,upi,KOTAK,bank_timeout,1,4,4,0.301,0
pay_009402,cust_00894,1364.93,card,HDFC,insufficient_funds,1,5,5,0.227,1
pay_009403,cust_01882,6159.09,upi,KOTAK,card_blocked,0,8,8,0.082,0
pay_009404,cust_02804,2568.07,upi,ICICI,card_blocked,1,12,4,0.198,0
pay_009405,cust_01110,3047.82,card,KOTAK,gateway_timeout,0,12,0,0.168,1
pay_009406,cust_02463,3394.97,card,AXIS,account_closed,2,1,1,0.295,0
pay_009407,cust_02027,1491.01,netbanking,ICICI,insufficient_funds,2,12,1,0.482,0
pay_009408,cust_00394,2278.83,upi,HDFC,insufficient_funds,0,1,1,0.022,1
pay_009409,cust_02744,2063.64,upi,HDFC,gateway_timeout,1,14,12,0.139,1
pay_009410,cust_00844,3028.8,upi,KOTAK,account_closed,1,11,11,0.232,0
pay_009411,cust_01525,1265.87,netbanking,KOTAK,insufficient_funds,2,9,9,0.163,0
pay_009412,cust_00604,1027.36,card,HDFC,temporary_bank_failure,1,3,3,0.079,0
pay_009413,cust_00582,4653.86,netbanking,ICICI,insufficient_funds,1,7,7,0.41,0
pay_009414,cust_02043,3392.66,card,SBI,gateway_timeout,0,3,3,0.08,1
pay_009415,cust_01940,923.82,card,HDFC,insufficient_funds,2,1,1,0.34,0
pay_009416,cust_00133,8281.57,upi,AXIS,temporary_bank_failure,2,17,10,0.252,0
pay_009417,cust_02839,1144.67,wallet,ICICI,expired_card,0,17,4,0.172,0
pay_009418,cust_02697,1988.03,card,SBI,bank_timeout,0,13,8,0.244,0
pay_009419,cust_02269,4605.24,card,SBI,account_closed,2,9,9,0.309,0
pay_009420,cust_00976,4570.25,upi,ICICI,gateway_timeout,2,11,11,0.369,1
pay_009421,cust_01814,1028.27,card,HDFC,invalid_card,0,7,7,0.677,1
pay_009422,cust_01544,2734.75,wallet,SBI,expired_card,2,16,15,0.26,0
pay_009423,cust_02836,1410.68,upi,AXIS,insufficient_funds,2,11,11,0.094,0
pay_009424,cust_02739,2529.18,netbanking,ICICI,network_error,1,19,14,0.06,0
pay_009425,cust_01358,1635.11,card,KOTAK,insufficient_funds,2,2,2,0.152,0
pay_009426,cust_00039,1310.02,card,HDFC,card_blocked,0,9,3,0.27,0
pay_009427,cust_01317,837.23,upi,ICICI,network_error,1,10,10,0.505,0
pay_009428,cust_02738,4666.37,card,AXIS,network_error,1,13,13,0.237,1
pay_009429,cust_00162,997.22,upi,SBI,card_blocked,2,6,4,0.343,0
pay_009430,cust_01910,5852.92,card,HDFC,account_closed,1,4,1,0.13,0
pay_009431,cust_01128,1429.33,card,HDFC,insufficient_funds,0,0,0,0.089,0
pay_009432,cust_02209,2664.37,netbanking,ICICI,expired_card,0,11,8,0.238,0
pay_009433,cust_01659,6194.4,upi,ICICI,gateway_timeout,2,15,7,0.083,0
pay_009434,cust_01964,1281.17,card,AXIS,gateway_timeout,2,5,5,0.185,1
pay_009435,cust_01058,2637.21,netbanking,KOTAK,gateway_timeout,0,19,2,0.036,1
pay_009436,cust_02290,2684.44,upi,ICICI,gateway_timeout,0,9,7,0.222,1
pay_009437,cust_00967,1060.76,upi,ICICI,expired_card,2,14,14,0.131,0
pay_009438,cust_00890,2159.88,card,ICICI,temporary_bank_failure,0,14,8,0.339,1
pay_009439,cust_02161,3280.76,card,AXIS,network_error,2,5,3,0.519,0
pay_009440,cust_02366,7049.83,netbanking,SBI,expired_card,1,0,0,0.33,0
pay_009441,cust_02071,1297.35,card,KOTAK,bank_timeout,1,5,5,0.128,0
pay_009442,cust_02872,2384.4,card,AXIS,expired_card,2,12,9,0.514,0
pay_009443,cust_02749,1633.28,card,ICICI,network_error,2,10,10,0.216,1
pay_009444,cust_01667,2110.52,card,SBI,network_error,2,19,7,0.178,1
pay_009445,cust_01442,1126.16,upi,ICICI,gateway_timeout,0,19,1,0.215,1
pay_009446,cust_01068,1579.35,card,AXIS,bank_timeout,2,19,9,0.203,0
pay_009447,cust_00128,6091.01,card,HDFC,gateway_timeout,2,11,11,0.178,1
pay_009448,cust_02924,2002.08,netbanking,ICICI,bank_timeout,1,13,6,0.142,1
pay_009449,cust_00158,1921.54,upi,SBI,insufficient_funds,2,8,6,0.165,1
pay_009450,cust_00827,914.23,card,KOTAK,network_error,2,12,12,0.182,1
pay_009451,cust_01891,4327.72,upi,HDFC,bank_timeout,1,3,3,0.2,0
pay_009452,cust_02900,3560.19,card,ICICI,insufficient_funds,0,8,8,0.208,1
pay_009453,cust_00512,2001.81,card,ICICI,insufficient_funds,2,0,0,0.254,0
pay_009454,cust_02093,8274.21,upi,SBI,bank_timeout,2,7,5,0.204,1
pay_009455,cust_02267,1180.77,upi,HDFC,gateway_timeout,2,1,1,0.12,1
pay_009456,cust_00443,785.37,netbanking,HDFC,bank_timeout,2,12,12,0.141,0
pay_009457,cust_02363,1675.82,upi,HDFC,invalid_card,1,12,12,0.292,0
pay_009458,cust_02225,918.02,netbanking,ICICI,expired_card,1,0,0,0.084,0
pay_009459,cust_02276,2191.92,wallet,HDFC,bank_timeout,1,0,0,0.229,1
pay_009460,cust_01727,1917.08,upi,ICICI,card_blocked,2,5,5,0.077,0
pay_009461,cust_02007,4547.44,netbanking,ICICI,card_blocked,0,15,15,0.308,0
pay_009462,cust_01696,1255.67,upi,HDFC,temporary_bank_failure,2,16,7,0.391,0
pay_009463,cust_00267,2358.11,card,AXIS,bank_timeout,2,12,12,0.106,0
pay_009464,cust_02918,2096.84,card,KOTAK,bank_timeout,0,17,7,0.192,1
pay_009465,cust_00838,3519.33,card,KOTAK,account_closed,2,2,2,0.328,0
pay_009466,cust_00489,731.92,netbanking,AXIS,insufficient_funds,1,14,0,0.056,0
pay_009467,cust_00702,881.63,upi,HDFC,bank_timeout,1,1,1,0.024,0
pay_009468,cust_00687,1137.81,upi,ICICI,card_blocked,0,5,5,0.239,0
pay_009469,cust_00996,759.39,card,SBI,insufficient_funds,1,19,3,0.075,1
pay_009470,cust_00357,2950.89,upi,AXIS,expired_card,0,13,13,0.496,0
pay_009471,cust_00872,2973.56,card,KOTAK,account_closed,0,17,6,0.336,0
pay_009472,cust_01974,4331.42,netbanking,KOTAK,account_closed,2,3,0,0.52,0
pay_009473,cust_02252,1609.07,netbanking,ICICI,bank_timeout,1,7,4,0.071,0
pay_009474,cust_00552,1248.98,upi,KOTAK,insufficient_funds,0,1,1,0.319,0
pay_009475,cust_01811,847.48,card,KOTAK,expired_card,2,1,1,0.386,1
pay_009476,cust_00323,5129.94,card,ICICI,bank_timeout,0,16,6,0.276,0
pay_009477,cust_02642,1513.53,card,HDFC,network_error,1,3,3,0.25,1
pay_009478,cust_02229,1011.64,card,KOTAK,gateway_timeout,1,15,4,0.282,0
pay_009479,cust_02547,3295.59,netbanking,HDFC,account_closed,2,1,1,0.195,0
pay_009480,cust_00083,1378.33,card,SBI,account_closed,0,18,10,0.309,0
pay_009481,cust_02351,770.03,upi,HDFC,invalid_card,1,5,5,0.202,1
pay_009482,cust_00262,903.35,upi,ICICI,card_blocked,1,1,1,0.197,0
pay_009483,cust_00784,1943.83,card,ICICI,network_error,1,8,2,0.15,1
pay_009484,cust_01224,766.74,card,ICICI,insufficient_funds,1,5,5,0.318,0
pay_009485,cust_00914,1688.39,wallet,KOTAK,gateway_timeout,1,5,2,0.074,0
pay_009486,cust_02740,905.22,card,AXIS,expired_card,0,7,7,0.375,0
pay_009487,cust_00944,848.28,upi,KOTAK,account_closed,0,0,0,0.176,0
pay_009488,cust_02731,1223.71,card,HDFC,insufficient_funds,2,15,8,0.12,0
pay_009489,cust_01319,2053.76,netbanking,SBI,insufficient_funds,1,9,9,0.245,0
pay_009490,cust_01536,2334.6,card,SBI,insufficient_funds,2,18,7,0.136,0
pay_009491,cust_00689,3787.5,upi,SBI,invalid_card,0,17,17,0.325,1
pay_009492,cust_02444,966.38,upi,SBI,network_error,0,15,9,0.15,1
pay_009493,cust_01773,5503.87,card,AXIS,card_blocked,2,0,0,0.014,0
pay_009494,cust_00839,15942.78,card,SBI,bank_timeout,0,14,14,0.389,0
pay_009495,cust_00878,1292.12,netbanking,KOTAK,bank_timeout,1,15,1,0.327,1
pay_009496,cust_02871,439.77,card,SBI,temporary_bank_failure,1,10,2,0.274,1
pay_009497,cust_00049,448.87,upi,ICICI,expired_card,0,5,5,0.116,0
pay_009498,cust_02837,1215.06,upi,HDFC,card_blocked,1,13,13,0.181,0
pay_009499,cust_00293,1037.64,card,KOTAK,card_blocked,2,15,15,0.182,0
pay_009500,cust_01652,1815.49,card,AXIS,expired_card,0,3,1,0.213,0
pay_009501,cust_00536,2715.22,card,KOTAK,gateway_timeout,2,7,5,0.127,0
pay_009502,cust_00311,646.22,upi,ICICI,insufficient_funds,0,18,10,0.106,1
pay_009503,cust_00537,1576.21,upi,SBI,card_blocked,1,18,10,0.031,0
pay_009504,cust_01927,1206.18,netbanking,SBI,network_error,1,0,0,0.223,0
pay_009505,cust_02687,9213.64,upi,AXIS,insufficient_funds,1,2,2,0.215,1
pay_009506,cust_00234,598.68,netbanking,HDFC,expired_card,1,7,7,0.264,1
pay_009507,cust_01233,985.3,card,SBI,bank_timeout,2,12,12,0.168,1
pay_009508,cust_02653,1857.2,upi,AXIS,gateway_timeout,2,18,13,0.291,0
pay_009509,cust_02142,990.61,card,SBI,insufficient_funds,0,0,0,0.207,0
pay_009510,cust_02375,4476.03,card,KOTAK,account_closed,1,12,10,0.186,0
pay_009511,cust_02273,799.59,upi,AXIS,card_blocked,1,9,9,0.17,0
pay_009512,cust_00967,868.96,upi,AXIS,insufficient_funds,2,15,1,0.271,0
pay_009513,cust_00890,4795.72,card,AXIS,card_blocked,1,8,6,0.144,0
pay_009514,cust_02059,697.34,upi,SBI,bank_timeout,1,1,0,0.023,0
pay_009515,cust_00035,3525.13,card,AXIS,expired_card,1,7,4,0.135,0
pay_009516,cust_00447,1258.84,netbanking,KOTAK,gateway_timeout,2,2,2,0.118,0
pay_009517,cust_01764,1102.49,card,HDFC,invalid_card,2,19,10,0.035,0
pay_009518,cust_02489,1204.39,card,HDFC,account_closed,1,1,1,0.315,0
pay_009519,cust_02701,737.72,upi,ICICI,bank_timeout,2,3,3,0.498,0
pay_009520,cust_01559,3735.55,upi,KOTAK,card_blocked,1,15,8,0.176,0
pay_009521,cust_00595,2015.97,upi,KOTAK,bank_timeout,0,7,0,0.029,0
pay_009522,cust_02026,3687.74,upi,AXIS,invalid_card,1,14,14,0.064,0
pay_009523,cust_02277,4633.55,netbanking,ICICI,bank_timeout,1,15,5,0.401,0
pay_009524,cust_00344,2787.28,upi,KOTAK,account_closed,0,17,17,0.311,0
pay_009525,cust_01104,565.54,upi,KOTAK,network_error,1,9,9,0.213,0
pay_009526,cust_01420,832.62,upi,KOTAK,gateway_timeout,1,18,3,0.236,0
pay_009527,cust_01314,3571.46,netbanking,SBI,card_blocked,0,13,13,0.101,0
pay_009528,cust_01479,1890.13,card,KOTAK,invalid_card,1,18,11,0.382,1
pay_009529,cust_01152,3042.1,upi,SBI,invalid_card,0,13,8,0.078,1
pay_009530,cust_02957,1683.88,upi,KOTAK,invalid_card,0,2,2,0.162,1
pay_009531,cust_01922,1282.09,card,HDFC,insufficient_funds,1,13,13,0.104,1
pay_009532,cust_01383,3045.2,upi,SBI,card_blocked,1,1,1,0.257,0
pay_009533,cust_02575,453.98,card,SBI,account_closed,1,1,1,0.25,0
pay_009534,cust_02123,1399.98,card,AXIS,gateway_timeout,0,2,2,0.065,0
pay_009535,cust_01570,1906.8,netbanking,KOTAK,invalid_card,0,1,1,0.12,0
pay_009536,cust_01895,2136.56,card,ICICI,card_blocked,2,5,2,0.164,0
pay_009537,cust_02244,641.88,upi,ICICI,account_closed,0,3,3,0.361,0
pay_009538,cust_01867,663.49,card,ICICI,bank_timeout,2,0,0,0.29,0
pay_009539,cust_00029,1320.12,upi,ICICI,invalid_card,0,2,2,0.07,0
pay_009540,cust_00706,1719.5,card,HDFC,account_closed,1,15,15,0.28,0
pay_009541,cust_01021,6273.23,card,ICICI,temporary_bank_failure,1,14,6,0.266,1
pay_009542,cust_02064,895.71,netbanking,AXIS,card_blocked,1,10,10,0.085,0
pay_009543,cust_01447,1218.64,card,ICICI,gateway_timeout,2,18,13,0.312,1
pay_009544,cust_02853,6458.81,card,AXIS,gateway_timeout,1,3,3,0.213,0
pay_009545,cust_02988,4235.56,card,SBI,network_error,0,0,0,0.173,1
pay_009546,cust_01660,741.59,card,KOTAK,bank_timeout,1,1,1,0.143,1
pay_009547,cust_00967,3103.72,card,ICICI,insufficient_funds,1,9,2,0.126,0
pay_009548,cust_02277,3518.97,card,AXIS,insufficient_funds,0,2,2,0.121,0
pay_009549,cust_02763,2114.56,upi,AXIS,temporary_bank_failure,2,16,1,0.095,0
pay_009550,cust_00573,707.29,netbanking,KOTAK,insufficient_funds,1,11,6,0.061,0
pay_009551,cust_01607,1122.82,upi,SBI,gateway_timeout,2,1,1,0.218,0
pay_009552,cust_00615,1094.04,upi,ICICI,account_closed,2,12,0,0.283,0
pay_009553,cust_00326,2760.39,card,AXIS,card_blocked,1,3,3,0.268,0
pay_009554,cust_02923,1282.35,netbanking,ICICI,insufficient_funds,0,14,4,0.266,0
pay_009555,cust_00359,1462.88,card,HDFC,account_closed,2,16,12,0.331,0
pay_009556,cust_01811,1117.0,wallet,AXIS,account_closed,0,10,10,0.041,0
pay_009557,cust_02372,519.69,card,SBI,expired_card,2,0,0,0.061,0
pay_009558,cust_01722,14415.76,netbanking,KOTAK,network_error,1,1,1,0.396,0
pay_009559,cust_01350,2495.47,upi,AXIS,network_error,0,9,4,0.218,0
pay_009560,cust_00165,5870.0,card,HDFC,card_blocked,0,6,6,0.32,0
pay_009561,cust_01597,740.64,wallet,KOTAK,network_error,2,10,9,0.189,0
pay_009562,cust_01628,6093.46,card,SBI,network_error,0,18,18,0.391,0
pay_009563,cust_02846,1316.62,upi,ICICI,network_error,1,9,1,0.085,1
pay_009564,cust_02503,2763.41,netbanking,ICICI,insufficient_funds,0,1,1,0.01,1
pay_009565,cust_01177,3997.4,card,AXIS,expired_card,0,13,0,0.203,1
pay_009566,cust_01151,6055.7,card,KOTAK,expired_card,2,6,5,0.195,0
pay_009567,cust_00193,1742.19,upi,HDFC,network_error,0,12,12,0.044,1
pay_009568,cust_02675,809.59,upi,HDFC,bank_timeout,0,1,1,0.252,1
pay_009569,cust_02578,1786.8,netbanking,SBI,temporary_bank_failure,1,5,5,0.144,0
pay_009570,cust_00092,2901.08,upi,KOTAK,insufficient_funds,0,0,0,0.166,0
pay_009571,cust_00139,1177.67,card,KOTAK,insufficient_funds,1,10,10,0.311,1
pay_009572,cust_00481,1288.86,netbanking,ICICI,temporary_bank_failure,0,6,6,0.37,0
pay_009573,cust_02497,523.94,wallet,SBI,network_error,0,4,2,0.16,1
pay_009574,cust_01357,826.72,card,SBI,account_closed,1,17,10,0.035,0
pay_009575,cust_02917,2579.73,card,SBI,account_closed,0,19,4,0.173,0
pay_009576,cust_00340,3661.23,card,KOTAK,temporary_bank_failure,0,11,11,0.311,0
pay_009577,cust_01076,4365.14,netbanking,ICICI,insufficient_funds,2,17,2,0.181,0
pay_009578,cust_02514,11167.51,card,SBI,gateway_timeout,2,8,3,0.091,0
pay_009579,cust_02766,5946.34,netbanking,ICICI,bank_timeout,0,1,1,0.17,1
pay_009580,cust_00799,1601.0,wallet,SBI,card_blocked,1,17,3,0.291,0
pay_009581,cust_00475,855.3,card,KOTAK,bank_timeout,2,1,1,0.091,1
pay_009582,cust_02449,1473.04,upi,ICICI,network_error,0,1,1,0.081,1
pay_009583,cust_01463,1163.37,card,AXIS,temporary_bank_failure,2,13,4,0.1,1
pay_009584,cust_00605,2064.63,card,SBI,account_closed,0,6,2,0.21,0
pay_009585,cust_02980,3687.69,upi,KOTAK,invalid_card,1,0,0,0.348,0
pay_009586,cust_02970,2653.97,upi,ICICI,insufficient_funds,2,8,3,0.154,0
pay_009587,cust_00821,6378.98,upi,HDFC,expired_card,2,11,11,0.064,1
pay_009588,cust_02705,2481.01,wallet,KOTAK,temporary_bank_failure,0,0,0,0.062,1
pay_009589,cust_00598,651.66,card,KOTAK,card_blocked,1,0,0,0.427,0
pay_009590,cust_01533,1145.97,upi,HDFC,bank_timeout,1,8,8,0.105,0
pay_009591,cust_00514,2495.04,netbanking,HDFC,bank_timeout,1,15,15,0.296,0
pay_009592,cust_01527,2170.98,card,AXIS,card_blocked,0,16,3,0.066,0
pay_009593,cust_01878,5149.23,upi,AXIS,card_blocked,1,0,0,0.342,0
pay_009594,cust_01700,1818.25,upi,AXIS,insufficient_funds,1,4,4,0.419,0
pay_009595,cust_01030,1570.07,netbanking,KOTAK,insufficient_funds,0,15,15,0.254,1
pay_009596,cust_00500,513.28,card,KOTAK,account_closed,1,4,4,0.49,0
pay_009597,cust_01685,948.25,upi,KOTAK,account_closed,1,6,6,0.087,0
pay_009598,cust_00717,2314.66,wallet,AXIS,account_closed,2,19,10,0.211,0
pay_009599,cust_01142,2138.21,card,ICICI,gateway_timeout,1,16,10,0.314,0
pay_009600,cust_01509,2910.0,card,KOTAK,account_closed,2,5,0,0.091,0
pay_009601,cust_02649,2592.72,upi,KOTAK,bank_timeout,2,2,2,0.215,1
pay_009602,cust_00666,1651.28,card,KOTAK,insufficient_funds,2,6,6,0.415,0
pay_009603,cust_02516,811.31,upi,AXIS,network_error,2,13,3,0.079,0
pay_009604,cust_02209,1808.87,card,SBI,bank_timeout,1,16,16,0.485,0
pay_009605,cust_02318,1745.16,netbanking,AXIS,insufficient_funds,2,13,13,0.196,0
pay_009606,cust_01080,5417.87,netbanking,SBI,bank_timeout,2,19,5,0.182,1
pay_009607,cust_00228,5232.0,card,AXIS,bank_timeout,2,11,2,0.118,0
pay_009608,cust_02897,1232.72,card,ICICI,bank_timeout,1,8,8,0.106,1
pay_009609,cust_00149,1099.34,upi,ICICI,card_blocked,0,5,5,0.278,0
pay_009610,cust_01070,612.2,card,KOTAK,bank_timeout,2,1,1,0.298,1
pay_009611,cust_01168,1584.6,upi,AXIS,network_error,2,5,5,0.226,1
pay_009612,cust_00632,1237.23,card,SBI,expired_card,0,8,8,0.505,1
pay_009613,cust_01364,14557.5,card,SBI,account_closed,1,10,10,0.026,0
pay_009614,cust_00413,740.77,card,ICICI,insufficient_funds,2,0,0,0.185,0
pay_009615,cust_01756,1894.79,card,KOTAK,card_blocked,1,11,11,0.235,0
pay_009616,cust_00520,1081.08,card,SBI,temporary_bank_failure,2,4,4,0.282,0
pay_009617,cust_01368,1844.0,upi,AXIS,insufficient_funds,1,12,12,0.073,0
pay_009618,cust_02435,1384.76,upi,KOTAK,account_closed,1,14,2,0.196,0
pay_009619,cust_02323,3460.6,upi,AXIS,expired_card,2,12,1,0.172,0
pay_009620,cust_02401,2571.53,upi,AXIS,network_error,2,1,0,0.529,0
pay_009621,cust_01103,3369.27,card,ICICI,insufficient_funds,1,8,3,0.127,0
pay_009622,cust_00598,990.69,card,AXIS,card_blocked,2,7,6,0.129,0
pay_009623,cust_01660,4287.43,card,HDFC,account_closed,0,3,3,0.017,0
pay_009624,cust_01686,1229.84,upi,KOTAK,network_error,1,14,14,0.277,1
pay_009625,cust_02606,586.99,upi,HDFC,network_error,0,4,2,0.114,1
pay_009626,cust_02161,1563.2,upi,AXIS,account_closed,2,9,9,0.111,0
pay_009627,cust_02189,1979.68,upi,AXIS,network_error,0,8,8,0.254,1
pay_009628,cust_01925,665.28,card,ICICI,insufficient_funds,0,3,3,0.392,1
pay_009629,cust_00730,3636.86,netbanking,ICICI,network_error,1,0,0,0.041,0
pay_009630,cust_00589,944.89,netbanking,ICICI,bank_timeout,0,10,8,0.114,1
pay_009631,cust_02459,913.09,card,ICICI,account_closed,2,10,10,0.352,0
pay_009632,cust_00377,1807.98,upi,SBI,invalid_card,1,8,3,0.058,1
pay_009633,cust_01408,3589.77,upi,ICICI,insufficient_funds,2,4,4,0.08,0
pay_009634,cust_01870,683.58,upi,AXIS,network_error,2,18,5,0.258,1
pay_009635,cust_00751,3837.22,netbanking,AXIS,invalid_card,0,2,2,0.034,1
pay_009636,cust_00627,321.34,upi,KOTAK,temporary_bank_failure,2,7,7,0.167,0
pay_009637,cust_01630,2355.56,upi,HDFC,expired_card,0,15,7,0.285,1
pay_009638,cust_00995,732.34,upi,SBI,temporary_bank_failure,1,16,8,0.142,1
pay_009639,cust_01584,954.47,card,SBI,gateway_timeout,1,3,3,0.451,1
pay_009640,cust_00703,7261.27,card,KOTAK,insufficient_funds,0,14,14,0.322,1
pay_009641,cust_02510,820.14,card,KOTAK,invalid_card,1,12,1,0.177,0
pay_009642,cust_02060,1728.49,card,ICICI,account_closed,1,8,8,0.027,0
pay_009643,cust_01180,770.19,wallet,KOTAK,gateway_timeout,1,9,9,0.187,1
pay_009644,cust_00477,3345.43,card,SBI,network_error,1,1,1,0.119,1
pay_009645,cust_02987,2507.78,netbanking,HDFC,network_error,0,5,5,0.084,1
pay_009646,cust_00401,2806.92,netbanking,HDFC,temporary_bank_failure,0,19,11,0.103,1
pay_009647,cust_02856,4468.0,netbanking,SBI,invalid_card,2,4,4,0.167,0
pay_009648,cust_02225,1379.88,card,ICICI,temporary_bank_failure,2,16,16,0.447,1
pay_009649,cust_00057,4271.01,card,HDFC,bank_timeout,1,3,3,0.459,1
pay_009650,cust_01876,5954.63,card,HDFC,insufficient_funds,0,7,7,0.161,1
pay_009651,cust_00448,2270.05,wallet,ICICI,bank_timeout,0,0,0,0.086,1
pay_009652,cust_00203,746.18,netbanking,HDFC,account_closed,0,3,3,0.128,0
pay_009653,cust_01657,689.55,card,AXIS,expired_card,2,17,7,0.255,0
pay_009654,cust_00738,2575.55,card,SBI,network_error,1,12,3,0.247,1
pay_009655,cust_00202,745.8,upi,HDFC,insufficient_funds,0,17,3,0.124,0
pay_009656,cust_01354,617.26,card,HDFC,invalid_card,2,2,2,0.143,1
pay_009657,cust_02411,3666.5,netbanking,ICICI,card_blocked,0,17,15,0.115,0
pay_009658,cust_00892,1252.58,netbanking,HDFC,account_closed,0,9,7,0.15,0
pay_009659,cust_02502,12525.48,upi,ICICI,bank_timeout,2,18,5,0.056,0
pay_009660,cust_02404,1068.52,upi,SBI,bank_timeout,2,1,1,0.139,1
pay_009661,cust_00216,1214.53,upi,AXIS,insufficient_funds,0,13,12,0.054,0
pay_009662,cust_02603,2409.97,card,KOTAK,insufficient_funds,1,18,15,0.314,1
pay_009663,cust_02935,2129.52,netbanking,SBI,temporary_bank_failure,1,4,4,0.412,1
pay_009664,cust_00023,1690.28,netbanking,HDFC,card_blocked,2,15,8,0.046,0
pay_009665,cust_02203,1658.43,card,AXIS,invalid_card,0,9,1,0.21,0
pay_009666,cust_01210,24203.82,card,KOTAK,expired_card,2,4,4,0.169,1
pay_009667,cust_02297,6826.84,card,KOTAK,network_error,0,13,13,0.079,1
pay_009668,cust_00749,3550.41,netbanking,HDFC,temporary_bank_failure,0,6,6,0.116,0
pay_009669,cust_00805,678.35,card,KOTAK,insufficient_funds,0,9,9,0.145,0
pay_009670,cust_00134,1704.23,upi,KOTAK,invalid_card,2,10,10,0.164,1
pay_009671,cust_00321,3066.94,card,SBI,card_blocked,2,18,4,0.102,0
pay_009672,cust_02438,3289.78,netbanking,SBI,expired_card,2,10,1,0.293,0
pay_009673,cust_00434,5024.52,upi,KOTAK,gateway_timeout,2,2,2,0.145,1
pay_009674,cust_01046,1082.55,card,ICICI,expired_card,1,6,4,0.092,0
pay_009675,cust_00873,1753.15,card,HDFC,bank_timeout,0,13,0,0.088,0
pay_009676,cust_02906,988.3,card,ICICI,insufficient_funds,2,5,1,0.11,0
pay_009677,cust_02099,5259.53,upi,ICICI,account_closed,0,19,0,0.191,0
pay_009678,cust_02224,3162.32,upi,KOTAK,expired_card,1,12,10,0.316,1
pay_009679,cust_02918,1204.87,card,HDFC,bank_timeout,2,13,1,0.143,0
pay_009680,cust_00253,2164.41,upi,ICICI,expired_card,1,19,10,0.523,0
pay_009681,cust_00966,1882.3,card,SBI,expired_card,2,14,1,0.059,0
pay_009682,cust_00739,894.31,netbanking,SBI,insufficient_funds,0,17,6,0.253,0
pay_009683,cust_01130,3805.23,card,HDFC,account_closed,1,10,6,0.029,0
pay_009684,cust_01340,1922.88,netbanking,ICICI,network_error,1,9,6,0.384,1
pay_009685,cust_00302,1183.87,upi,AXIS,gateway_timeout,2,10,1,0.116,1
pay_009686,cust_02596,882.11,upi,AXIS,invalid_card,0,18,15,0.253,0
pay_009687,cust_01978,3582.0,card,HDFC,insufficient_funds,0,14,2,0.251,0
pay_009688,cust_02764,2240.63,card,HDFC,card_blocked,0,2,1,0.058,0
pay_009689,cust_02827,1037.2,upi,AXIS,bank_timeout,0,2,2,0.2,0
pay_009690,cust_02316,1214.07,upi,ICICI,network_error,2,0,0,0.161,1
pay_009691,cust_00551,1816.04,card,ICICI,network_error,1,14,5,0.148,1
pay_009692,cust_01479,1902.74,netbanking,KOTAK,card_blocked,2,12,4,0.044,0
pay_009693,cust_01316,2108.31,card,HDFC,account_closed,0,14,14,0.05,0
pay_009694,cust_01588,439.07,card,ICICI,bank_timeout,1,17,7,0.188,0
pay_009695,cust_01823,1990.88,upi,AXIS,temporary_bank_failure,1,17,12,0.032,0
pay_009696,cust_01825,681.76,netbanking,AXIS,bank_timeout,0,8,1,0.055,1
pay_009697,cust_01165,5626.28,card,SBI,expired_card,2,17,12,0.189,0
pay_009698,cust_00314,4164.46,upi,ICICI,temporary_bank_failure,2,10,10,0.099,0
pay_009699,cust_00184,4561.4,upi,KOTAK,network_error,0,17,5,0.364,1
pay_009700,cust_01688,252.87,wallet,KOTAK,insufficient_funds,1,5,1,0.185,1
pay_009701,cust_00713,1423.19,card,HDFC,invalid_card,1,16,16,0.339,1
pay_009702,cust_02176,1698.66,wallet,SBI,gateway_timeout,2,16,11,0.119,1
pay_009703,cust_01311,2864.06,card,AXIS,invalid_card,1,8,8,0.133,1
pay_009704,cust_02748,3717.1,card,AXIS,gateway_timeout,0,19,3,0.399,0
pay_009705,cust_02434,5052.81,card,HDFC,network_error,1,2,2,0.3,1
pay_009706,cust_00271,283.38,card,KOTAK,gateway_timeout,2,11,11,0.116,0
pay_009707,cust_01795,952.38,upi,KOTAK,insufficient_funds,2,2,2,0.116,0
pay_009708,cust_00811,1893.61,upi,AXIS,insufficient_funds,0,3,3,0.256,1
pay_009709,cust_02463,3510.8,card,HDFC,temporary_bank_failure,2,9,9,0.474,1
pay_009710,cust_00198,3433.89,card,ICICI,network_error,0,4,4,0.298,1
pay_009711,cust_01080,2643.67,card,SBI,card_blocked,1,19,10,0.189,0
pay_009712,cust_02879,1086.1,card,KOTAK,temporary_bank_failure,1,2,2,0.117,0
pay_009713,cust_01227,1202.5,card,KOTAK,expired_card,1,6,6,0.28,1
pay_009714,cust_01645,1092.74,card,KOTAK,temporary_bank_failure,0,1,1,0.359,1
pay_009715,cust_00628,824.81,card,ICICI,card_blocked,2,5,5,0.241,0
pay_009716,cust_00604,815.62,upi,ICICI,card_blocked,0,18,12,0.356,0
pay_009717,cust_01162,755.55,netbanking,SBI,account_closed,1,9,9,0.184,0
pay_009718,cust_01446,2365.54,card,KOTAK,insufficient_funds,1,7,3,0.085,0
pay_009719,cust_01081,1997.13,card,AXIS,insufficient_funds,1,15,2,0.224,0
pay_009720,cust_01586,861.41,upi,KOTAK,temporary_bank_failure,1,1,1,0.173,0
pay_009721,cust_02119,459.81,card,SBI,bank_timeout,1,15,15,0.079,0
pay_009722,cust_00911,1345.52,upi,SBI,bank_timeout,0,13,13,0.027,0
pay_009723,cust_00594,5907.89,netbanking,AXIS,insufficient_funds,1,12,1,0.393,1
pay_009724,cust_01396,1816.8,upi,ICICI,card_blocked,0,8,8,0.557,0
pay_009725,cust_00600,3429.13,upi,AXIS,network_error,0,8,3,0.297,1
pay_009726,cust_00514,2088.16,card,SBI,gateway_timeout,1,7,7,0.146,0
pay_009727,cust_01896,1725.88,card,AXIS,expired_card,1,6,6,0.107,1
pay_009728,cust_02132,556.44,upi,KOTAK,temporary_bank_failure,1,15,15,0.091,1
pay_009729,cust_01067,1305.91,netbanking,SBI,bank_timeout,0,5,5,0.179,1
pay_009730,cust_02887,1178.7,netbanking,ICICI,gateway_timeout,2,10,10,0.305,1
pay_009731,cust_01958,5913.39,card,ICICI,invalid_card,0,18,18,0.363,1
pay_009732,cust_02654,2093.47,card,AXIS,card_blocked,1,7,2,0.158,0
pay_009733,cust_00810,5024.24,card,AXIS,temporary_bank_failure,0,18,9,0.152,1
pay_009734,cust_02181,4455.78,card,AXIS,card_blocked,2,14,14,0.102,0
pay_009735,cust_01089,918.98,netbanking,KOTAK,account_closed,2,10,10,0.121,0
pay_009736,cust_00290,1809.72,card,ICICI,gateway_timeout,2,8,0,0.109,0
pay_009737,cust_02424,6959.78,card,SBI,bank_timeout,0,15,15,0.322,0
pay_009738,cust_00769,2837.12,netbanking,SBI,account_closed,2,12,4,0.111,0
pay_009739,cust_02515,2703.16,card,ICICI,temporary_bank_failure,2,9,0,0.062,0
pay_009740,cust_00471,3755.08,upi,AXIS,invalid_card,0,9,9,0.222,1
pay_009741,cust_02197,2655.28,card,HDFC,insufficient_funds,1,19,10,0.309,0
pay_009742,cust_00088,2799.19,card,AXIS,network_error,2,8,3,0.271,1
pay_009743,cust_02444,2302.36,card,ICICI,expired_card,0,1,1,0.225,0
pay_009744,cust_00790,1377.73,upi,KOTAK,invalid_card,2,0,0,0.116,0
pay_009745,cust_01665,775.51,upi,AXIS,insufficient_funds,0,7,7,0.115,0
pay_009746,cust_01310,409.3,upi,SBI,invalid_card,1,15,11,0.118,0
pay_009747,cust_00865,1389.22,upi,KOTAK,gateway_timeout,0,10,3,0.344,1
pay_009748,cust_01294,2563.9,netbanking,ICICI,card_blocked,0,8,8,0.221,0
pay_009749,cust_00024,2188.25,card,HDFC,network_error,2,18,8,0.248,1
pay_009750,cust_01887,3007.09,netbanking,AXIS,invalid_card,0,17,5,0.162,0
pay_009751,cust_00311,1634.62,card,KOTAK,invalid_card,1,6,6,0.098,0
pay_009752,cust_01485,15956.16,card,KOTAK,insufficient_funds,0,9,7,0.089,1
pay_009753,cust_01232,9152.71,card,SBI,temporary_bank_failure,0,5,5,0.079,1
pay_009754,cust_02712,536.96,card,AXIS,gateway_timeout,0,3,3,0.233,1
pay_009755,cust_02486,3057.05,netbanking,HDFC,insufficient_funds,1,0,0,0.084,0
pay_009756,cust_00706,3924.6,card,KOTAK,insufficient_funds,1,3,3,0.195,1
pay_009757,cust_01360,330.96,card,SBI,invalid_card,0,2,2,0.156,1
pay_009758,cust_00422,2066.28,upi,AXIS,temporary_bank_failure,0,2,2,0.449,1
pay_009759,cust_01774,2734.03,card,AXIS,bank_timeout,0,13,7,0.374,1
pay_009760,cust_02369,1799.93,netbanking,HDFC,insufficient_funds,2,4,4,0.097,1
pay_009761,cust_02635,2462.12,netbanking,SBI,network_error,1,0,0,0.209,0
pay_009762,cust_00947,1926.1,card,HDFC,insufficient_funds,0,10,2,0.091,0
pay_009763,cust_01187,3171.83,card,KOTAK,insufficient_funds,0,5,3,0.119,0
pay_009764,cust_01835,6239.62,card,ICICI,invalid_card,1,1,1,0.129,1
pay_009765,cust_01565,3349.16,upi,ICICI,insufficient_funds,2,12,12,0.287,0
pay_009766,cust_00849,4629.71,card,HDFC,gateway_timeout,0,0,0,0.356,0
pay_009767,cust_01590,775.93,upi,HDFC,bank_timeout,1,7,4,0.174,1
pay_009768,cust_01319,9153.93,upi,ICICI,bank_timeout,2,9,9,0.478,1
pay_009769,cust_02090,2326.08,card,KOTAK,expired_card,1,14,11,0.353,0
pay_009770,cust_01948,1322.85,card,HDFC,account_closed,1,2,2,0.394,0
pay_009771,cust_01309,2520.73,card,KOTAK,gateway_timeout,0,5,5,0.029,1
pay_009772,cust_02987,1169.48,upi,KOTAK,insufficient_funds,1,1,1,0.049,1
pay_009773,cust_00387,2019.2,card,SBI,insufficient_funds,0,19,9,0.511,0
pay_009774,cust_02036,2300.54,card,KOTAK,insufficient_funds,2,2,2,0.203,0
pay_009775,cust_01162,1044.21,card,AXIS,bank_timeout,0,8,2,0.021,1
pay_009776,cust_02026,2048.02,upi,ICICI,insufficient_funds,1,19,4,0.447,0
pay_009777,cust_02958,1031.99,card,ICICI,bank_timeout,1,4,4,0.093,0
pay_009778,cust_00716,1026.68,wallet,HDFC,insufficient_funds,1,5,5,0.124,0
pay_009779,cust_02479,805.32,upi,HDFC,invalid_card,0,9,9,0.213,0
pay_009780,cust_02602,1340.82,upi,SBI,bank_timeout,2,8,8,0.301,0
pay_009781,cust_02848,1163.8,netbanking,SBI,gateway_timeout,2,0,0,0.057,1
pay_009782,cust_00426,2641.5,upi,AXIS,invalid_card,1,15,0,0.201,0
pay_009783,cust_01440,4346.14,upi,HDFC,insufficient_funds,0,5,5,0.271,0
pay_009784,cust_02074,3070.73,card,ICICI,network_error,1,15,5,0.267,0
pay_009785,cust_00385,3936.31,upi,AXIS,expired_card,0,19,1,0.087,1
pay_009786,cust_00056,3679.51,card,HDFC,invalid_card,2,19,15,0.174,0
pay_009787,cust_02682,861.47,card,AXIS,temporary_bank_failure,0,2,2,0.3,1
pay_009788,cust_00106,1384.02,card,KOTAK,temporary_bank_failure,0,13,13,0.27,1
pay_009789,cust_02897,7506.52,upi,KOTAK,insufficient_funds,1,7,7,0.226,1
pay_009790,cust_00670,1169.45,upi,AXIS,temporary_bank_failure,0,19,8,0.233,1
pay_009791,cust_00376,7967.33,upi,HDFC,account_closed,2,13,10,0.057,0
pay_009792,cust_00743,1294.96,upi,KOTAK,invalid_card,2,14,14,0.207,0
pay_009793,cust_00967,351.41,card,KOTAK,temporary_bank_failure,2,9,9,0.174,0
pay_009794,cust_00308,1483.52,card,AXIS,insufficient_funds,1,16,11,0.132,0
pay_009795,cust_02139,3559.07,card,KOTAK,account_closed,0,7,7,0.238,0
pay_009796,cust_00802,6841.49,card,ICICI,bank_timeout,0,18,4,0.191,0
pay_009797,cust_00110,554.28,upi,KOTAK,invalid_card,1,3,3,0.247,1
pay_009798,cust_01665,3507.34,upi,AXIS,temporary_bank_failure,2,9,7,0.128,0
pay_009799,cust_02633,3694.2,card,KOTAK,bank_timeout,2,3,0,0.178,1
pay_009800,cust_00340,5121.09,netbanking,KOTAK,bank_timeout,1,19,1,0.355,0
pay_009801,cust_01589,213.37,netbanking,SBI,temporary_bank_failure,1,3,0,0.127,1
pay_009802,cust_00979,6805.35,card,AXIS,insufficient_funds,2,9,9,0.188,0
pay_009803,cust_02404,2572.73,upi,AXIS,account_closed,2,2,2,0.045,0
pay_009804,cust_01916,2609.51,card,SBI,temporary_bank_failure,0,17,0,0.238,0
pay_009805,cust_00168,4151.39,upi,SBI,network_error,2,13,2,0.112,0
pay_009806,cust_00557,363.63,card,ICICI,insufficient_funds,2,19,15,0.14,0
pay_009807,cust_00905,4072.45,upi,KOTAK,network_error,0,13,10,0.194,0
pay_009808,cust_00105,12087.58,card,HDFC,temporary_bank_failure,1,19,6,0.141,0
pay_009809,cust_02048,604.91,netbanking,HDFC,card_blocked,0,13,13,0.211,0
pay_009810,cust_02198,1717.26,upi,SBI,insufficient_funds,0,6,6,0.191,1
pay_009811,cust_00146,1863.05,card,AXIS,invalid_card,2,8,5,0.059,0
pay_009812,cust_02764,2404.66,upi,AXIS,network_error,1,1,1,0.051,1
pay_009813,cust_00874,2542.32,upi,ICICI,insufficient_funds,2,19,5,0.402,0
pay_009814,cust_00299,1056.59,upi,HDFC,insufficient_funds,1,2,1,0.095,1
pay_009815,cust_01737,1866.76,wallet,AXIS,account_closed,0,11,0,0.358,0
pay_009816,cust_00646,7297.05,netbanking,ICICI,bank_timeout,1,18,6,0.252,1
pay_009817,cust_02771,2502.19,upi,ICICI,account_closed,2,15,15,0.291,0
pay_009818,cust_00638,2427.46,card,SBI,bank_timeout,1,6,6,0.132,1
pay_009819,cust_02287,1020.82,card,HDFC,card_blocked,1,11,3,0.594,0
pay_009820,cust_02512,5278.05,wallet,ICICI,bank_timeout,1,9,9,0.338,1
pay_009821,cust_02501,1520.0,netbanking,ICICI,insufficient_funds,2,2,2,0.026,1
pay_009822,cust_00784,350.69,card,ICICI,bank_timeout,0,7,7,0.41,0
pay_009823,cust_00897,2530.47,upi,HDFC,gateway_timeout,0,6,6,0.066,1
pay_009824,cust_00371,3182.9,upi,SBI,temporary_bank_failure,1,8,3,0.174,1
pay_009825,cust_00487,1423.62,upi,KOTAK,gateway_timeout,1,18,0,0.029,1
pay_009826,cust_02038,303.17,netbanking,AXIS,insufficient_funds,1,4,4,0.381,0
pay_009827,cust_02213,740.29,card,HDFC,insufficient_funds,0,8,8,0.289,0
pay_009828,cust_01361,1648.96,netbanking,HDFC,bank_timeout,2,15,6,0.273,0
pay_009829,cust_00192,1323.0,card,HDFC,account_closed,1,19,15,0.399,0
pay_009830,cust_00730,2574.31,upi,KOTAK,bank_timeout,1,8,8,0.15,1
pay_009831,cust_02262,2902.54,card,AXIS,card_blocked,1,11,11,0.244,0
pay_009832,cust_02622,1275.82,upi,AXIS,account_closed,0,19,0,0.218,0
pay_009833,cust_00957,590.41,upi,ICICI,insufficient_funds,0,14,14,0.29,1
pay_009834,cust_00381,5782.37,upi,ICICI,network_error,2,17,17,0.401,0
pay_009835,cust_02721,2831.22,upi,SBI,bank_timeout,1,8,6,0.293,1
pay_009836,cust_00798,3093.69,upi,HDFC,expired_card,1,2,2,0.144,1
pay_009837,cust_00239,2458.52,card,SBI,network_error,0,10,10,0.137,0
pay_009838,cust_02748,4350.02,netbanking,HDFC,invalid_card,0,5,1,0.482,0
pay_009839,cust_01106,1332.91,card,AXIS,account_closed,1,8,8,0.211,0
pay_009840,cust_01387,3507.51,upi,SBI,card_blocked,1,2,1,0.306,0
pay_009841,cust_02553,3086.52,card,AXIS,insufficient_funds,1,8,8,0.206,1
pay_009842,cust_02250,3005.91,card,ICICI,card_blocked,0,2,1,0.605,0
pay_009843,cust_02968,695.27,card,AXIS,bank_timeout,1,18,14,0.013,0
pay_009844,cust_01528,2020.9,netbanking,KOTAK,account_closed,2,3,3,0.098,0
pay_009845,cust_01668,2464.25,card,SBI,temporary_bank_failure,0,12,12,0.19,1
pay_009846,cust_00037,7503.98,card,HDFC,temporary_bank_failure,2,16,10,0.091,1
pay_009847,cust_02692,1958.39,upi,AXIS,network_error,2,1,1,0.376,0
pay_009848,cust_01997,4296.58,card,SBI,network_error,0,15,8,0.021,0
pay_009849,cust_01426,550.5,netbanking,HDFC,gateway_timeout,1,0,0,0.1,1
pay_009850,cust_02813,1019.21,netbanking,SBI,card_blocked,2,2,2,0.126,0
pay_009851,cust_02754,2569.02,upi,SBI,temporary_bank_failure,1,15,15,0.222,0
pay_009852,cust_02593,2551.18,card,KOTAK,insufficient_funds,2,5,3,0.047,0
pay_009853,cust_01491,1019.05,card,AXIS,network_error,0,7,4,0.42,0
pay_009854,cust_01225,3883.93,card,KOTAK,temporary_bank_failure,1,4,1,0.294,0
pay_009855,cust_02588,1581.27,card,ICICI,bank_timeout,2,7,7,0.106,0
pay_009856,cust_02023,1552.09,card,SBI,card_blocked,2,0,0,0.137,0
pay_009857,cust_02442,1698.1,netbanking,AXIS,insufficient_funds,0,18,14,0.279,0
pay_009858,cust_00833,5275.88,upi,ICICI,invalid_card,2,1,1,0.063,1
pay_009859,cust_00597,4320.66,card,ICICI,insufficient_funds,0,5,5,0.18,1
pay_009860,cust_02441,8156.01,card,KOTAK,invalid_card,2,5,5,0.069,0
pay_009861,cust_00700,2808.43,upi,ICICI,insufficient_funds,1,19,0,0.039,1
pay_009862,cust_01647,8473.74,card,HDFC,expired_card,0,19,17,0.266,0
pay_009863,cust_02019,2187.44,netbanking,HDFC,expired_card,2,8,8,0.279,1
pay_009864,cust_00441,1634.11,card,HDFC,insufficient_funds,2,0,0,0.069,0
pay_009865,cust_01861,1273.46,netbanking,ICICI,network_error,1,1,1,0.236,1
pay_009866,cust_01641,1570.32,upi,SBI,network_error,2,19,7,0.031,0
pay_009867,cust_01530,1633.14,wallet,AXIS,account_closed,0,18,8,0.318,0
pay_009868,cust_02966,1044.68,card,HDFC,bank_timeout,2,15,0,0.312,0
pay_009869,cust_02368,1127.2,card,HDFC,insufficient_funds,2,8,8,0.188,0
pay_009870,cust_02601,2939.63,upi,HDFC,insufficient_funds,1,4,4,0.12,0
pay_009871,cust_01095,1223.55,netbanking,KOTAK,invalid_card,1,19,11,0.376,1
pay_009872,cust_00568,463.91,upi,KOTAK,bank_timeout,2,10,10,0.097,0
pay_009873,cust_02967,445.41,upi,HDFC,expired_card,1,19,7,0.25,0
pay_009874,cust_00236,337.68,card,HDFC,insufficient_funds,2,13,3,0.08,1
pay_009875,cust_01305,581.73,card,KOTAK,expired_card,2,12,4,0.124,0
pay_009876,cust_01186,692.32,card,AXIS,insufficient_funds,0,2,2,0.12,1
pay_009877,cust_01033,829.47,upi,SBI,insufficient_funds,2,1,1,0.198,0
pay_009878,cust_02108,2272.93,card,AXIS,card_blocked,0,15,14,0.219,0
pay_009879,cust_02941,653.54,card,SBI,temporary_bank_failure,0,10,10,0.056,1
pay_009880,cust_01841,866.5,upi,ICICI,network_error,2,2,2,0.189,0
pay_009881,cust_00225,417.61,netbanking,ICICI,invalid_card,1,14,6,0.279,0
pay_009882,cust_01843,1066.01,upi,AXIS,bank_timeout,2,2,2,0.142,0
pay_009883,cust_02748,3226.36,upi,KOTAK,expired_card,2,18,1,0.326,0
pay_009884,cust_00582,1774.55,wallet,HDFC,insufficient_funds,1,3,3,0.196,0
pay_009885,cust_00169,1930.61,card,ICICI,bank_timeout,1,4,4,0.092,1
pay_009886,cust_01466,1805.22,card,KOTAK,network_error,0,8,8,0.224,0
pay_009887,cust_00014,646.87,upi,KOTAK,insufficient_funds,2,6,6,0.347,0
pay_009888,cust_02212,1303.74,card,SBI,temporary_bank_failure,1,12,9,0.343,0
pay_009889,cust_01444,2157.66,card,ICICI,gateway_timeout,1,17,2,0.421,0
pay_009890,cust_02805,3927.06,card,AXIS,insufficient_funds,0,14,3,0.321,1
pay_009891,cust_01871,2418.45,upi,KOTAK,invalid_card,2,11,1,0.498,0
pay_009892,cust_01544,3657.33,card,AXIS,network_error,1,9,6,0.065,1
pay_009893,cust_01690,758.25,card,AXIS,temporary_bank_failure,0,16,0,0.244,0
pay_009894,cust_01572,543.12,card,ICICI,expired_card,0,5,5,0.261,1
pay_009895,cust_01052,445.0,card,AXIS,insufficient_funds,0,10,4,0.164,0
pay_009896,cust_01732,3476.05,netbanking,AXIS,invalid_card,0,2,2,0.469,0
pay_009897,cust_00446,571.49,wallet,HDFC,expired_card,2,5,2,0.376,1
pay_009898,cust_00716,4227.49,netbanking,AXIS,temporary_bank_failure,2,19,10,0.317,1
pay_009899,cust_00819,1265.49,wallet,HDFC,insufficient_funds,1,11,11,0.257,1
pay_009900,cust_02152,6870.61,card,ICICI,account_closed,1,2,2,0.206,0
pay_009901,cust_02790,1262.82,netbanking,AXIS,network_error,1,1,1,0.106,1
pay_009902,cust_00426,1319.44,card,KOTAK,gateway_timeout,1,2,2,0.04,0
pay_009903,cust_01125,1907.55,upi,AXIS,account_closed,1,12,11,0.057,0
pay_009904,cust_01565,1297.64,card,HDFC,temporary_bank_failure,0,19,9,0.34,0
pay_009905,cust_02687,2526.15,netbanking,KOTAK,gateway_timeout,2,8,8,0.042,0
pay_009906,cust_00850,783.85,card,ICICI,temporary_bank_failure,0,16,0,0.368,0
pay_009907,cust_01546,2098.69,card,SBI,account_closed,2,13,9,0.113,0
pay_009908,cust_01130,991.6,netbanking,SBI,expired_card,0,19,5,0.27,0
pay_009909,cust_01703,1533.9,upi,HDFC,network_error,0,7,7,0.399,1
pay_009910,cust_02002,601.76,upi,ICICI,invalid_card,1,3,3,0.297,0
pay_009911,cust_02817,3633.08,upi,ICICI,bank_timeout,2,0,0,0.172,1
pay_009912,cust_00277,1360.12,card,AXIS,gateway_timeout,2,9,9,0.393,0
pay_009913,cust_01807,3762.58,upi,SBI,account_closed,2,12,1,0.121,0
pay_009914,cust_02948,1002.68,card,AXIS,expired_card,1,1,1,0.214,0
pay_009915,cust_02236,1794.98,netbanking,ICICI,invalid_card,1,4,4,0.307,1
pay_009916,cust_01940,3792.39,upi,HDFC,card_blocked,1,5,5,0.103,0
pay_009917,cust_02153,706.0,netbanking,HDFC,invalid_card,1,0,0,0.071,0
pay_009918,cust_00546,892.6,upi,KOTAK,bank_timeout,0,4,4,0.218,1
pay_009919,cust_02428,3458.04,card,HDFC,network_error,2,14,4,0.034,0
pay_009920,cust_00110,5313.19,upi,SBI,insufficient_funds,1,7,7,0.398,1
pay_009921,cust_00545,1831.64,card,KOTAK,bank_timeout,1,17,15,0.206,1
pay_009922,cust_02402,832.43,card,SBI,insufficient_funds,1,17,12,0.297,0
pay_009923,cust_00743,1402.0,netbanking,AXIS,expired_card,1,3,3,0.429,0
pay_009924,cust_02365,8740.72,card,AXIS,expired_card,2,19,4,0.243,0
pay_009925,cust_01290,622.13,upi,HDFC,insufficient_funds,0,19,14,0.194,1
pay_009926,cust_01876,2758.35,card,KOTAK,insufficient_funds,0,6,6,0.135,0
pay_009927,cust_01089,1999.03,card,SBI,account_closed,1,7,7,0.038,0
pay_009928,cust_00333,716.87,upi,SBI,invalid_card,0,19,7,0.168,1
pay_009929,cust_01537,1406.66,netbanking,ICICI,insufficient_funds,1,12,9,0.072,1
pay_009930,cust_01157,426.81,upi,HDFC,bank_timeout,1,3,3,0.106,1
pay_009931,cust_00592,2276.91,card,AXIS,expired_card,2,17,9,0.022,0
pay_009932,cust_00783,2556.55,card,ICICI,insufficient_funds,0,12,12,0.418,0
pay_009933,cust_00540,606.11,netbanking,AXIS,expired_card,0,13,6,0.285,1
pay_009934,cust_02783,2822.29,upi,AXIS,temporary_bank_failure,1,8,8,0.138,0
pay_009935,cust_01559,1061.98,wallet,SBI,invalid_card,2,11,4,0.148,0
pay_009936,cust_01520,987.76,card,AXIS,gateway_timeout,1,8,8,0.12,1
pay_009937,cust_02669,828.59,netbanking,KOTAK,account_closed,2,0,0,0.365,0
pay_009938,cust_00619,3069.59,netbanking,AXIS,bank_timeout,0,8,8,0.126,0
pay_009939,cust_02957,473.87,netbanking,KOTAK,insufficient_funds,2,6,5,0.179,0
pay_009940,cust_01834,507.0,card,AXIS,network_error,0,0,0,0.297,0
pay_009941,cust_00992,1125.83,upi,ICICI,insufficient_funds,0,1,1,0.405,1
pay_009942,cust_02147,1157.4,upi,SBI,temporary_bank_failure,0,17,16,0.558,1
pay_009943,cust_02365,2984.81,upi,ICICI,invalid_card,1,7,7,0.015,1
pay_009944,cust_02171,1680.91,upi,SBI,network_error,1,0,0,0.246,0
pay_009945,cust_02847,1683.21,upi,ICICI,insufficient_funds,2,2,2,0.116,1
pay_009946,cust_01617,494.8,wallet,HDFC,gateway_timeout,1,0,0,0.369,1
pay_009947,cust_01519,1503.73,upi,AXIS,insufficient_funds,1,19,10,0.336,0
pay_009948,cust_02505,263.41,upi,AXIS,expired_card,2,2,2,0.032,0
pay_009949,cust_00522,2186.3,upi,HDFC,temporary_bank_failure,0,7,7,0.433,1
pay_009950,cust_02568,3108.31,upi,HDFC,temporary_bank_failure,2,11,2,0.22,0
pay_009951,cust_00917,969.11,card,KOTAK,bank_timeout,1,6,6,0.303,1
pay_009952,cust_00717,2441.26,card,ICICI,insufficient_funds,0,19,5,0.045,0
pay_009953,cust_02363,1272.53,upi,AXIS,gateway_timeout,2,0,0,0.091,1
pay_009954,cust_02757,4844.95,card,KOTAK,account_closed,0,2,1,0.142,0
pay_009955,cust_02758,2169.84,upi,AXIS,gateway_timeout,1,11,6,0.374,0
pay_009956,cust_01937,787.68,netbanking,HDFC,card_blocked,1,7,5,0.097,0
pay_009957,cust_00560,4613.67,upi,KOTAK,network_error,2,8,0,0.36,0
pay_009958,cust_00969,3503.84,netbanking,KOTAK,network_error,0,14,9,0.205,1
pay_009959,cust_02404,1300.22,upi,KOTAK,gateway_timeout,1,10,10,0.188,1
pay_009960,cust_01078,2687.62,card,ICICI,network_error,0,5,0,0.155,0
pay_009961,cust_00890,2653.47,card,KOTAK,card_blocked,2,4,4,0.234,0
pay_009962,cust_00793,1286.29,netbanking,AXIS,expired_card,2,4,2,0.315,0
pay_009963,cust_02313,1905.53,wallet,ICICI,bank_timeout,2,15,8,0.318,1
pay_009964,cust_00982,2198.69,card,AXIS,insufficient_funds,1,14,6,0.018,0
pay_009965,cust_00802,1053.1,card,KOTAK,invalid_card,1,10,7,0.103,0
pay_009966,cust_00043,5309.41,card,KOTAK,bank_timeout,1,19,6,0.195,1
pay_009967,cust_01610,371.75,upi,AXIS,insufficient_funds,1,16,9,0.468,0
pay_009968,cust_02910,3107.43,upi,SBI,gateway_timeout,2,18,14,0.045,1
pay_009969,cust_01778,682.19,upi,KOTAK,insufficient_funds,1,16,16,0.363,1
pay_009970,cust_00350,1487.98,netbanking,KOTAK,network_error,1,14,1,0.335,1
pay_009971,cust_01568,503.43,upi,ICICI,expired_card,1,12,12,0.296,1
pay_009972,cust_01130,629.41,card,AXIS,expired_card,2,17,9,0.09,0
pay_009973,cust_02960,1686.37,card,KOTAK,insufficient_funds,2,15,3,0.317,0
pay_009974,cust_02049,1916.38,netbanking,AXIS,card_blocked,1,19,14,0.408,0
pay_009975,cust_01781,4221.05,upi,ICICI,account_closed,0,0,0,0.211,0
pay_009976,cust_00584,1313.88,card,AXIS,bank_timeout,0,19,2,0.343,1
pay_009977,cust_00432,2960.53,card,AXIS,temporary_bank_failure,1,12,11,0.308,1
pay_009978,cust_01933,1793.26,upi,ICICI,temporary_bank_failure,1,3,0,0.373,0
pay_009979,cust_02101,2870.79,card,KOTAK,bank_timeout,1,11,8,0.051,1
pay_009980,cust_02988,754.8,upi,AXIS,insufficient_funds,2,14,8,0.303,0
pay_009981,cust_02568,1941.17,upi,SBI,bank_timeout,0,19,5,0.251,1
pay_009982,cust_01349,2437.13,card,KOTAK,expired_card,2,11,2,0.101,1
pay_009983,cust_02195,1215.24,upi,ICICI,bank_timeout,0,18,8,0.012,0
pay_009984,cust_02031,2452.22,card,HDFC,bank_timeout,2,18,13,0.186,0
pay_009985,cust_01190,2645.89,card,SBI,account_closed,2,14,14,0.158,0
pay_009986,cust_01163,1194.8,card,KOTAK,network_error,1,4,4,0.34,1
pay_009987,cust_02677,3362.17,upi,ICICI,bank_timeout,1,10,10,0.17,0
pay_009988,cust_00299,286.48,upi,SBI,gateway_timeout,1,17,10,0.398,1
pay_009989,cust_01940,390.61,card,KOTAK,bank_timeout,2,9,9,0.131,1
pay_009990,cust_00789,790.47,netbanking,HDFC,invalid_card,1,12,12,0.325,1
pay_009991,cust_00850,2264.43,card,KOTAK,insufficient_funds,2,18,16,0.308,0
pay_009992,cust_02226,988.34,upi,HDFC,insufficient_funds,2,19,13,0.218,1
pay_009993,cust_02890,620.05,upi,HDFC,invalid_card,1,14,14,0.084,0
pay_009994,cust_01378,1684.35,upi,AXIS,invalid_card,1,17,17,0.379,1
pay_009995,cust_01178,1959.21,card,ICICI,bank_timeout,2,7,7,0.311,0
pay_009996,cust_01950,1086.53,card,AXIS,temporary_bank_failure,0,2,2,0.428,1
pay_009997,cust_00878,700.94,upi,HDFC,network_error,0,10,0,0.043,1
pay_009998,cust_01139,1818.34,card,ICICI,bank_timeout,2,4,4,0.431,0
pay_009999,cust_01578,3415.06,netbanking,ICICI,insufficient_funds,1,11,5,0.336,0
